Video_ID,Channel_Name,Title,Content_Category,Published_Date,Upload_Hour,Duration_Seconds,Has_Captions,Tags_Count,Views,Likes,Comments,Channel_Subscribers,Age_in_Days,Engagement_Rate_%,Views_Per_Day,Viral_Multiplier,Publish_Month,Publish_Day_OfWeek,Clean_Title,Content_Medium,Performance_Tier,Upload_Time_Bucket,Engagement_Momentum,Viral_Probability_Score,Duration_Minutes,Views_Per_Minute,Tag_Impact_Ratio,Log_Views,Log_Subscribers,Clean_Tier
HDv_k2Ma3ec,Project IAS,Rich Background 🤑 UPSC Interview | Mock Test,General Education,2025-01-27,12,49,False,7,47555769,1396988,1782,276000,576,2.94,82562.1,172.3,January,Monday,Rich Background  UPSC Interview | Mock Test,Mixed / General,Mega Viral (Top 5%),Afternoon (12PM - 5PM),5.893892705215218,16.470543230268838,0.8166666666666667,58231553.87755102,6793681.285714285,17.677413685545478,12.52815976788113,Mega Viral (Top 5%)
5lk8IRDsnOs,Superclever,Luca(faster) #superclever #abacus #franchise #math #school #mentalarithmetic #education #abacusmath,O/L Content,2024-01-10,12,24,False,0,73378657,1610049,5373,1990000,959,2.2,76515.81,36.87,January,Wednesday,Lucafaster superclever abacus franchise math school mentalarithmetic education abacusmath,Mixed / General,Mega Viral (Top 5%),Afternoon (12PM - 5PM),4.424941982789355,14.852651231841566,0.4,183446642.5,73378657.0,18.111143688362226,14.503645699213111,Mega Viral (Top 5%)
TOm9aeCWsSI,Your Math Bestie,How this math genius solved this problem,General Education,2024-04-15,20,33,False,0,53599190,1559472,12716,262000,863,2.93,62107.98,204.58,April,Monday,How this math genius solved this problem,Mixed / General,Mega Viral (Top 5%),Prime Time (5PM - 10PM),5.937634505297561,16.35758893781282,0.55,97453072.72727272,53599190.0,17.797044532643543,12.476103599529843,Mega Viral (Top 5%)
avuns6atjY8,Life is karma,Lee Kuan 's Timeless Advice to a Pretty Girl 😅 #love #education #motivation,Motivation & Tips,2025-04-27,13,46,False,0,28772792,326657,5659,417000,486,1.15,59203.28,69.0,April,Sunday,Lee Kuan s Timeless Advice to a Pretty Girl  love education motivation,Mixed / General,Mega Viral (Top 5%),Afternoon (12PM - 5PM),2.368935903057305,15.222838974136373,0.7666666666666667,37529728.69565217,28772792.0,17.174940811107714,12.940843898859598,Mega Viral (Top 5%)
IYbEl3XpMuo,Chemteacherphil,Hydrophobic Club Moss Spores,General Education,2022-11-12,19,31,False,0,80570637,2431671,15301,1430000,1383,3.04,58257.87,56.34,November,Saturday,Hydrophobic Club Moss Spores,Mixed / General,Mega Viral (Top 5%),Prime Time (5PM - 10PM),6.131076014702478,15.004039536715299,0.5166666666666667,155943168.38709676,80570637.0,18.204644848302145,14.173185701536545,Mega Viral (Top 5%)
TsSrCcpkJ9k,Sanchana Shaju,Result reaction😱Tamilnadu 12th board exam results#tnexams #result,General Education,2025-05-08,8,51,False,0,24713119,411078,1248,23300,475,1.67,52027.62,1060.65,May,Thursday,Result reactionTamilnadu 12th board exam resultstnexams result,Tamil Medium,Mega Viral (Top 5%),Morning (5AM - 12PM),3.3520495733460436,17.826167235237296,0.85,29074257.647058826,24713119.0,17.022844834664255,10.056251557087757,Mega Viral (Top 5%)
MhnW3ZV2eO0,Daham Sithuwili (දහම් සිතුවිලි),🥹මේ කුණු ගොඩ සුද්ද වෙන තුරු සක්විති රජෙක් පහළ වෙන්නේ නෑ🙏 #viral #srilanka #youtubeshorts #බුදුදහම,A/L Content,2026-08-21,13,32,False,4,246716,15570,280,14100,5,6.42,49343.2,17.5,August,Friday,           viral srilanka youtubeshorts ,Mixed / General,Above Average,Afternoon (12PM - 5PM),13.189254041083675,13.66875728307915,0.5333333333333333,462592.5,61679.0,12.4159972097501,9.55400099583723,Above Average
ghTgjGfG2KU,Mathematics Lab,She Broke The Record || #maths #competition || 😲😲😲🤯🤯🤯,General Education,2024-10-21,10,33,False,16,30088495,896644,13421,53300,674,3.02,44641.68,564.51,October,Monday,She Broke The Record || maths competition || ,Mixed / General,Mega Viral (Top 5%),Morning (5AM - 12PM),6.183070971146945,17.042381368661776,0.55,54706354.54545454,1880530.9375,17.219653463973835,10.883710371704016,Mega Viral (Top 5%)
dsP3XwLCbY4,Gohar Khan,Old School Computers,O/L Content,2024-04-24,7,35,False,0,34556335,1350918,4438,7810000,854,3.92,40464.09,4.42,April,Wednesday,Old School Computers,Mixed / General,Mega Viral (Top 5%),Morning (5AM - 12PM),7.882855632693688,12.094315480418198,0.5833333333333334,59239431.428571425,34556335.0,17.35810147776125,15.870915649856833,Mega Viral (Top 5%)
Ul9cjg4C_DM,G - CHAMP ABACUS PADEGAON,G champ abacus 🧮 average visualization,General Education,2025-02-22,4,13,False,0,20972367,285488,562,18800,550,1.36,38131.58,1115.55,February,Saturday,G champ abacus  average visualization,Mixed / General,Mega Viral (Top 5%),Night / Late (10PM - 5AM),2.735914358164722,17.565900948507664,0.21666666666666667,96795540.0,20972367.0,16.85871631972641,9.841665338892785,Mega Viral (Top 5%)
rKGG-02ZrXM,Saksham Skills Development Academy,Abacus - the whole-brain development programme #maths #education #kids #best #study #skills #shorts,Motivation & Tips,2023-08-21,0,17,False,1,36398543,573035,0,384000,1101,1.57,33059.53,94.79,August,Monday,Abacus  the wholebrain development programme maths education kids best study skills shorts,Mixed / General,Mega Viral (Top 5%),Night / Late (10PM - 5AM),3.1486699893454526,14.95772939227322,0.2833333333333333,128465445.88235295,36398543.0,17.41003933180695,12.85840043573314,Mega Viral (Top 5%)
knTAXh7yTVE,TIKTOKTAMIL360,Exam Result...😅 @tiktoktamil360 #shorts #exam #result #trending,General Education,2025-04-24,9,19,False,0,15511336,137968,0,2330000,489,0.89,31720.52,6.66,April,Thursday,Exam Result tiktoktamil360 shorts exam result trending,Tamil Medium,Mega Viral (Top 5%),Morning (5AM - 12PM),1.7789312281031113,12.260843287131824,0.31666666666666665,48983166.315789476,15511336.0,16.557081733887536,14.66137925472634,Mega Viral (Top 5%)
68kyLxIql30,English Speeches,I ate one meal a day | Samantha Ruth Prabhu,A/L Content,2022-10-26,7,59,False,0,38844119,1975284,2682,6480000,1400,5.09,27745.8,5.99,October,Wednesday,I ate one meal a day | Samantha Ruth Prabhu,Mixed / General,Mega Viral (Top 5%),Morning (5AM - 12PM),10.204834353431982,12.020937185421113,0.9833333333333333,39502493.89830509,38844119.0,17.475067271971806,15.684231222649434,Mega Viral (Top 5%)
6GsM0nYD0FM,Sharmila George,Students Going To School 🤪 #shorts #sharmilageorge,O/L Content,2022-01-07,11,59,False,0,46549084,1569942,2873,2940000,1692,3.38,27511.28,15.83,January,Friday,Students Going To School  shorts sharmilageorge,Mixed / General,Mega Viral (Top 5%),Morning (5AM - 12PM),6.776178452834862,12.984260551454033,0.9833333333333333,47338051.52542373,46549084.0,17.656017905210597,14.89392047945086,Mega Viral (Top 5%)
lF0NeBtLFqg,Andy Jiang,The Most CLEVER Essay Ever #shorts,General Education,2024-09-26,2,60,False,0,15765110,1351827,3551,3440000,699,8.6,22553.81,4.58,September,Thursday,The Most CLEVER Essay Ever shorts,Mixed / General,Mega Viral (Top 5%),Night / Late (10PM - 5AM),17.262226524267827,11.545367967484504,1.0,15765110.0,15765110.0,16.573309891849927,15.050982320047213,Mega Viral (Top 5%)
tsCs7X80ud8,Bari Science Lab,Open any Physics Book & Ask me any question. I'll solve it in 10 Sec,General Education,2024-08-25,15,59,False,0,14438011,451687,5866,1420000,731,3.17,19751.04,10.17,August,Sunday,Open any Physics Book  Ask me any question Ill solve it in 10 Sec,Mixed / General,Mega Viral (Top 5%),Afternoon (12PM - 5PM),6.460058798957833,12.210408615610664,0.9833333333333333,14682723.050847458,14438011.0,16.485375008820945,14.166168133802548,Mega Viral (Top 5%)
Oqogt-cE6MM,Maneesh Vishnu,Taste of happiness ❤️💯 #youtubeshorts #couplegoals #mother,General Education,2023-06-18,8,28,False,0,18350977,523335,787,11900000,1165,2.86,15751.91,1.54,June,Sunday,Taste of happiness  youtubeshorts couplegoals mother,Mixed / General,Mega Viral (Top 5%),Morning (5AM - 12PM),5.725063030704033,10.0965405459318,0.4666666666666667,39323522.14285714,18350977.0,16.725193428047344,16.29204904211537,Mega Viral (Top 5%)
Y7C5i9KZDWY,Phomemo,Take notes with a mini printer that doesn’t use ink!📚#study #studywithme #studyvlog #phomemo #fyp,Motivation & Tips,2023-05-12,15,10,False,37,17882772,487371,3460,128000,1202,2.74,14877.51,139.71,May,Friday,Take notes with a mini printer that doesnt use inkstudy studywithme studyvlog phomemo fyp,Mixed / General,Mega Viral (Top 5%),Afternoon (12PM - 5PM),5.547473288816745,14.547175282444645,0.16666666666666666,107296632.0,483318.1621621622,16.69934840516997,11.759793355371237,Mega Viral (Top 5%)
UovePMvwhvs,JuicedItUp,1st VS 4th Year of Computer Science,General Education,2025-08-09,18,27,False,0,5552529,138005,1657,227000,382,2.52,14535.42,24.46,August,Saturday,1st VS 4th Year of Computer Science,Mixed / General,High Performing (Top 25%),Prime Time (5PM - 10PM),5.120099327711751,12.78138565125115,0.45,12338953.333333334,5552529.0,15.529764237707758,12.33270970174018,High Performing (Top 25%)
ATxoHEeUZsQ,SH Zoom Tech,simple science experiment | hot water and normal water 🔥😃 #shorts #video #school,A/L Content,2023-06-20,2,31,False,0,16885233,267286,310,178000,1163,1.58,14518.69,94.86,June,Tuesday,simple science experiment | hot water and normal water  shorts video school,Mixed / General,Mega Viral (Top 5%),Night / Late (10PM - 5AM),3.175093882329015,14.135594910460494,0.5166666666666667,32681096.129032254,16885233.0,16.64195007016003,12.08954444723597,Mega Viral (Top 5%)
WAmwp-7NOlk,STUDY THAMBI ,How to Get 100 Marks in Maths 📚🚀 #shorts #studytips,Motivation & Tips,2025-09-16,14,39,False,13,3932992,86470,8608,112000,344,2.42,11433.12,35.12,September,Tuesday,How to Get 100 Marks in Maths  shorts studytips,Mixed / General,High Performing (Top 25%),Afternoon (12PM - 5PM),5.491493499096871,12.903042944650181,0.65,6050756.923076923,302537.8461538461,15.184911271600514,11.626263078808801,High Performing (Top 25%)
vm5VYIznqt4,LKLogic,"At, On , In . When do you use it? English Grammar Test",General Education,2023-05-19,14,47,False,0,13640638,495812,29072,3210000,1195,3.85,11414.76,4.25,May,Friday,At On  In  When do you use it English Grammar Test,English Medium,Mega Viral (Top 5%),Afternoon (12PM - 5PM),8.335269948517071,10.789602129645878,0.7833333333333333,17413580.425531916,13640638.0,16.42856405678961,14.981781806632629,Mega Viral (Top 5%)
utXyHKcb9GM,Gohar Khan,The Hardest Math Test,General Education,2021-10-25,6,28,False,0,18977742,682912,6382,7810000,1766,3.63,10746.17,2.43,October,Monday,The Hardest Math Test,Mixed / General,Mega Viral (Top 5%),Morning (5AM - 12PM),7.365122784364968,10.170234242441678,0.4666666666666667,40666590.0,18977742.0,16.75877742942815,15.870915649856833,Mega Viral (Top 5%)
3C_0_IeI3t4,SL RUGBY EDITZ ,School Rugby best player | Shan Althaf Edit 4 #edit #srilanka #rugby #viral,O/L Content,2026-08-23,2,32,False,0,31925,1374,18,2920,3,4.36,10641.67,10.93,August,Sunday,School Rugby best player | Shan Althaf Edit 4 edit srilanka rugby viral,Mixed / General,Standard / Niche,Night / Late (10PM - 5AM),8.88958496476116,11.664052605075973,0.5333333333333333,59859.375,31925.0,10.371176003824424,7.979681302387741,Standard  Niche
qtGbUEB4Mkk,Gohar Khan,Books That’ll Make You Smarter,General Education,2023-07-02,1,27,False,0,11874417,546935,2639,7810000,1151,4.63,10316.61,1.52,July,Sunday,Books Thatll Make You Smarter,Mixed / General,Mega Viral (Top 5%),Night / Late (10PM - 5AM),9.323110347227995,9.660284599962125,0.45,26387593.333333332,11874417.0,16.289896896157607,15.870915649856833,Mega Viral (Top 5%)
2DNqYAe17-A,BlackSheep Value,B.Com Ku Tamil la Enna Varum..? 🤔| #shorts | Gangstars | Bs Value,General Education,2023-03-07,9,53,False,5,12895194,543978,1859,834000,1268,4.23,10169.71,15.46,March,Tuesday,BCom Ku Tamil la Enna Varum | shorts | Gangstars | Bs Value,Tamil Medium,Mega Viral (Top 5%),Morning (5AM - 12PM),8.508991799580526,11.965431376897756,0.8833333333333333,14598332.83018868,2579038.8,16.37236531932361,13.633989880380932,Mega Viral (Top 5%)
622EXk_tpmg,The Life Lesson ,A boy asked funny questions to APJ Abdul Kalam sir about the rocket.🚀 #inspiration #shortvideo,General Education,2025-02-27,14,19,False,0,5463049,162832,271,30600,545,2.99,10023.94,178.53,February,Thursday,A boy asked funny questions to APJ Abdul Kalam sir about the rocket inspiration shortvideo,Mixed / General,High Performing (Top 25%),Afternoon (12PM - 5PM),5.986016233791789,14.397488724040429,0.31666666666666665,17251733.684210528,5463049.0,15.513517799816293,10.328787967145063,High Performing (Top 25%)
ge_YS8FFVuM,MRS CAREER GUIDE,TOP 10 HIGH SALARY Engineering Course | Best Engineering Jobs 2023,General Education,2023-08-18,6,37,False,9,10900274,368483,1683,78500,1104,3.4,9873.44,138.86,August,Friday,TOP 10 HIGH SALARY Engineering Course | Best Engineering Jobs 2023,Mixed / General,Mega Viral (Top 5%),Morning (5AM - 12PM),6.838185902482818,14.13107056331216,0.6166666666666667,17676120.0,1211141.5555555555,16.204298576238916,11.270866642542865,Mega Viral (Top 5%)
4pyiBrdCvMY,Medical Aspirants,MBBS MOtivation ✨. NEET Motivation | MDCAT Motivation 2023  |#pmdc  #neet #mdcat #study#aiims #etea,Motivation & Tips,2023-07-21,18,19,False,0,10889031,504274,2209,179000,1132,4.65,9619.29,60.83,July,Friday,MBBS MOtivation  NEET Motivation | MDCAT Motivation 2023  |pmdc  neet mdcat studyaiims etea,Mixed / General,Mega Viral (Top 5%),Prime Time (5PM - 10PM),9.363486980613795,13.279610533682009,0.31666666666666665,34386413.68421053,10889031.0,16.2032666020694,12.095146671399466,Mega Viral (Top 5%)
vWcy0LHmuZg,Bikash das Kumar,china vs india || mathematics challenge || 😂😂🤣😅,General Education,2021-06-08,5,12,False,0,17869223,182326,5060,139000,1905,1.05,9380.17,128.56,June,Tuesday,china vs india || mathematics challenge || ,Mixed / General,Mega Viral (Top 5%),Morning (5AM - 12PM),2.182254930726423,14.002749716178409,0.2,89346115.0,17869223.0,16.69859046145854,11.842236406331555,Mega Viral (Top 5%)
gAWmvw57hZs,world of knowledge ,FULL FORM OF MATHS😍#maths #MATHSFUN#shorts #viral,General Education,2021-09-27,19,41,False,0,16290909,466056,11274,74500,1794,2.93,9080.77,218.67,September,Monday,FULL FORM OF MATHSmaths MATHSFUNshorts viral,Mixed / General,Mega Viral (Top 5%),Prime Time (5PM - 10PM),6.067690882074168,14.501478517426872,0.6833333333333333,23840354.63414634,16290909.0,16.606117841510304,11.218567827096358,Mega Viral (Top 5%)
p0RmNrWc62Y,VC cinematic,மறக்க முடியாத நாள்!!🥺🥲#mullivaikkal #srilanka #may18 #tamil #shortsfeed #ytshorts #shorts #facts,A/L Content,2025-05-25,9,60,False,6,4100826,0,1602,306000,458,0.04,8953.77,13.4,May,Sunday,  mullivaikkal srilanka may18 tamil shortsfeed ytshorts shorts facts,Tamil Medium,High Performing (Top 25%),Morning (5AM - 12PM),0.19532650251437148,11.695092993235733,1.0,4100826.0,683471.0,15.226699218651424,12.631343648903034,High Performing (Top 25%)
swZmfHgE_UU,Brainblast SAT Prep App,The trickiest question on the SAT… can you solve it? #satprep #digitalsat #satstrategy,General Education,2024-09-30,16,57,False,0,5813111,280853,4581,508000,695,4.91,8364.19,11.44,September,Monday,The trickiest question on the SAT can you solve it satprep digitalsat satstrategy,Mixed / General,Mega Viral (Top 5%),Afternoon (12PM - 5PM),10.05676650592084,11.468841213404406,0.95,6119064.210526316,5813111.0,15.575626613657693,13.138238695062618,Mega Viral (Top 5%)
KeSyKl7zHG0,Gohar Khan,How to Ace Your Next Science Exam,General Education,2022-09-08,0,27,False,0,11785515,614127,1478,7810000,1448,5.22,8139.17,1.51,September,Thursday,How to Ace Your Next Science Exam,Mixed / General,Mega Viral (Top 5%),Night / Late (10PM - 5AM),10.484429403382032,9.416634501706358,0.45,26190033.333333332,11785515.0,16.282381877865642,15.870915649856833,Mega Viral (Top 5%)
3OrL9JX6L_E,Behindwoods TV,Class -ல எப்பவுமே First தான்.. Nandhini வீடு முழுக்க நிரம்பிய Awards,General Education,2023-05-14,17,24,False,0,9725328,393889,2613,20700000,1200,4.08,8104.44,0.47,May,Sunday,Class   First  Nandhini    Awards,Mixed / General,Mega Viral (Top 5%),Prime Time (5PM - 10PM),8.23461172723429,8.245407250013468,0.4,24313320.0,9725328.0,16.09024427723074,16.845644306544774,Mega Viral (Top 5%)
vl84tdx_zy0,Princy Planet,Exam preparations #students  #exam #funny #tamil #trending #seenu #princy #comedy #friends #viral,General Education,2024-03-04,12,59,False,0,7157220,322474,470,1210000,905,4.51,7908.53,5.92,March,Monday,Exam preparations students  exam funny tamil trending seenu princy comedy friends viral,Tamil Medium,Mega Viral (Top 5%),Afternoon (12PM - 5PM),9.043986352242909,10.75405501053026,0.9833333333333333,7278528.813559323,7157220.0,15.78363233510385,14.006131744018864,Mega Viral (Top 5%)
nVyk5UiB9ls,Chitti - Tamil,Can Tape Make Glass Transparent? | Chitti at School | Science of Light and Refraction 🔍✨,O/L Content,2025-01-20,12,56,False,20,4135812,165474,132,569000,583,4.0,7094.02,7.27,January,Monday,Can Tape Make Glass Transparent | Chitti at School | Science of Light and Refraction ,Mixed / General,High Performing (Top 25%),Afternoon (12PM - 5PM),8.0179660003888,10.850783135764296,0.9333333333333333,4431227.142857143,206790.6,15.235194481382317,13.251637470576167,High Performing (Top 25%)
8ba-8Z-jW8E,Tamil editting,Alya Manasa vs Jenni akka🥰,General Education,2021-05-10,16,15,False,0,13393039,309824,3490,85400,1934,2.34,6925.05,156.83,May,Monday,Alya Manasa vs Jenni akka,Mixed / General,Mega Viral (Top 5%),Afternoon (12PM - 5PM),4.756933807181477,13.89806388815517,0.25,53572156.0,13393039.0,16.41024572699961,11.355113089309977,Mega Viral (Top 5%)
KuAL4TTT0PI,MIT GK World,You Can’t Answer This Tamil GK Question! 🤯 | Shocking Quiz #shorts,General Education,2025-07-28,7,5,False,14,2580644,6423,45,24800,394,0.25,6549.86,104.06,July,Monday,You Cant Answer This Tamil GK Question  | Shocking Quiz shorts,Tamil Medium,High Performing (Top 25%),Morning (5AM - 12PM),0.5065014779256651,13.432168077398726,0.08333333333333333,30967728.0,184331.7142857143,14.763549925653008,10.118639253920785,High Performing (Top 25%)
d44V2LvNxMY,Learnworld,12 hours STUDY schedule 📚 💯 % work #study #motivation #tips #viral #shorts,A/L Content,2024-05-11,16,23,False,0,5312721,374269,825,227000,837,7.06,6347.34,23.4,May,Saturday,12 hours STUDY schedule    work study motivation tips viral shorts,Mixed / General,High Performing (Top 25%),Afternoon (12PM - 5PM),14.167184762760929,11.90853386157613,0.38333333333333336,13859272.173913043,5312721.0,15.485614879577,12.33270970174018,High Performing (Top 25%)
Y7cFdRHTJbs,ᴋ.sᴜʀɪʏᴀ 18ʀᴘᴛ26,நான்தான் தமிழ்நாட்டுல முதல் மதிப்பெண் | Dr sanghavi in neeya naana | full episode #shorts,General Education,2023-03-17,3,55,False,18,7905053,246496,744,14600,1258,3.13,6283.83,541.44,March,Friday,    | Dr sanghavi in neeya naana | full episode shorts,Mixed / General,Mega Viral (Top 5%),Night / Late (10PM - 5AM),6.283474633250403,15.039967497072105,0.9166666666666666,8623694.181818182,439169.6111111111,15.883012859721923,9.588845298501564,Mega Viral (Top 5%)
JdIQPKN9Ahc,Sfailure Editz,Mit students showing levels 🥶 Solving jee advanced paper | #motivation #iitstatus #toppers #upsc,Motivation & Tips,2024-02-09,10,27,False,0,5752886,0,1458,284000,929,0.03,6192.56,20.26,February,Friday,Mit students showing levels  Solving jee advanced paper | motivation iitstatus toppers upsc,Mixed / General,Mega Viral (Top 5%),Morning (5AM - 12PM),0.12671900677329603,11.739760319832973,0.45,12784191.11111111,5752886.0,15.565212373726574,12.556733038263905,Mega Viral (Top 5%)
p-v1BU8GEy4,Studio57,Nandhini +2 First Mark from Dindigul | Tamilnadu First | 2023 #Studio57 #nandhini #2023result,General Education,2023-05-11,5,39,False,0,7095844,262858,4847,23300,1203,3.77,5898.46,304.54,May,Thursday,Nandhini 2 First Mark from Dindigul | Tamilnadu First | 2023 Studio57 nandhini 2023result,Tamil Medium,Mega Viral (Top 5%),Morning (5AM - 12PM),7.750325401742203,14.401249576980849,0.65,10916683.076923076,7095844.0,15.77501995944099,10.056251557087757,Mega Viral (Top 5%)
MKLsNjex_ic,Numbers & Numbers,A Nice Olympiad Exponential Multiplication Problem #short #olympiad #mathematics #maths #exponents,A/L Content,2023-05-12,16,52,False,22,6838111,0,2669,51400,1202,0.04,5688.94,133.04,May,Friday,A Nice Olympiad Exponential Multiplication Problem short olympiad mathematics maths exponents,Mixed / General,Mega Viral (Top 5%),Afternoon (12PM - 5PM),0.19515623539892815,13.53693037416411,0.8666666666666667,7890128.076923077,310823.2272727273,15.738022228105452,10.847412906506923,Mega Viral (Top 5%)
Rr7DoCwxyow,Quantum Project - Tharun Speaks,Step by Step Method to Study Physics!,Motivation & Tips,2024-09-27,11,48,False,0,3942481,222466,401,516000,698,5.65,5648.25,7.64,September,Friday,Step by Step Method to Study Physics,Mixed / General,High Performing (Top 25%),Morning (5AM - 12PM),11.336440175615305,10.672521818118096,0.8,4928101.25,3942481.0,15.187321032177962,13.153863982446317,High Performing (Top 25%)
_BmNJjQrsfg,MBBS Unplugged ,Experiment on Density#Basic science,General Education,2022-06-25,3,57,False,0,8487294,213328,629,26100,1523,2.52,5572.75,325.18,June,Saturday,Experiment on DensityBasic science,Mixed / General,Mega Viral (Top 5%),Night / Late (10PM - 5AM),5.0640522173498415,14.410023354419957,0.95,8933993.684210526,8487294.0,15.954080897390975,10.169728906753061,Mega Viral (Top 5%)
RF3XQSVHA6U,Abhi,What non-CS students think Computer Science is,General Education,2022-07-21,16,15,False,4,8225870,297955,2262,47500,1497,3.65,5494.9,173.18,July,Thursday,What nonCS students think Computer Science is,Mixed / General,Mega Viral (Top 5%),Afternoon (12PM - 5PM),7.381833167798664,13.765908235183302,0.25,32903480.0,2056467.5,15.92279474566559,10.768506042432708,Mega Viral (Top 5%)
ZE-ZrchrK6Y,Kiran Kumar,Most Useless Degree? #shorts,General Education,2023-01-04,15,19,False,0,7280802,132669,1667,319000,1330,1.85,5474.29,22.82,January,Wednesday,Most Useless Degree shorts,Mixed / General,Mega Viral (Top 5%),Afternoon (12PM - 5PM),3.7588304145614724,11.735463215224025,0.31666666666666665,22992006.315789476,7280802.0,15.80075171628783,12.672949516558306,Mega Viral (Top 5%)
6AUooWHZUxQ,LittleSane,Study hard but got less marks 🤯 WHY ⁉️ Day 3/40 #shorts #studymotivation,Motivation & Tips,2024-05-02,17,10,False,5,4566367,58409,335,222000,846,1.29,5397.6,20.57,May,Thursday,Study hard but got less marks  WHY  Day 3/40 shorts studymotivation,Mixed / General,High Performing (Top 25%),Prime Time (5PM - 10PM),2.594907505244322,11.617552399623293,0.16666666666666666,27398202.0,913273.4,15.334228698531621,12.310437165348775,High Performing (Top 25%)
xCoXNBOlNCM,Exphub 9th &10th,Topper’s Attitude 😈| Class 10 topper interview| Prashant Kirad| #class10 #motivation,Motivation & Tips,2023-05-24,13,20,False,0,5785825,316995,1742,8090000,1190,5.51,4862.04,0.72,May,Wednesday,Toppers Attitude | Class 10 topper interview| Prashant Kirad| class10 motivation,Mixed / General,Mega Viral (Top 5%),Afternoon (12PM - 5PM),11.108182497742328,8.160994933844504,0.3333333333333333,17357475.0,5785825.0,15.57092169147702,15.90613941264406,Mega Viral (Top 5%)
1NBo73pccYw,POWER TOP 10 🎯,ශ්‍රී ලංකාවෙ වැඩිම වැටුප් ගෙවන රැකියා 10 | 🇱🇰 highest paying jobs in Sri Lanka#viral #trending #top,A/L Content,2025-10-25,8,37,False,0,1437387,35662,326,20800,305,2.5,4712.74,69.11,October,Saturday,      10 |  highest paying jobs in Sri Lankaviral trending top,Mixed / General,High Performing (Top 25%),Morning (5AM - 12PM),5.075459844843456,12.693727267274046,0.6166666666666667,2330897.8378378376,1437387.0,14.178338135574785,9.942756341456828,High Performing (Top 25%)
vxv5utDzkZk,Team Educational Institution,நீங்களும் Teacher ஆக ஆசையா? #motivation#montessorieducation #education#montessorilearning#montessori,Motivation & Tips,2024-05-25,6,38,False,13,3804827,8330,109,15600,823,0.22,4623.12,243.9,May,Saturday, Teacher   motivationmontessorieducation educationmontessorilearningmontessori,Mixed / General,High Performing (Top 25%),Morning (5AM - 12PM),0.45218875917354456,13.93558427289934,0.6333333333333333,6007621.578947369,292679.0,15.151781344576836,9.65509029374725,High Performing (Top 25%)
PjWu1H4TsXI,unstop brave,Start or stop 📚 ✨ #study #motivation #students #exam #girl,Motivation & Tips,2024-09-22,12,10,False,13,3229387,68230,215,14300,703,2.12,4593.72,225.83,September,Sunday,Start or stop   study motivation students exam girl,Mixed / General,High Performing (Top 25%),Afternoon (12PM - 5PM),4.258857795612604,13.852228900104855,0.16666666666666666,19376322.0,248414.38461538462,14.987803203562223,9.568084743872936,High Performing (Top 25%)
zjoGsp3o01A,Padhle NEET,Average Student Vs Toppers Student | NEET 2024 Strategy | Padhle NEET,General Education,2022-06-09,15,19,False,10,6837743,180594,1556,18100,1539,2.66,4442.98,377.78,June,Thursday,Average Student Vs Toppers Student | NEET 2024 Strategy | Padhle NEET,Mixed / General,Mega Viral (Top 5%),Afternoon (12PM - 5PM),5.396049544418385,14.333393212847339,0.31666666666666665,21592872.63157895,683774.3,15.737968410633247,9.803722464346553,Mega Viral (Top 5%)
7DNZONegP58,Humans of Bombay,"At 22, I was the youngest Indian to make it to Harvard! To DONATE visit link in description #donate",General Education,2022-07-13,15,15,False,0,6601104,149758,7378,1360000,1505,2.38,4386.12,4.85,July,Wednesday,At 22 I was the youngest Indian to make it to Harvard To DONATE visit link in description donate,Mixed / General,Mega Viral (Top 5%),Afternoon (12PM - 5PM),5.096208149424703,9.965226000876255,0.25,26404416.0,6601104.0,15.702747617225205,14.122995993006082,Mega Viral (Top 5%)
xDVbzrqNdRw,Namour,Tell me what she said in the comments ‼️#tamil #language #srilanka #shorts,General Education,2025-05-10,4,9,False,0,2052783,31758,4465,218000,473,1.76,4339.92,9.42,May,Saturday,Tell me what she said in the comments tamil language srilanka shorts,Tamil Medium,High Performing (Top 25%),Night / Late (10PM - 5AM),4.181688955919841,10.618470742649013,0.15,13685220.0,2052783.0,14.534707478580867,12.292254928916668,High Performing (Top 25%)
HPxuWqB8XsU,MRS CAREER GUIDE,TOP 10 High Salary Course After 12th Science #shorts,General Education,2023-08-12,8,37,False,4,4643462,181506,605,78500,1110,3.92,4183.3,59.15,August,Saturday,TOP 10 High Salary Course After 12th Science shorts,Mixed / General,High Performing (Top 25%),Morning (5AM - 12PM),7.882846893115525,12.418936319496733,0.6166666666666667,7529938.378378378,1160865.5,15.350970982038964,11.270866642542865,High Performing (Top 25%)
lawsPy7_ftI,Gohar Khan,How to Finish Your Exams Faster,General Education,2021-11-08,0,28,False,0,6854706,326624,1176,7810000,1752,4.78,3912.5,0.88,November,Monday,How to Finish Your Exams Faster,Mixed / General,Mega Viral (Top 5%),Night / Late (10PM - 5AM),9.615700512903107,8.144388865547622,0.4666666666666667,14688655.714285715,6854706.0,15.74044612754136,15.870915649856833,Mega Viral (Top 5%)
fQCrwpzY-5U,HERA's Life Picks,ලංකාවේ ලාබම Book City එක😲| Do you know this place📍#shorts #bookshopping #ruhuna,General Education,2025-08-22,12,37,False,0,1414997,45269,1498,11700,369,3.31,3834.68,120.94,August,Friday,  Book City | Do you know this placeshorts bookshopping ruhuna,Mixed / General,High Performing (Top 25%),Afternoon (12PM - 5PM),6.927788539481003,13.047137979439787,0.6166666666666667,2294589.7297297297,1414997.0,14.162638675630914,9.367429587218957,High Performing (Top 25%)
0_do47LpwUw,StarBean,How to become a Topper(4 Study Tips📚)#motivation#fypシ#students#study#studytips#exams#shortstudy,Motivation & Tips,2023-05-03,13,15,False,0,4591016,266391,664,420000,1211,5.82,3791.09,10.93,May,Wednesday,How to become a Topper4 Study Tipsmotivationfypstudentsstudystudytipsexamsshortstudy,Mixed / General,High Performing (Top 25%),Afternoon (12PM - 5PM),11.677197378532334,10.631944290815857,0.25,18364064.0,4591016.0,15.339612126121477,12.948012371209098,High Performing (Top 25%)
DyCtl--AyJ0,MBBSLINK ,Final year exams in russia| mbbs in russia | NSMU #medicaluniversity #mbbsabroad #pw,A/L Content,2023-06-22,18,11,False,21,4378953,66713,307,4490,1161,1.53,3771.71,975.27,June,Thursday,Final year exams in russia| mbbs in russia | NSMU medicaluniversity mbbsabroad pw,Mixed / General,High Performing (Top 25%),Prime Time (5PM - 10PM),3.0820381036288813,15.117998386100505,0.18333333333333332,23885198.181818184,208521.57142857142,15.292320441046927,8.409830673087738,High Performing (Top 25%)
cSgpAe9tl3Y,WAYO,WAYO - Handa Allanna Aasa Gamana (හඳ අල්ලන්න ආස ගමන) | Official Video,A/L Content,2020-11-07,4,328,False,13,7956395,75804,4116,506000,2118,1.0,3756.56,15.72,November,Saturday,WAYO  Handa Allanna Aasa Gamana     | Official Video,Mixed / General,Mega Viral (Top 5%),Night / Late (10PM - 5AM),2.16414594800786,10.986209644759366,5.466666666666667,1455438.1097560974,612030.3846153846,15.889486691472984,13.134293924552235,Mega Viral (Top 5%)
0WdFjVbo3_o,CRACK ALL EXAMS,Genius IQ Test-Maths Puzzles | Tricky Riddles | Maths Game | Paheliyan with Answers | Tricky Paheli,General Education,2021-10-26,10,24,False,11,6612081,176951,240842,94700,1765,6.32,3746.22,69.82,October,Tuesday,Genius IQ TestMaths Puzzles | Tricky Riddles | Maths Game | Paheliyan with Answers | Tricky Paheli,Mixed / General,Mega Viral (Top 5%),Morning (5AM - 12PM),23.564623603370862,12.47442693545915,0.4,16530202.5,601098.2727272727,15.704409139540042,11.458479838780507,Mega Viral (Top 5%)
VAiuYP2zfZU,Dr Amir AIIMS,Topper vs Average Student 😮 | Dr.Amir AIIMS #shorts #trending,General Education,2023-05-08,5,25,False,28,4439296,107197,401,4420000,1206,2.42,3681.01,1.0,May,Monday,Topper vs Average Student  | DrAmir AIIMS shorts trending,Mixed / General,High Performing (Top 25%),Morning (5AM - 12PM),4.8746242647482845,8.211214077704598,0.4166666666666667,10654310.4,158546.2857142857,15.306006588539029,15.3016504802982,High Performing (Top 25%)
Kzf-8HjSQrY,Darshana Ukuwela - Physics,වැඩ්ඩෙක් තමයි 😂| Kurunegala Bio 3rd #darshanaukuwela #Physics #Funny,General Education,2024-06-05,9,59,False,0,2972691,179097,1484,304000,812,6.07,3660.95,9.78,June,Wednesday,  | Kurunegala Bio 3rd darshanaukuwela Physics Funny,Mixed / General,High Performing (Top 25%),Morning (5AM - 12PM),12.299091967513611,10.485845368982288,0.9833333333333333,3023075.593220339,2972691.0,14.904978497555291,12.624786269856633,High Performing (Top 25%)
KKy8acdWQow,Vini vlogs ,Ashoka Trend Tamil version 🌹!!  Rate this look ? / 10 😱 #shorts #Ashokatrend #tamil #viral,General Education,2024-06-07,8,30,False,19,2739595,47770,1624,228000,810,1.8,3382.22,12.02,June,Friday,Ashoka Trend Tamil version   Rate this look  / 10  shorts Ashokatrend tamil viral,Tamil Medium,High Performing (Top 25%),Morning (5AM - 12PM),3.783770958846107,10.612884104066984,0.5,5479190.0,144189.2105263158,14.823321022237659,12.337105293891872,High Performing (Top 25%)
brjjKgs44sY,StarBean,STUDY APPS for Students!! ✨📚,Motivation & Tips,2025-07-05,14,10,False,0,1364307,22408,118,420000,417,1.65,3271.72,3.25,July,Saturday,STUDY APPS for Students ,Mixed / General,High Performing (Top 25%),Afternoon (12PM - 5PM),3.3281365557752034,9.27182015744769,0.16666666666666666,8185842.0,1364307.0,14.126157898346717,12.948012371209098,High Performing (Top 25%)
YUMo-limvao,සුධර්මාරාමේ රිලවා...,නන්දා මාලනී 88/89 මොකද කරේ..| ඔබ කිසිදා නොඇසූ කතාව..| Nanda Malani Funeral | #Sudharmaramerilawa ,A/L Content,2026-08-22,12,200,False,0,12875,400,72,62400,4,3.67,3218.75,0.21,August,Saturday,  88/89  |    | Nanda Malani Funeral | Sudharmaramerilawa ,Mixed / General,Standard / Niche,Afternoon (12PM - 5PM),9.009708737864077,6.517578949595956,3.3333333333333335,3862.5,12875.0,9.463120392418698,11.041336579870135,Standard  Niche
G3PO41Xa_H8,Unstopable Study ,IQ TEST 🔥 ONLY FOR GINUS 😱 #unstoapablestudy0111 #iqtest #mathpuzzle #iqtestonline #mathstricks,Motivation & Tips,2025-03-15,6,11,False,0,1653176,8861,6148,14700,529,0.91,3125.1,112.46,March,Saturday,IQ TEST  ONLY FOR GINUS  unstoapablestudy0111 iqtest mathpuzzle iqtestonline mathstricks,Mixed / General,High Performing (Top 25%),Morning (5AM - 12PM),2.9314483152429025,12.769822009883631,0.18333333333333332,9017323.636363637,1653176.0,14.318209449110645,9.595670797663967,High Performing (Top 25%)
LO_HuhJtwnM,Study Hub&Club,Best study tips for Mathematics exam 📚🌸🤞|| #study #maths #exam #yt #studyfacts #shorts #studyplan,Motivation & Tips,2025-03-01,15,10,False,0,1636954,17516,186,13100,543,1.08,3014.65,124.96,March,Saturday,Best study tips for Mathematics exam || study maths exam yt studyfacts shorts studyplan,Mixed / General,High Performing (Top 25%),Afternoon (12PM - 5PM),2.196885190420745,12.839235356832306,0.16666666666666666,9821724.0,1636954.0,14.30834836666572,9.48044384215367,High Performing (Top 25%)
nfDlFZ1g_tg,Animate Aishu,Study Tips #10 | 5 Simple Steps to Become A Topper (Part - 1) #exampreparation #exam,Motivation & Tips,2022-12-04,8,50,False,21,4083015,226407,977,739000,1361,5.57,3000.01,5.53,December,Sunday,Study Tips 10 | 5 Simple Steps to Become A Topper Part  1 exampreparation exam,Mixed / General,High Performing (Top 25%),Morning (5AM - 12PM),11.209829011159647,9.716618991770222,0.8333333333333334,4899618.0,194429.2857142857,15.222346488981275,13.513054553109397,High Performing (Top 25%)
dgFZJVfEKfY,MAHEE,ලංකාවේ අමාරුම විභාග ✍️ difficult exams in Sri Lanka #exam #srilanka #sinhala #shorts,General Education,2025-01-10,17,36,False,0,1710048,66575,1337,81800,593,3.97,2883.72,20.91,January,Friday,    difficult exams in Sri Lanka exam srilanka sinhala shorts,Sinhala Medium,High Performing (Top 25%),Prime Time (5PM - 10PM),8.177255843110837,11.007080503752977,0.6,2850080.0,1710048.0,14.352032583039056,11.31204474745499,High Performing (Top 25%)
fzm9PBlVlV0,Mr. Entirety,6 million years of Human Evolution in 40 seconds | HD |,General Education,2021-01-20,13,48,False,0,5864912,295622,0,26800,2044,5.04,2869.33,218.84,January,Wednesday,6 million years of Human Evolution in 40 seconds | HD |,Mixed / General,Mega Viral (Top 5%),Afternoon (12PM - 5PM),10.081037874055058,13.350176293766069,0.8,7331140.0,5864912.0,15.5844982062001,10.196194479235656,Mega Viral (Top 5%)
HsRa3sILO8E,IQ School - IQ ඉස්කෝලේ,Commercial Bank Internship 2026🇱🇰 | කොමර්ෂල් බැංකු රැකියා අවස්ථා | Bank Jobs LK | Sri Lanka |Sinhala,A/L Content,2026-08-20,13,305,False,26,17024,481,52,60300,6,3.13,2837.33,0.28,August,Thursday,Commercial Bank Internship 2026 |     | Bank Jobs LK | Sri Lanka |Sinhala,Sinhala Medium,Standard / Niche,Afternoon (12PM - 5PM),7.1781015037593985,6.678911009406795,5.083333333333333,3348.9836065573772,654.7692307692307,9.742438131017714,11.007103966325696,Standard  Niche
LiP7IkD0-fk,Justice Shepard,Missing Angles Geometry Problem | Tricky Math Question | JusticeTheTutor #maths #math #shorts,General Education,2022-05-27,20,37,False,0,4347369,74388,2486,546000,1552,1.77,2801.14,7.96,May,Friday,Missing Angles Geometry Problem | Tricky Math Question | JusticeTheTutor maths math shorts,Mixed / General,High Performing (Top 25%),Prime Time (5PM - 10PM),3.708127835479344,10.01225560394407,0.6166666666666667,7049787.567567567,4347369.0,15.285081622520826,13.210376086227196,High Performing (Top 25%)
bHeAH8OJxzE,Pixie Diary,How to Study After School When You Are Tired 📚,O/L Content,2023-04-23,10,13,False,4,3365384,128680,307,93100,1221,3.83,2756.25,36.15,April,Sunday,How to Study After School When You Are Tired ,Mixed / General,High Performing (Top 25%),Morning (5AM - 12PM),7.692881406698314,11.509313324037018,0.21666666666666667,15532541.538461538,841346.0,15.029052927592069,11.441440204346033,High Performing (Top 25%)
1KJaIEhZGTQ,Handlettering Is Fun,Lettering Sweet! #shorts #calligraphy,General Education,2023-04-20,16,34,False,0,3338696,70140,1698,569000,1224,2.15,2727.69,5.87,April,Thursday,Lettering Sweet shorts calligraphy,Mixed / General,High Performing (Top 25%),Afternoon (12PM - 5PM),4.455931297728215,9.681127462985586,0.5666666666666667,5891816.470588235,3338696.0,15.021091169075893,13.251637470576167,High Performing (Top 25%)
PlOFcCgFfYA,"Make Your Child A ""GENIUS"" With Lubna",Little Girl Answering Abacus Questions🧮#makeyourchildageniuswithlubna #study #Abacus #shorts,Motivation & Tips,2022-09-21,11,18,False,0,3810964,37102,324,27900,1435,0.98,2655.72,136.59,September,Wednesday,Little Girl Answering Abacus Questionsmakeyourchildageniuswithlubna study Abacus shorts,Mixed / General,High Performing (Top 25%),Morning (5AM - 12PM),1.9896278212021945,12.801457578122383,0.3,12703213.333333334,3810964.0,15.153392995872602,10.236417809461043,High Performing (Top 25%)
8KCgEAo_SsA,Be Creative & Artistic,7 Tips for taking Notes📝 #notes #school #study #viral #backtoschool #studymotivation #motivation,A/L Content,2024-05-24,13,28,False,28,2166422,60216,208,412000,824,2.79,2629.15,5.26,May,Friday,7 Tips for taking Notes notes school study viral backtoschool studymotivation motivation,Mixed / General,High Performing (Top 25%),Afternoon (12PM - 5PM),5.607033163437225,9.53461921324064,0.4666666666666667,4642332.857142857,77372.21428571429,14.58858797833502,12.928781055513184,High Performing (Top 25%)
GtnUqUgvK3k,Dossani Computer,HP vs Dell 💀,General Education,2025-06-23,20,21,False,0,1117773,12562,222,1890,429,1.14,2605.53,591.41,June,Monday,HP vs Dell ,Mixed / General,High Performing (Top 25%),Prime Time (5PM - 10PM),2.3469881630706775,14.247901553648402,0.35,3193637.142857143,1117773.0,13.926849765572266,7.544861068658458,High Performing (Top 25%)
kclXLHQ7OWE,DReam A Level,බින්දුවේ හිටියත් A9 කට හරිම සැලැස්මක් ? | OL 9As ගන්න සුපිරි PLAN එකක් | Sandaruwan Perera #2026OL,O/L Content,2026-08-24,8,168,False,0,5079,602,589,91200,2,23.45,2539.5,0.06,August,Monday,  A9     | OL 9As   PLAN  | Sandaruwan Perera 2026OL,Mixed / General,Standard / Niche,Morning (5AM - 12PM),81.68930891907856,5.032853302662689,2.8,1813.9285714285716,5079.0,8.533066540572527,11.420821140914589,Standard  Niche
hrVBGFoTUVk,SHADOẀSTRIKER GAMING,TOP 10 JOBS THAT CAN MAKE YOU A BILLIONAIRE🤑#shorts#billionaire#elonmusk,General Education,2023-01-29,17,38,False,0,3247207,147056,2075,8760,1305,4.59,2488.28,370.69,January,Sunday,TOP 10 JOBS THAT CAN MAKE YOU A BILLIONAIREshortsbillionaireelonmusk,Mixed / General,High Performing (Top 25%),Prime Time (5PM - 10PM),9.376889123483659,13.734714205671962,0.6333333333333333,5127168.947368422,3247207.0,14.993306108164791,9.078065332666364,High Performing (Top 25%)
_K2USL15Owg,K Study,Focus on your goals🔥📚 Study Motivation #shorts #study #quotes #motivation,Motivation & Tips,2023-07-06,7,13,False,25,2789545,213445,393,231000,1147,7.67,2432.04,12.08,July,Thursday,Focus on your goals Study Motivation shorts study quotes motivation,Mixed / General,High Performing (Top 25%),Morning (5AM - 12PM),15.373654126389788,10.288070920114807,0.21666666666666667,12874823.076923076,111581.8,14.841389416542222,12.35017731849889,High Performing (Top 25%)
SUu-3Xm0mEg,Goals 🌷🍃,විභාග දවස් 📚💛 I'm So Powerfull ❤ I'm So Confidence📒 #exam #motivation #goals,Motivation & Tips,2025-09-09,2,46,False,0,851898,40429,319,15300,351,4.78,2427.06,55.68,September,Tuesday,   Im So Powerfull  Im So Confidence exam motivation goals,Mixed / General,High Performing (Top 25%),Night / Late (10PM - 5AM),9.678740882124385,11.814064343103418,0.7666666666666667,1111171.304347826,851898.0,13.655223254183547,9.635673464721814,High Performing (Top 25%)
hjDwKE-oDaw,அறிவு 365 🎯 ,GK Questions and Answers in Tamil | Tamil GK Shorts #7 | Daily Quiz – TNPSC #shorts #Arivu365 #viral,General Education,2026-08-26,6,6,False,0,2418,4,0,976,1,0.17,2418.0,2.48,August,Wednesday,GK Questions and Answers in Tamil | Tamil GK Shorts 7 | Daily Quiz  TNPSC shorts Arivu365 viral,Tamil Medium,Standard / Niche,Morning (5AM - 12PM),0.3308519437551696,8.699121337501014,0.1,24180.0,2418.0,7.791109510610028,6.884486652042782,Standard  Niche
b8jrcDN756A,Miss Miracle,Sem exam preparation mini vlog🥹 | Pass or Fail challenge😲🥲 #ytshorts #missmiracle,General Education,2024-03-31,14,60,False,0,2102561,98962,4608,2460000,878,4.93,2394.72,0.85,March,Sunday,Sem exam preparation mini vlog | Pass or Fail challenge ytshorts missmiracle,Mixed / General,High Performing (Top 25%),Afternoon (12PM - 5PM),10.509278922228653,7.618993819533665,1.0,2102561.0,2102561.0,14.55866715909838,14.715672314412528,High Performing (Top 25%)
vYUHRYWrGi8,Kaweesha Hapuarachchi,හීන තියෙන්නෙම හැබෑ කරගන්න🩺👩‍🎓❤️ #campus #peradeniya #vlog #motivation #kaweeshahapuarachchi #bio,Motivation & Tips,2025-09-12,11,15,False,22,832901,30463,303,10900,348,3.69,2393.39,76.41,September,Friday,    campus peradeniya vlog motivation kaweeshahapuarachchi bio,Mixed / General,High Performing (Top 25%),Morning (5AM - 12PM),7.496809344688024,12.116585095717102,0.25,3331604.0,37859.13636363636,13.632671267169199,9.296609807128359,High Performing (Top 25%)
2Gfkh7w94pA,CHARAKA DHANANJAYA,එක පාරකට වඩා බලන්න එපා...🥺😌 | Business Studies | Charaka Dhananjaya,General Education,2024-08-08,13,34,False,0,1775731,100543,1715,39100,748,5.76,2373.97,45.42,August,Thursday,     | Business Studies | Charaka Dhananjaya,Mixed / General,High Performing (Top 25%),Afternoon (12PM - 5PM),11.807024825269142,11.588280749049762,0.5666666666666667,3133642.941176471,1775731.0,14.389723290246666,10.573903321093981,High Performing (Top 25%)
u6oqROqA3yY,violette's diaries 🕊💫,sinhala motivation 💗✨️🦋 #study #studymotivation #iit #iitjee #neet #motivation #university,Motivation & Tips,2025-06-06,10,15,False,0,1035467,30023,258,2970,446,2.92,2321.67,348.64,June,Friday,sinhala motivation  study studymotivation iit iitjee neet motivation university,Sinhala Medium,High Performing (Top 25%),Morning (5AM - 12PM),5.923510841002176,13.60408313993231,0.25,4141868.0,1035467.0,13.850364056394833,7.9966538754626075,High Performing (Top 25%)
yWNu67D6c2Q,Study With Britney,How to Become a Straight A Student,General Education,2022-07-18,9,12,False,18,3410639,155099,0,3450000,1500,4.55,2273.76,0.99,July,Monday,How to Become a Straight A Student,Mixed / General,High Performing (Top 25%),Morning (5AM - 12PM),9.095011228101244,7.7195839359241445,0.2,17053195.0,189479.94444444444,15.042410514933852,15.053885078862573,High Performing (Top 25%)
q4FifSouYIk,Aircamp Aviation Academy,"How to Become Air Hostess, What to do after 12th",General Education,2023-05-10,7,21,False,0,2732150,91728,1115,10400,1204,3.4,2269.23,262.71,May,Wednesday,How to Become Air Hostess What to do after 12th,Mixed / General,High Performing (Top 25%),Morning (5AM - 12PM),6.918763611075526,13.29824828551593,0.35,7806142.857142857,2732150.0,14.820599769009275,9.249657234353133,High Performing (Top 25%)
tGqPl-wfueE,BYJU'S,Why Do Objects Float Or Sink? | BYJU'S Everything Science #shorts,General Education,2021-07-14,6,30,False,21,4217050,170607,0,2170000,1869,4.05,2256.31,1.94,July,Wednesday,Why Do Objects Float Or Sink | BYJUS Everything Science shorts,Mixed / General,High Performing (Top 25%),Morning (5AM - 12PM),8.091296048185342,8.38440241589572,0.5,8434100.0,200811.90476190476,15.254646626561186,14.59023818634603,High Performing (Top 25%)
zO7vJNcrY5g,Behindwoods TV,"""1 Year Neet😱படிச்சு அத Clear பண்ணேன்"" 🥰Sridhar Master",General Education,2023-06-27,20,47,False,0,2552096,121473,441,20700000,1156,4.78,2207.7,0.12,June,Tuesday,1 Year Neet  Clear  Sridhar Master,Mixed / General,High Performing (Top 25%),Prime Time (5PM - 10PM),9.605869058217245,5.583210553671882,0.7833333333333333,3257994.8936170214,2552096.0,14.752425932128867,16.845644306544774,High Performing (Top 25%)
vzXgHXoi1cA,Study with CA Jagriti Jain,Only CA & CA Students can understand it ✨🎯#ca #motivation #cadreams #studyguide #studytips,Motivation & Tips,2024-06-20,12,9,False,0,1730696,14154,132,89600,797,0.83,2171.51,19.32,June,Thursday,Only CA  CA Students can understand it ca motivation cadreams studyguide studytips,Mixed / General,High Performing (Top 25%),Afternoon (12PM - 5PM),1.6737774860518542,10.644342721448231,0.15,11537973.333333334,1730696.0,14.36403477550892,11.403121759615027,High Performing (Top 25%)
TQLgDfoQXh0,Aravind Hand Writing,பள்ளிக்கூடத்தில் மாற்று சான்றிதழ் தர வேண்டி கோரிக்கை விண்ணப்பம் in Tamil language #shortsfeed,General Education,2023-01-07,13,6,False,0,2868780,0,396,24700,1327,0.01,2161.85,116.14,January,Saturday,       in Tamil language shortsfeed,Tamil Medium,High Performing (Top 25%),Afternoon (12PM - 5PM),0.06901888607700835,12.433519958362501,0.1,28687800.0,2868780.0,14.869397758832825,10.114599007626499,High Performing (Top 25%)
wnw3iC2pmHA,Subtle Life Of P,What is computer?? #computer #ytshorts,General Education,2024-09-15,13,15,False,0,1495399,13420,108,8710,710,0.9,2106.2,171.69,September,Sunday,What is computer computer ytshorts,Mixed / General,High Performing (Top 25%),Afternoon (12PM - 5PM),1.8309494656610044,12.798333945415445,0.25,5981596.0,1495399.0,14.217904287547952,9.072341873818893,High Performing (Top 25%)
SvL-SJGqtUo,Vedantu 11th 12th State Board NEET Tamil,Your Worst Enemy who is stopping you from success ! Study Motivation tamil Tips | shravanee ma'am,Motivation & Tips,2025-10-02,3,15,False,12,688848,12621,66,441000,328,1.84,2100.15,1.56,October,Thursday,Your Worst Enemy who is stopping you from success  Study Motivation tamil Tips | shravanee maam,Tamil Medium,High Performing (Top 25%),Night / Late (10PM - 5AM),3.712284858198035,8.094755052923961,0.25,2755392.0,57404.0,13.442777367776838,12.996802422000108,High Performing (Top 25%)
k9sgubyw9Xc,Haluzz world,STUDY TABLE MAKEOVER|CLEANING STUDY DESK|DESK SETUP #study #art #shorts #deskdecor #studytable#clean,Motivation & Tips,2024-09-04,16,28,False,0,1433813,11721,54,1200,721,0.82,1988.64,1194.84,September,Wednesday,STUDY TABLE MAKEOVER|CLEANING STUDY DESK|DESK SETUP study art shorts deskdecor studytableclean,Mixed / General,High Performing (Top 25%),Afternoon (12PM - 5PM),1.6537721446241593,14.680974252041642,0.4666666666666667,3072456.4285714286,1433813.0,14.175848584616038,7.0909098220799835,High Performing (Top 25%)
Eaq1-K8Vl3I,Unstopable Study ,IQ TEST 🔥 ONLY FOR GINUS 😱 #unstoapablestudy0111 #mathiqtest #iqtest #maths,Motivation & Tips,2024-12-28,6,13,False,0,1178194,6312,4734,14700,606,0.94,1944.21,80.15,December,Saturday,IQ TEST  ONLY FOR GINUS  unstoapablestudy0111 mathiqtest iqtest maths,Mixed / General,High Performing (Top 25%),Morning (5AM - 12PM),3.080477408644077,11.956517300226627,0.21666666666666667,5437818.461538461,1178194.0,13.979494164299048,9.595670797663967,High Performing (Top 25%)
7jtyoKK7ZeM,Life by Mim,My Dream What's app status 📚 🖤 #shorts #lawyer #advocate #motivation #law  #loveislaw⚖️,Motivation & Tips,2022-07-03,12,24,False,1,2938911,162744,801,13400,1515,5.56,1939.88,219.32,July,Sunday,My Dream Whats app status   shorts lawyer advocate motivation law  loveislaw,Mixed / General,High Performing (Top 25%),Afternoon (12PM - 5PM),11.211397691185612,12.96091559543492,0.4,7347277.5,2938911.0,14.893550002795582,9.503084610020228,High Performing (Top 25%)
ARDWmrisJps,Meera Natarajan,Anyone can become a topper || Meera || Tamil,General Education,2025-04-02,11,34,False,14,975245,22342,114,36800,511,2.3,1908.5,26.5,April,Wednesday,Anyone can become a topper || Meera || Tamil,Tamil Medium,High Performing (Top 25%),Morning (5AM - 12PM),4.640269880901722,10.831237377499177,0.5666666666666667,1721020.5882352942,69660.35714285714,13.79044502584806,10.513280297700861,High Performing (Top 25%)
9cQsuFh36uI,Not a Doctor,MBBS Student Life in 1 Minute‼️| Dr Servesh | Tamil #mbbs,General Education,2023-01-10,12,54,False,14,2472245,160742,1018,120000,1324,6.54,1867.25,20.6,January,Tuesday,MBBS Student Life in 1 Minute| Dr Servesh | Tamil mbbs,Tamil Medium,High Performing (Top 25%),Afternoon (12PM - 5PM),13.209613124912782,10.55753911211844,0.9,2746938.888888889,176588.92857142858,14.720637607171579,11.695255355062795,High Performing (Top 25%)
ZIeZp1fcD_8,"Prashant Jain [IIT B, AIR 42]",This Math Olympiad Question isn’t just tough—it’s a brain workout! 🧠🔥 #mathmemes #mathshorts,General Education,2025-08-07,16,11,False,47,698485,6293,1127,46800,384,1.06,1818.97,14.92,August,Thursday,This Math Olympiad Question isnt just toughits a brain workout  mathmemes mathshorts,Mixed / General,High Performing (Top 25%),Afternoon (12PM - 5PM),2.608645854957515,10.208765127198022,0.18333333333333332,3809918.181818182,14861.382978723404,13.456670414529114,10.753659849198824,High Performing (Top 25%)
6kbWeh6YoPY,English MasterClass ,Present - Past Tense 📖🔥 #english #grammar #education #learning,Past Papers & Revision,2024-09-10,6,22,False,13,1285881,22970,203,524000,715,1.8,1798.43,2.45,September,Tuesday,Present  Past Tense  english grammar education learning,English Medium,High Performing (Top 25%),Morning (5AM - 12PM),3.651582067080857,8.390984295186163,0.36666666666666664,3506948.181818182,98913.92307692308,14.066955422182488,13.169248871698304,High Performing (Top 25%)
3-JgLyhZVhg,studiedwithme,How to TAKE NOTES during a LECTURE 📝⚡️ #studytips #collegelife #studysmart,Motivation & Tips,2025-10-10,19,14,False,0,556873,5947,215,27800,320,1.11,1740.23,20.03,October,Friday,How to TAKE NOTES during a LECTURE  studytips collegelife studysmart,Mixed / General,High Performing (Top 25%),Prime Time (5PM - 10PM),2.3288972530541074,10.459032405448404,0.23333333333333334,2386598.5714285714,556873.0,13.23009428147047,10.232827270254802,High Performing (Top 25%)
kldmucnfI-Q,Student life,How to study one night before exam 🤭🤭,Motivation & Tips,2024-08-15,11,15,False,4,1274615,16815,175,268000,741,1.33,1720.13,4.76,August,Thursday,How to study one night before exam ,Mixed / General,High Performing (Top 25%),Morning (5AM - 12PM),2.7070919454109674,9.010524941781513,0.25,5098460.0,318653.75,14.058155514741333,12.498745990829315,High Performing (Top 25%)
hYd7Lk-CBBo,SL Danush Bro ,Srilanka හොදම ජනප්‍රියම පාසල් 10 😯 #trending #shortsfeed #top #top10 #school #viralshort,O/L Content,2024-10-16,12,34,False,16,1127211,26815,693,30700,679,2.44,1660.1,36.72,October,Wednesday,Srilanka    10  trending shortsfeed top top10 school viralshort,Mixed / General,High Performing (Top 25%),Afternoon (12PM - 5PM),5.065156390418475,11.01797109062079,0.5666666666666667,1989195.8823529412,70450.6875,13.93525788535806,10.332050506334692,High Performing (Top 25%)
qGYHccG5HUA,Jose Lim,How I did math in 7th grade vs now,General Education,2025-04-29,12,10,False,0,777174,8708,185,326000,484,1.14,1605.73,2.38,April,Tuesday,How I did math in 7th grade vs now,Mixed / General,High Performing (Top 25%),Afternoon (12PM - 5PM),2.359960575109306,8.24869588221934,0.16666666666666666,4663044.0,777174.0,13.563420829215616,12.694655727828803,High Performing (Top 25%)
us8MDMfAHcA,Buddhism,Are you worrying too much about what others think about you... | Buddhism In English,General Education,2025-01-09,11,11,False,33,951725,34046,360,2950000,594,3.62,1602.23,0.32,January,Thursday,Are you worrying too much about what others think about you | Buddhism In English,English Medium,High Performing (Top 25%),Morning (5AM - 12PM),7.343717985762694,6.241665911718844,0.18333333333333332,5191227.272727273,28840.151515151516,13.76603245722073,14.897316067298997,High Performing (Top 25%)
qT0wb7b0sUQ,Bhushan_Op,Exam Cheating Girls 😛 vs BOYS 💥   #Boys #iq #cheating. #exam,General Education,2022-08-01,4,60,False,5,2366612,83461,420,9870,1486,3.54,1592.61,239.78,August,Monday,Exam Cheating Girls  vs BOYS    Boys iq cheating exam,Mixed / General,High Performing (Top 25%),Night / Late (10PM - 5AM),7.141939616633398,12.852853913771176,1.0,2366612.0,473322.4,14.67697037702999,9.197356444417888,High Performing (Top 25%)
yuUeiIdeCEU,Bang On Theory,Business analyst roadmap for beginners | Business analyst roadmap | Business analyst #trendingshort,General Education,2025-04-19,15,5,False,17,776933,0,45,14500,494,0.01,1572.74,53.58,April,Saturday,Business analyst roadmap for beginners | Business analyst roadmap | Business analyst trendingshort,Mixed / General,High Performing (Top 25%),Afternoon (12PM - 5PM),0.028960026154121396,11.341762331170395,0.08333333333333333,9323196.0,45701.94117647059,13.56311068365706,9.581972891547895,High Performing (Top 25%)
TUbyYXMGamE,Shiksha Target,💻 Long Essay on Technology | Easy English Essay | Notebook Style,General Education,2025-09-10,8,11,False,0,536132,3079,144,131000,350,0.6,1531.81,4.09,September,Wednesday, Long Essay on Technology | Easy English Essay | Notebook Style,English Medium,High Performing (Top 25%),Morning (5AM - 12PM),1.2828930188834093,8.742909893337082,0.18333333333333332,2924356.3636363638,536132.0,13.192137543601067,11.782960235741939,High Performing (Top 25%)
UvIQ4jmsRqg,Ankita Vyas,Apps for students ✨💌|Top 5 useful apps for students|#studymotivation #studytips #viral,Motivation & Tips,2024-03-22,8,23,False,19,1354934,0,457,9350,887,0.03,1527.55,144.91,March,Friday,Apps for students |Top 5 useful apps for students|studymotivation studytips viral,Mixed / General,High Performing (Top 25%),Morning (5AM - 12PM),0.16864290068741355,12.307537801365594,0.38333333333333336,3534610.4347826084,71312.31578947368,14.119264040665612,9.143238568435446,High Performing (Top 25%)
u757BMVmcKs,VINAY KUMAR,Solve this Sum - What is Answer #viral #math #exam #paper #quiz #2023 #science #real #vavkumar,A/L Content,2023-06-02,11,11,False,0,1802975,9924,22147,5900,1181,1.78,1526.65,305.59,June,Friday,Solve this Sum  What is Answer viral math exam paper quiz 2023 science real vavkumar,Mixed / General,High Performing (Top 25%),Morning (5AM - 12PM),7.242640635616135,13.053077549081141,0.18333333333333332,9834409.090909092,1802975.0,14.404949190948773,8.682877107057168,High Performing (Top 25%)
kmV7FkDk9-M,Vedantu 9th 10th State Board Tamil,How to study fast without forgetting in Tamil |study hacks | Study tips | Shravanee Ma'am,Motivation & Tips,2025-10-03,2,89,False,15,486641,22347,411,390000,327,4.68,1488.2,1.25,October,Friday,How to study fast without forgetting in Tamil |study hacks | Study tips | Shravanee Maam,Tamil Medium,High Performing (Top 25%),Night / Late (10PM - 5AM),9.6064655464706,7.529003583998219,1.4833333333333334,328072.5842696629,32442.733333333334,13.095284018800378,12.873904582205107,High Performing (Top 25%)
JYmZ-FMOu78,නව ලෝකය / New world,උසස් පෙළ අමාරුම විෂයන්10  🤯😱🥴  #youtubeshorts #youtube #subjects,General Education,2023-10-31,13,36,False,5,1522691,79866,2921,26800,1030,5.44,1478.34,56.82,October,Tuesday,   10    youtubeshorts youtube subjects,Mixed / General,High Performing (Top 25%),Afternoon (12PM - 5PM),11.44926974678382,11.338575396867562,0.6,2537818.3333333335,304538.2,14.23599037898958,10.196194479235656,High Performing (Top 25%)
1dqkOFG0bu8,SUBHANKAR SHORTZ,Top 10 Hardest Degree Subjects in the World 🌍#shorts @SubhankarShortz,General Education,2023-03-14,13,37,False,0,1862296,91736,1082,218000,1261,4.98,1476.84,8.54,March,Tuesday,Top 10 Hardest Degree Subjects in the World shorts SubhankarShortz,Mixed / General,High Performing (Top 25%),Afternoon (12PM - 5PM),10.142426338240536,9.442500241852226,0.6166666666666667,3019939.4594594594,1862296.0,14.437321230007061,12.292254928916668,High Performing (Top 25%)
h87JMR4MvY8,MATH AND CHESS HUB,HOW CHINESE STUDENTS SO FAST IN SOLVING MATH  OVER AMERICAN STUDENTS,General Education,2021-11-19,14,23,False,0,2518318,54344,1509,6890,1741,2.22,1446.48,365.5,November,Friday,HOW CHINESE STUDENTS SO FAST IN SOLVING MATH  OVER AMERICAN STUDENTS,Mixed / General,High Performing (Top 25%),Afternoon (12PM - 5PM),4.615501298882826,13.178156468504113,0.38333333333333336,6569525.217391304,2518318.0,14.7391021734097,8.837971491357209,High Performing (Top 25%)
TGjz4g-2qGw,sujoy santra,neet preparation study room decoration  /neet 2023 /life line /❤❤❤doctor,Motivation & Tips,2023-02-02,4,15,False,4,1840034,57853,113,3490,1301,3.15,1414.32,527.23,February,Thursday,neet preparation study room decoration  /neet 2023 /life line /doctor,Mixed / General,High Performing (Top 25%),Night / Late (10PM - 5AM),6.318959323577716,13.522042356239112,0.25,7360136.0,460008.5,14.425295151143388,8.157943507105037,High Performing (Top 25%)
8217mh0594w,Naalu Vitham Aravindh ,Types Of People In Commerce Group | #shorts #naaluvithamaravindh #exam #school #boardexam #typesof,O/L Content,2024-03-20,11,56,False,0,1244026,84757,611,1650000,889,6.86,1399.35,0.75,March,Wednesday,Types Of People In Commerce Group | shorts naaluvithamaravindh exam school boardexam typesof,Mixed / General,High Performing (Top 25%),Morning (5AM - 12PM),13.871816183906125,6.95703341930993,0.9333333333333333,1332885.0,1244026.0,14.033864256225794,14.316286451937186,High Performing (Top 25%)
D7pVpWqY8hQ,N-Y Shorts,Casio original vs fake calculator,A/L Content,2025-04-16,15,22,False,0,689134,0,152,202,497,0.02,1386.59,3411.55,April,Wednesday,Casio original vs fake calculator,Mixed / General,High Performing (Top 25%),Afternoon (12PM - 5PM),0.11028334112088505,15.369524998452462,0.36666666666666664,1879456.3636363638,689134.0,13.44319246694215,5.313205979041787,High Performing (Top 25%)
b-9nGVd2xjA,The History Hub,"The Birth of Computing: The World's First Computer!""#shorts",General Education,2024-10-18,5,11,False,21,913318,9178,106,1300,677,1.02,1349.07,702.55,October,Friday,The Birth of Computing The Worlds First Computershorts,Mixed / General,High Performing (Top 25%),Morning (5AM - 12PM),2.06784493462299,13.761888373289409,0.18333333333333332,4981734.545454546,43491.333333333336,13.724840496142344,7.170888478512505,High Performing (Top 25%)
tg_WItSEPlE,Nosithu Lowa,2024 වන විට ශ්‍රී ලංකාවේ වැඩිම වැටුප් සහිත රැකියා 10 || Top 10 Highest Paying Jobs in Sri Lanka,General Education,2024-03-02,9,38,False,9,1221128,32760,908,34400,907,2.76,1346.34,35.5,March,Saturday,2024         10 || Top 10 Highest Paying Jobs in Sri Lanka,Mixed / General,High Performing (Top 25%),Morning (5AM - 12PM),5.737318282768063,10.774698697526276,0.6333333333333333,1928096.8421052631,135680.88888888888,14.015286398617809,10.445840912706414,High Performing (Top 25%)
-KQSD5PWazc,All in One,Amila sir motivation 🥺♥ #motivation #2024al #amiladasanayake #success #ad #chemistry,A/L Content,2024-09-02,13,38,False,0,929879,49619,475,4990,723,5.39,1286.14,186.35,September,Monday,Amila sir motivation  motivation 2024al amiladasanayake success ad chemistry,Mixed / General,High Performing (Top 25%),Afternoon (12PM - 5PM),10.927550788866078,12.387031561851146,0.6333333333333333,1468230.0,929879.0,13.742810824545996,8.515391569469609,High Performing (Top 25%)
IxZFrRIqpk4,ADROIT COMMERCE,📊 Calculator – A Must-Have Tool for Every Commerce Student! 📈🧮,O/L Content,2025-06-25,9,9,False,22,540409,6465,36,2310,427,1.2,1265.59,233.94,June,Wednesday, Calculator  A MustHave Tool for Every Commerce Student ,Mixed / General,High Performing (Top 25%),Morning (5AM - 12PM),2.4259403525848016,12.598361745363775,0.15,3602726.666666667,24564.045454545456,13.20008338970822,7.745435610274381,High Performing (Top 25%)
5bZiTvmIuOI,Not a Doctor,படிச்சது சீக்கிரம் மறக்குதா⁉️| Exam Preparation Tips for Students💯| Dr Servesh | Tamil,Motivation & Tips,2023-02-08,12,58,False,15,1632466,123484,535,120000,1295,7.6,1260.59,13.6,February,Wednesday,  | Exam Preparation Tips for Students| Dr Servesh | Tamil,Tamil Medium,High Performing (Top 25%),Afternoon (12PM - 5PM),15.292385875111641,9.749463264721063,0.9666666666666667,1688757.9310344828,108831.06666666667,14.30560292553331,11.695255355062795,High Performing (Top 25%)
M8-A7KctUdE,Paryeshakaya,මේ සිසුවාගේ අධ්‍යාපන ගමන ඔබව පුදුමයට පත් කරයි,General Education,2024-06-09,17,43,False,27,999208,46905,649,7160,808,4.76,1236.64,139.55,June,Sunday,       ,Mixed / General,High Performing (Top 25%),Prime Time (5PM - 10PM),9.713192848736199,12.058582057969563,0.7166666666666667,1394243.7209302324,37007.7037037037,13.814719244958704,8.87640491500694,High Performing (Top 25%)
6BLSPGHdQlA,Ruchi_Kawya_ ,Study with me 📚 Mini study vlog 🤗 #study #studyismylife #studymotivation #studyvlog #studylife,Motivation & Tips,2025-06-07,14,20,False,0,521862,15467,169,4170,445,3.0,1172.72,125.15,June,Saturday,Study with me  Mini study vlog  study studyismylife studymotivation studyvlog studylife,Mixed / General,High Performing (Top 25%),Afternoon (12PM - 5PM),6.089540913114962,11.896600947407793,0.3333333333333333,1565586.0,521862.0,13.165160380310915,8.335911094196945,High Performing (Top 25%)
--XITzZCG0Q,Nirwana Maga,සුනාමියෙන් විනාශ නොවූ බුද්ධ ප්‍රතිමා වහන්සේලා 🙏🙏 #buddha #buddha #sunami #srilanka #sinhala #shots,General Education,2024-08-08,14,34,False,32,870942,58121,1233,6290,748,6.81,1164.36,138.46,August,Thursday,       buddha buddha sunami srilanka sinhala shots,Sinhala Medium,High Performing (Top 25%),Afternoon (12PM - 5PM),14.054552427142106,11.990514536864664,0.5666666666666667,1536956.4705882354,27216.9375,13.677331811672552,8.74687531957003,High Performing (Top 25%)
gHoKRdarB0E,THE BISON බයිසන්,පහ වසර Vs A/L| Real Chad |Anuradha Perera|Amila Dasanayake|Ajantha Dissanayake|Ravindu Bandaranayake,A/L Content,2025-04-22,10,20,False,0,563438,19721,409,20500,491,3.57,1147.53,27.48,April,Tuesday,  Vs A/L| Real Chad |Anuradha Perera|Amila Dasanayake|Ajantha Dissanayake|Ravindu Bandaranayake,Mixed / General,High Performing (Top 25%),Morning (5AM - 12PM),7.363188141374915,10.358857263913183,0.3333333333333333,1690314.0,563438.0,13.241814354605847,9.928228944424575,High Performing (Top 25%)
lZnEZyN4v2E,Examsdaily Tamil,Aptitude - IQ Test Tricks | Maths Shortcuts Tricks in Tamil | TNPSC / BANK Aptitude,General Education,2022-08-20,6,22,False,0,1682508,33068,7004,941000,1467,2.38,1146.9,1.79,August,Saturday,Aptitude  IQ Test Tricks | Maths Shortcuts Tricks in Tamil | TNPSC / BANK Aptitude,Tamil Medium,High Performing (Top 25%),Morning (5AM - 12PM),6.012215097937127,7.627520534313002,0.36666666666666664,4588658.181818183,1682508.0,14.335796689669477,13.754699481266208,High Performing (Top 25%)
BAtqWHYBL5k,Animate Aishu,Study Tips #20 | இந்த STUDY TRICK Try பண்ணி பாருங்க! #studytips,Motivation & Tips,2023-07-20,14,34,False,9,1287431,57279,235,739000,1133,4.47,1136.3,1.74,July,Thursday,Study Tips 20 |  STUDY TRICK Try   studytips,Mixed / General,High Performing (Top 25%),Afternoon (12PM - 5PM),8.989452638626846,7.589923409738971,0.5666666666666667,2271937.0588235296,143047.88888888888,14.068160094591258,13.513054553109397,High Performing (Top 25%)
S9MRbStQKLo,Knowledge Topper,Aptitude Test Preparation | Aptitude Test Assessment Questions and Answers,General Education,2025-10-26,19,6,False,17,344833,1223,71,223000,304,0.38,1134.32,1.55,October,Sunday,Aptitude Test Preparation | Aptitude Test Assessment Questions and Answers,Mixed / General,High Performing (Top 25%),Prime Time (5PM - 10PM),0.8122772472472182,7.472612165477166,0.1,3448330.0,20284.29411764706,12.750818420798868,12.314931534737134,High Performing (Top 25%)
DZyB1WobTVQ,Nainika Thanaya (English),Won🥇🥈in Science Olympiad!!,General Education,2024-02-04,1,14,False,0,1051251,12356,77,128000,934,1.18,1125.54,8.21,February,Sunday,Wonin Science Olympiad,Mixed / General,High Performing (Top 25%),Night / Late (10PM - 5AM),2.3873461238086815,9.131479334189036,0.23333333333333334,4505361.428571428,1051251.0,13.865492392764512,11.759793355371237,High Performing (Top 25%)
Myf_XLz69NU,Start with Art,BFA entrance exam preparation going on 🔥#shorts #bfa #bfaprepartion in academy#youtube #stilllife,General Education,2023-06-04,19,7,False,9,1321530,0,126,38500,1179,0.01,1120.89,34.33,June,Sunday,BFA entrance exam preparation going on shorts bfa bfaprepartion in academyyoutube stilllife,Mixed / General,High Performing (Top 25%),Prime Time (5PM - 10PM),0.04767201652629906,10.55792388613893,0.11666666666666667,11327400.0,146836.66666666666,14.09430147094279,10.55843949396453,High Performing (Top 25%)
LlcQh7u4EIU,Study Fighters Spot,How to study physics 😣💔💯#study #motivation #studymotivation #trending,Motivation & Tips,2024-10-12,9,9,False,0,755546,13352,80,179000,683,1.78,1106.22,4.22,October,Saturday,How to study physics study motivation studymotivation trending,Mixed / General,High Performing (Top 25%),Morning (5AM - 12PM),3.58733948694057,8.448753395526206,0.15,5036973.333333334,755546.0,13.535197269216592,12.095146671399466,High Performing (Top 25%)
RCEV4TgKXk8,ThilaSpace,One day Alevel results were out - al bio to medical daculty - advanced level biology to med student,A/L Content,2025-04-27,8,36,False,0,532971,15048,136,15900,486,2.85,1096.65,33.52,April,Sunday,One day Alevel results were out  al bio to medical daculty  advanced level biology to med student,Mixed / General,High Performing (Top 25%),Morning (5AM - 12PM),5.774422998624691,10.512184836349439,0.6,888285.0,532971.0,13.186224168935063,9.674137279312397,High Performing (Top 25%)
7LgHjQFDU8Q,Exam tips Bavanesh kutty,பொது அறிவு / general knowledge in tamil / science general knowledge / gk quiz tamil,A/L Content,2023-05-20,13,6,False,0,1299528,0,52,2680,1194,0.0,1088.38,484.9,May,Saturday,  / general knowledge in tamil / science general knowledge / gk quiz tamil,Tamil Medium,High Performing (Top 25%),Afternoon (12PM - 5PM),0.02000726417591618,13.176390210069522,0.1,12995280.0,1299528.0,14.077512449090168,7.893945138235959,High Performing (Top 25%)
QlZ_pfU-0CM,Instant Gk Education,logical questions for all classes. #shorts #logicalreasoning #ssccgl #sscchsl,A/L Content,2021-10-25,10,12,False,1,1898606,33995,20475,9130,1766,2.87,1075.09,207.95,October,Monday,logical questions for all classes shorts logicalreasoning ssccgl sscchsl,Mixed / General,High Performing (Top 25%),Morning (5AM - 12PM),8.973162414950759,12.317461797139268,0.2,9493030.0,1898606.0,14.456631017350247,9.11943049661634,High Performing (Top 25%)
mcSjG2LWf14,Ghashful International Creative Academy,Graphic Design & Freelancing Class | GICA | Education | Creative Course,General Education,2024-08-14,7,15,False,0,776290,7815,250,1840,742,1.04,1046.21,421.9,August,Wednesday,Graphic Design  Freelancing Class | GICA | Education | Creative Course,Mixed / General,High Performing (Top 25%),Morning (5AM - 12PM),2.1744451171598245,12.997699973959731,0.25,3105160.0,776290.0,13.562282728870429,7.518064181233078,High Performing (Top 25%)
kzBwwSE58lY,Not a Doctor,How to Study Consistently Everyday⁉️| Dr Servesh | Tamil,Motivation & Tips,2023-05-17,11,59,False,5,1236321,87631,286,120000,1197,7.11,1032.85,10.3,May,Wednesday,How to Study Consistently Everyday| Dr Servesh | Tamil,Tamil Medium,High Performing (Top 25%),Morning (5AM - 12PM),14.291757561345314,9.2723151407574,0.9833333333333333,1257275.5932203392,247264.2,14.027651400870257,11.695255355062795,High Performing (Top 25%)
1ZYZ2wUqC0M,campuszone lk,University Boat Round UGC 2025/2026 A/L,A/L Content,2026-08-01,14,1890,False,15,25499,1083,262,21400,25,5.27,1019.96,1.19,August,Saturday,University Boat Round UGC 2025/2026 A/L,Mixed / General,Standard / Niche,Afternoon (12PM - 5PM),13.631907133613083,7.102295548999228,31.5,809.4920634920635,1699.9333333333334,10.146433731146518,9.97119292889014,Standard  Niche
mMwam2O7Iu8,සුධර්මාරාමේ රිලවා...,Ravindu Sir Baby video 😁|Ravindu Bandaranayake| #trending #cute #baby,General Education,2025-06-14,4,14,False,22,440353,10509,194,62400,438,2.43,1005.37,7.06,June,Saturday,Ravindu Sir Baby video |Ravindu Bandaranayake| trending cute baby,Mixed / General,High Performing (Top 25%),Night / Late (10PM - 5AM),4.993266765526748,8.867696840023756,0.23333333333333334,1887227.1428571427,20016.045454545456,12.995334227875782,11.041336579870135,High Performing (Top 25%)
-RFdCWOEzdI,Animate Aishu,Top Exam Study Tips Every Student Must Know 📚🔥#BoardExams #ExamTips #FocusOnStudy,Motivation & Tips,2025-09-12,14,60,False,17,348276,13973,192,739000,348,4.07,1000.79,0.47,September,Friday,Top Exam Study Tips Every Student Must Know BoardExams ExamTips FocusOnStudy,Mixed / General,High Performing (Top 25%),Afternoon (12PM - 5PM),8.299739287231965,6.155646106170892,1.0,348276.0,20486.823529411766,12.76075341914641,13.513054553109397,High Performing (Top 25%)
ZMRPonbHDIc,LKLogic,Math Olympiad Question | You should know this trick!!,General Education,2022-11-17,5,33,False,0,1378249,24768,377,3210000,1378,1.82,1000.18,0.43,November,Thursday,Math Olympiad Question | You should know this trick,Mixed / General,High Performing (Top 25%),Morning (5AM - 12PM),3.7308933291444433,6.066287656347354,0.55,2505907.2727272725,1378249.0,14.13632513645193,14.981781806632629,High Performing (Top 25%)
_p6TvUYYH1g,sachinsagarmishra,Diploma life 🎓🗞🥵 #diploma #shorts,General Education,2022-07-03,10,16,False,8,1479911,41550,599,7130,1515,2.85,976.84,207.56,July,Sunday,Diploma life  diploma shorts,Mixed / General,High Performing (Top 25%),Morning (5AM - 12PM),5.817579570663371,12.219748258598083,0.26666666666666666,5549666.25,184988.875,14.207493184513055,8.872206756028303,High Performing (Top 25%)
LkLi7P5-k8U,Aluth wishwaya,ශ්‍රීලංකාවේ වැඩිම වැටුප් ගෙවන රැකියා 10 #shortsviral  #trending#viralshort #top10 #highestpayingjobs,A/L Content,2024-10-09,4,34,False,1,655937,16865,354,60400,686,2.63,956.18,10.86,October,Wednesday,     10 shortsviral  trendingviralshort top10 highestpayingjobs,Mixed / General,High Performing (Top 25%),Night / Late (10PM - 5AM),5.412105125949596,9.248128790654505,0.5666666666666667,1157535.8823529412,655937.0,13.393821551264546,11.008760940077243,High Performing (Top 25%)
4un8UxmNEBw,FACTO'S IRSHAD ,TOP 10 HIGH SALARY COURSE AFTER 12TH ARTS #course,General Education,2024-06-29,14,38,False,1,749609,0,53,4810,788,0.01,951.28,155.84,June,Saturday,TOP 10 HIGH SALARY COURSE AFTER 12TH ARTS course,Mixed / General,High Performing (Top 25%),Afternoon (12PM - 5PM),0.035351763385978556,11.906645031478241,0.6333333333333333,1183593.1578947369,749609.0,13.527308350265606,8.478660241699453,High Performing (Top 25%)
kMkncgPapl8,Boo!,ඕනෙම Exam එකකට A+ එකක් ගන්න පාඩම් කරන හරිම ක්‍රමය | How to study to get an A+ in the exam,Motivation & Tips,2025-05-22,6,450,False,0,435950,21518,1298,45900,461,5.23,945.66,9.5,May,Thursday, Exam  A       | How to study to get an A in the exam,Mixed / General,High Performing (Top 25%),Morning (5AM - 12PM),11.360477118935657,9.103286200670766,7.5,58126.666666666664,435950.0,12.985285130694367,10.734242182303689,High Performing (Top 25%)
t5iaZ-ygZrI,M Entertainments,7 x 8 = 33 යි . 😂💔 #ThaalaFilm,General Education,2025-07-08,8,37,False,14,388954,10445,78,1260000,414,2.71,939.5,0.31,July,Tuesday,7 x 8  33    ThaalaFilm,Mixed / General,High Performing (Top 25%),Morning (5AM - 12PM),5.4710839842243555,5.67759249156596,0.6166666666666667,630736.2162162162,27782.428571428572,12.87121893467506,14.04662307257814,High Performing (Top 25%)
4LkOjCspfAg,Darshana Ukuwela - Physics,Physics A/Ranks ගත්තු හැමෝටම A9 තිබ්බ ද? 🤔 #darshanaukuwela #Physics #OL #AL #2026al,A/L Content,2024-06-09,15,59,False,7,717078,36599,327,304000,808,5.15,887.47,2.36,June,Sunday,Physics A/Ranks   A9    darshanaukuwela Physics OL AL 2026al,Mixed / General,High Performing (Top 25%),Afternoon (12PM - 5PM),10.435824275741272,7.647513680108588,0.9833333333333333,729231.8644067796,102439.71428571429,13.482941294823261,12.624786269856633,High Performing (Top 25%)
5T17dbUCrzQ,Explore with Epaphra,5 things to do in college | in Tamil,General Education,2024-03-06,11,61,False,0,797287,73114,171,887000,903,9.19,882.93,0.9,March,Wednesday,5 things to do in college | in Tamil,Tamil Medium,High Performing (Top 25%),Morning (5AM - 12PM),18.447936564875633,6.679143051680256,1.0166666666666666,784216.7213114755,797287.0,13.588971247580885,13.695601388686796,High Performing (Top 25%)
lff3qqEdbps,20WAS RAI,school fight 👿🔥 #fyp #fighting #school,O/L Content,2022-09-21,13,10,False,0,1265443,13045,39,3090,1435,1.03,881.84,409.53,September,Wednesday,school fight  fyp fighting school,Mixed / General,High Performing (Top 25%),Afternoon (12PM - 5PM),2.077138203775279,12.797023563343968,0.16666666666666666,7592658.0,1265443.0,14.050933606704122,8.036249942132116,High Performing (Top 25%)
1cU8yWRomLk,Sanjana Education,Math Olympiad question | Trending shorts || #shorts #youtubeshorts #short,General Education,2023-06-10,14,15,False,22,1029896,0,1131,4270,1173,0.11,878.0,241.19,June,Saturday,Math Olympiad question | Trending shorts || shorts youtubeshorts short,Mixed / General,High Performing (Top 25%),Afternoon (12PM - 5PM),0.5490845677621818,12.263236320467394,0.25,4119584.0,46813.454545454544,13.844969355205485,8.359603270841466,High Performing (Top 25%)
bzeSDKHrSx8,SLDMNT-(Top 10),ආරම්භ කලොත් අසීමිතව ලාභ ලබන වියාපාර අවස්ථා 10 | top 10 business ideas.#top10 #business #top#trending,General Education,2024-08-06,9,36,False,8,657695,17039,58,10900,750,2.6,876.93,60.34,August,Tuesday,       10 | top 10 business ideastop10 business toptrending,Mixed / General,High Performing (Top 25%),Morning (5AM - 12PM),5.225522468621473,10.876441303784876,0.6,1096158.3333333335,82211.875,13.396498097470735,9.296609807128359,High Performing (Top 25%)
u2tMglHD94o,Eshin diary🍭🎀,Study vlog🍵✨🎧#aesthetic #study #studywithme #minivlog #eshindiary #srilanka #youtubeshorts,Motivation & Tips,2025-08-16,13,27,False,0,318865,15857,155,92700,375,5.02,850.31,3.44,August,Saturday,Study vlogaesthetic study studywithme minivlog eshindiary srilanka youtubeshorts,Mixed / General,High Performing (Top 25%),Afternoon (12PM - 5PM),10.188951437128566,7.981414274418962,0.45,708588.8888888889,318865.0,12.672526230820008,11.437134538982278,High Performing (Top 25%)
d40FhLoEsUE,StarBean,4 Tips to score  Highest Marks in Math Board Exams 📚🤓 #starbean #studytips #mathstips #mathshorts,Motivation & Tips,2024-08-25,12,12,False,0,613069,12584,77,420000,731,2.07,838.67,1.46,August,Sunday,4 Tips to score  Highest Marks in Math Board Exams  starbean studytips mathstips mathshorts,Mixed / General,High Performing (Top 25%),Afternoon (12PM - 5PM),4.1680463373617,7.111070093859326,0.2,3065345.0,613069.0,13.326234400894803,12.948012371209098,High Performing (Top 25%)
wqG8wpXdYtA,SUCCESS JOURNEY,එක මාසෙකින් වෙනස් වෙන්න පුරුදු 12ක්❗😈🔥 | sinhala motivation video |motivation status #shots #sinhala,Motivation & Tips,2023-06-03,5,36,False,27,986563,69888,223,49300,1180,7.11,836.07,20.01,June,Saturday,     12 | sinhala motivation video |motivation status shots sinhala,Sinhala Medium,High Performing (Top 25%),Morning (5AM - 12PM),14.280993712515064,9.725004262164152,0.6,1644271.6666666667,36539.37037037037,13.80198347816408,10.805699643800724,High Performing (Top 25%)
5WP7gKnAwzA,Vidam Nethsara,Grade 10 Sinhala Book 😂😂🔫 #shorts #srilankan #backbenchers,General Education,2022-07-06,3,12,False,0,1261172,0,1702,3350,1512,0.13,834.11,376.47,July,Wednesday,Grade 10 Sinhala Book  shorts srilankan backbenchers,Sinhala Medium,High Performing (Top 25%),Night / Late (10PM - 5AM),0.674769182950462,12.657206835468095,0.2,6305860.0,1261172.0,14.0475527982412,8.11701408773731,High Performing (Top 25%)
UVI5cSI_QfI,සුධර්මාරාමේ රිලවා...,පාතාල තාල 😅 Anuradha Perera #trending #education #short #shorts #viral #srilanka #ytshort,A/L Content,2025-06-02,8,22,False,20,370743,9642,141,62400,450,2.64,823.87,5.94,June,Monday,   Anuradha Perera trending education short shorts viral srilanka ytshort,Mixed / General,High Performing (Top 25%),Morning (5AM - 12PM),5.391605505700714,8.49592620366745,0.36666666666666664,1011117.2727272728,18537.15,12.823267076457222,11.041336579870135,High Performing (Top 25%)
wpb1k4tVXVk,𝐒𝐭𝐮𝐝𝐲 𝐊𝐨𝐫𝐨,Qualities Of A Good Teacher | Qualities Of A Best Teacher | #shorts #teacher,General Education,2023-09-04,3,6,False,21,885721,0,68,1070000,1087,0.01,814.83,0.83,September,Monday,Qualities Of A Good Teacher | Qualities Of A Best Teacher | shorts teacher,Mixed / General,High Performing (Top 25%),Night / Late (10PM - 5AM),0.038386805777440074,6.518127446544977,0.1,8857210.0,42177.19047619047,13.694158410599497,13.883170141017091,High Performing (Top 25%)
Ij1JhAyuGow,Unnal mudium 👍,pc exam model question paper#gs#tnusrb,Past Papers & Revision,2022-09-11,4,6,False,0,1173767,10837,26,16900,1445,0.93,812.3,69.45,September,Sunday,pc exam model question papergstnusrb,Mixed / General,High Performing (Top 25%),Night / Late (10PM - 5AM),1.8576088780822768,10.940494525122675,0.1,11737670.0,1173767.0,13.975729644850281,9.735128070758227,High Performing (Top 25%)
kNK0xR6Ki2E,Shan Creation,BOC Trainee Jobs | Shan Creation | Bank Jobs | Bank of Ceylon | Government Bank Jobs,General Education,2024-07-14,13,13,False,0,626704,5806,103,70400,773,0.94,810.74,8.9,July,Sunday,BOC Trainee Jobs | Shan Creation | Bank Jobs | Bank of Ceylon | Government Bank Jobs,Mixed / General,High Performing (Top 25%),Afternoon (12PM - 5PM),1.9350442952334754,8.884137266870955,0.21666666666666667,2892480.0,626704.0,13.348231214479966,11.161962746590705,High Performing (Top 25%)
D1MGrUkPMuk,Aatchiyalan IAS Academy ,TNPSC - mental Ability Class in tamil | #government #maths,A/L Content,2024-06-30,9,40,False,15,634021,15608,79,134000,787,2.47,805.62,4.73,June,Sunday,TNPSC  mental Ability Class in tamil | government maths,Tamil Medium,High Performing (Top 25%),Morning (5AM - 12PM),4.985797000414813,8.245799762451545,0.6666666666666666,951031.5,42268.066666666666,13.359838933132778,11.80560254159177,High Performing (Top 25%)
dEWBM4uQxXk,Trapti talks,Reality of Commerce Students 😌💯 |Subscribe| #viral #study #funny #commerce #students #viralshorts,A/L Content,2023-03-31,12,10,False,6,973640,7534,89,6380,1244,0.78,782.67,152.61,March,Friday,Reality of Commerce Students  |Subscribe| viral study funny commerce students viralshorts,Mixed / General,High Performing (Top 25%),Afternoon (12PM - 5PM),1.5932993714309192,11.690605170857761,0.16666666666666666,5841840.0,162273.33333333334,13.788797931518985,8.761080103868347,High Performing (Top 25%)
IEn1ESZlMlc,Study diary,The Most Satisfying Feeling as a Student ✨📚🖊️ @Studydiary-u5k#study#motivation,Motivation & Tips,2025-04-19,14,17,False,9,378473,13650,128,10900,494,3.64,766.14,34.72,April,Saturday,The Most Satisfying Feeling as a Student  Studydiaryu5kstudymotivation,Mixed / General,High Performing (Top 25%),Afternoon (12PM - 5PM),7.382296755647035,10.18871840319696,0.2833333333333333,1335787.0588235294,42052.555555555555,12.843902657294146,9.296609807128359,High Performing (Top 25%)
WiFbv9n1rN4,JMV Academy,Amila Sir's Girlfriend ❤️🥰 #amiladasanayake #amilasir #echem #girlfriend #love #trending #viral,General Education,2025-09-01,5,5,False,4,273909,3721,112,1520,359,1.4,762.98,180.2,September,Monday,Amila Sirs Girlfriend  amiladasanayake amilasir echem girlfriend love trending viral,Mixed / General,Above Average,Morning (5AM - 12PM),2.921408204914771,11.831306437078254,0.08333333333333333,3286908.0,68477.25,12.520554864259772,7.327123292259293,Above Average
k8zJz1e_7ok,Farhan Siddiqui ( AIIMS ),Top 7 teachers for Biology . #neet#neet2025#neetmotivation#neetaspirant#mbbs#aiims#neetaspirant#,Motivation & Tips,2025-01-01,12,41,False,0,456205,17924,423,197000,602,4.02,757.82,2.32,January,Wednesday,Top 7 teachers for Biology  neetneet2025neetmotivationneetaspirantmbbsaiimsneetaspirant,Mixed / General,High Performing (Top 25%),Afternoon (12PM - 5PM),8.321478282789535,7.47258169654899,0.6833333333333333,667617.0731707317,456205.0,13.030699740872196,12.190964083849375,High Performing (Top 25%)
DaTNxi4jKoU,UniverFlix,top 10 best paying jobs in sri lanka 🇱🇰🔥 #shorts #job #srilanka,General Education,2023-05-05,10,35,False,36,914914,36279,1300,17100,1209,4.11,756.75,53.5,May,Friday,top 10 best paying jobs in sri lanka  shorts job srilanka,Mixed / General,High Performing (Top 25%),Morning (5AM - 12PM),8.641030741687198,10.608739301318753,0.5833333333333334,1568424.0,25414.277777777777,13.726586443767678,9.746892220313054,High Performing (Top 25%)
W0MbBUQLNlY,SUCCESS JOURNEY,තමන්ට පුළුවන් බව විශ්වාස කරන්න❗😎🔥#මුතුගල_සර්  #dineshmuthugala #motivation #sinhala #shorts,Motivation & Tips,2022-11-22,12,19,False,19,1026069,50601,200,49300,1373,4.95,747.32,20.81,November,Tuesday,      dineshmuthugala motivation sinhala shorts,Sinhala Medium,High Performing (Top 25%),Afternoon (12PM - 5PM),9.960538716207195,9.6519914134611,0.31666666666666665,3240217.8947368423,54003.63157894737,13.841246528506414,10.805699643800724,High Performing (Top 25%)
UsUlGiIOvxI,Prasad Rajapaksha - Physics,පයිතගරස් මූලධර්මය (Principal of Pythagoras)  | GCE Advanced Level  #physics #education #experiment,A/L Content,2025-05-18,15,18,False,0,347163,6339,58,819,465,1.84,746.59,423.89,May,Sunday,  Principal of Pythagoras  | GCE Advanced Level  physics education experiment,Mixed / General,High Performing (Top 25%),Afternoon (12PM - 5PM),3.735421113425106,12.664993319780486,0.3,1157210.0,347163.0,12.757552569756557,6.709304340258299,High Performing (Top 25%)
8QsPkaGvius,🎀Shani Herath🎀,කැම්පස් නිවාඩු දවසක්😇📚💚#morningroutine #grwm #ministudyvlog #campuslife #studytips #studymotivation,Motivation & Tips,2025-05-19,13,28,False,12,345786,8762,69,2910,464,2.55,745.23,118.83,May,Monday,  morningroutine grwm ministudyvlog campuslife studytips studymotivation,Mixed / General,High Performing (Top 25%),Afternoon (12PM - 5PM),5.167647041811987,11.391398088134562,0.4666666666666667,740970.0,28815.5,12.753578257539694,7.976251943745623,High Performing (Top 25%)
HyKVNXAjvfM,Top 10 Galaxy ,top 10 best careers for the future #shorts #ytshorts #career #top10,General Education,2024-06-02,12,35,False,23,600546,8967,65,2850,815,1.5,736.87,210.72,June,Sunday,top 10 best careers for the future shorts ytshorts career top10,Mixed / General,High Performing (Top 25%),Afternoon (12PM - 5PM),3.0403999027551594,11.95294816409098,0.5833333333333334,1029507.4285714285,26110.695652173912,13.305596185549295,7.955425088912672,High Performing (Top 25%)
yj-thYSXHEw,Struggler,|Physics vs Chemistry 🔥| #shorts #edit,General Education,2023-04-19,13,11,False,0,895927,17575,708,3720,1225,2.04,731.37,240.84,April,Wednesday,|Physics vs Chemistry | shorts edit,Mixed / General,High Performing (Top 25%),Afternoon (12PM - 5PM),4.318432193694352,12.07905797742754,0.18333333333333332,4886874.545454546,895927.0,13.705615331585403,8.221747728346623,High Performing (Top 25%)
EP7BJBrlIdY,WOW English,WOW English ❤️,General Education,2025-03-09,13,14,False,19,388779,16716,140,607000,535,4.34,726.69,0.64,March,Sunday,WOW English ,English Medium,High Performing (Top 25%),Afternoon (12PM - 5PM),8.779280773910113,6.14436072609229,0.23333333333333334,1666195.7142857143,20462.052631578947,12.870768909916103,13.316285717486736,High Performing (Top 25%)
7Cm5fT2wv7k,CJ - Combined Maths,2027 A/L | Combined Maths | Chandika Jayamaha,A/L Content,2025-03-29,3,90,False,0,368276,16985,19,102000,515,4.62,715.1,3.61,March,Saturday,2027 A/L | Combined Maths | Chandika Jayamaha,Mixed / General,High Performing (Top 25%),Night / Late (10PM - 5AM),9.249856086196221,7.856517460423251,1.5,245517.33333333334,368276.0,12.816590651392715,11.532737896139919,High Performing (Top 25%)
U-C_XW8sZl4,Justice Shepard,Finding the Derivative of a Polynomial Function | Intro to Calculus #shorts #math #maths,A/L Content,2022-10-25,17,61,False,0,997253,35140,483,546000,1401,3.57,711.82,1.83,October,Tuesday,Finding the Derivative of a Polynomial Function | Intro to Calculus shorts math maths,Mixed / General,High Performing (Top 25%),Prime Time (5PM - 10PM),7.289524323316149,7.172908420146025,1.0166666666666666,980904.5901639345,997253.0,13.812760780789942,13.210376086227196,High Performing (Top 25%)
MB7kJnqD0jQ,Animate Aishu,Fastest Way To Cover the Syllabus in Less Time 🔥Special Exam Study Tips,A/L Content,2023-02-26,9,342,False,17,856338,24298,1132,739000,1277,2.97,670.59,1.16,February,Sunday,Fastest Way To Cover the Syllabus in Less Time Special Exam Study Tips,Mixed / General,High Performing (Top 25%),Morning (5AM - 12PM),6.335815997888685,6.657862639480374,5.7,150234.73684210525,50372.82352941176,13.660421604762858,13.513054553109397,High Performing (Top 25%)
b_D0LKkF-Bo,Samitha Hewage - Science,Science grade 7 results 2nd term test #science #fyp #education,General Education,2025-09-19,9,41,False,0,224638,5081,11,1360,341,2.27,658.76,165.18,September,Friday,Science grade 7 results 2nd term test science fyp education,Mixed / General,Above Average,Morning (5AM - 12PM),4.548206447706978,11.597404258342245,0.6833333333333333,328738.53658536583,224638.0,12.322249948242723,7.215975002651466,Above Average
TOGwPyPoqCs,Animate Aishu,Study Tips #12 | How to Become a Topper (Part-2) #exam #study #studentmotivation,Motivation & Tips,2023-01-13,14,56,False,21,862093,51855,212,739000,1321,6.04,652.61,1.17,January,Friday,Study Tips 12 | How to Become a Topper Part2 exam study studentmotivation,Mixed / General,High Performing (Top 25%),Afternoon (12PM - 5PM),12.152981174884845,6.639292264890492,0.9333333333333333,923671.0714285714,41052.04761904762,13.667119592424347,13.513054553109397,High Performing (Top 25%)
vRijHtsq_CA,English with Diana,What's your English level? Take this test #learnenglish,General Education,2025-07-16,13,17,False,7,259147,2388,117,6440,406,0.97,638.29,40.24,July,Wednesday,Whats your English level Take this test learnenglish,English Medium,Above Average,Afternoon (12PM - 5PM),2.0687100371603764,10.153693184106874,0.2833333333333333,914636.4705882353,37021.0,12.465154606049968,8.77043908654689,Above Average
eUTqN5tTwoA,Bio Api,මේ වැඩේ කරොත් ඔයත් ගොඩ - Special 8+ Rule for Students  | Study Tips in Sinhala - Bio Api,A/L Content,2025-06-20,8,356,False,24,274941,15796,3127,558000,432,6.88,636.44,0.49,June,Friday,      Special 8 Rule for Students  | Study Tips in Sinhala  Bio Api,Sinhala Medium,Above Average,Morning (5AM - 12PM),17.177139822725604,5.745741742236224,5.933333333333334,46338.370786516854,11455.875,12.524315445313349,13.232116033476537,Above Average
tlwca5QZMxM,Kevinmathscience,Studying with past papers,Motivation & Tips,2025-09-01,18,45,False,0,228297,18413,129,1090000,359,8.12,635.92,0.21,September,Monday,Studying with past papers,Mixed / General,Above Average,Prime Time (5PM - 10PM),16.413268680709777,4.901885337062637,0.75,304396.0,228297.0,12.338407072076535,13.901689171636098,Above Average
71A_86c_qTs,Animate Aishu,Study Tips #69 | How to Score 90+🔥 | How to Get More Marks💯 in Exam🧑‍🎓 #studytips #exam,Motivation & Tips,2024-09-30,3,60,False,26,430187,21482,230,739000,695,5.05,618.97,0.58,September,Monday,Study Tips 69 | How to Score 90 | How to Get More Marks in Exam studytips exam,Mixed / General,High Performing (Top 25%),Night / Late (10PM - 5AM),10.254610204399482,5.886111253646297,1.0,430187.0,16545.653846153848,12.971977601423932,13.513054553109397,High Performing (Top 25%)
iYt_CJZG7gc,Strong Future ,Facebook නිර්මතෘ කිව්ව කතාව 😈 #motivation #sinhalamotivation #inspire #sinhala #strongfuture,Motivation & Tips,2023-10-13,13,34,False,0,630520,39189,107,20100,1048,6.23,601.64,31.37,October,Friday,Facebook     motivation sinhalamotivation inspire sinhala strongfuture,Sinhala Medium,High Performing (Top 25%),Afternoon (12PM - 5PM),12.51554272663833,9.845564265078448,0.5666666666666667,1112682.3529411764,630520.0,13.354301740731735,9.908524844053396,High Performing (Top 25%)
5CXUSkwIDKU,The Smart Grader,How to Study Physics Like a Genius,Motivation & Tips,2025-07-07,11,11,False,30,249529,0,21,2780,415,0.01,601.27,89.76,July,Monday,How to Study Physics Like a Genius,Mixed / General,Above Average,Morning (5AM - 12PM),0.04207927735854349,10.89620205531668,0.18333333333333332,1361067.272727273,8317.633333333333,12.427334427426365,7.930565854233965,Above Average
rxGt3ctvgd0,SL Maths,2023(2024) OL Examination Test Papers,O/L Content,2024-05-24,11,38,False,0,465758,15536,250,4670,824,3.39,565.24,99.73,May,Friday,20232024 OL Examination Test Papers,Mixed / General,High Performing (Top 25%),Morning (5AM - 12PM),6.939655357503252,10.93973469346765,0.6333333333333333,735407.3684210527,465758.0,13.051423611948632,8.449128460502108,High Performing (Top 25%)
ULiNEPIlLlM,Sath TV,O/L  ලියන්නත් කලින්ම A9 ක් ගන්නව කියපු ශස්රිකා.. | SATH TV,O/L Content,2024-09-30,6,56,False,0,390311,5120,561,191000,695,1.46,561.6,2.04,September,Monday,O/L    A9     | SATH TV,Mixed / General,High Performing (Top 25%),Morning (5AM - 12PM),3.342206599352824,7.0446121361152345,0.9333333333333333,418190.35714285716,390311.0,12.874701698276393,12.160033942617156,High Performing (Top 25%)
vpxIJlLjuoA,Top 10,ලංකාවේ ජනප්‍රියම ටියුෂන් ගුරුවරු 10 දෙනා. #top10 most #famous #tution #teachers in #srilanka,General Education,2024-06-09,11,38,False,0,451868,18789,710,1790,808,4.32,559.24,252.44,June,Sunday,    10  top10 most famous tution teachers in srilanka,Mixed / General,High Performing (Top 25%),Morning (5AM - 12PM),9.101773084175024,11.857759399240493,0.6333333333333333,713475.7894736843,451868.0,13.021147593798714,7.490529402060711,High Performing (Top 25%)
WUWhekEUmMw,Studies Vid,Mathematics Quiz | Maths Quiz | #mathsquiz #quiz #mathshorts #maths #shorts #short #ytshorts,General Education,2022-11-30,6,14,False,10,754869,5534,1763,3580,1365,0.97,553.02,210.86,November,Wednesday,Mathematics Quiz | Maths Quiz | mathsquiz quiz mathshorts maths shorts short ytshorts,Mixed / General,High Performing (Top 25%),Morning (5AM - 12PM),2.6339669532064502,11.666597148954436,0.23333333333333334,3235152.8571428573,75486.9,13.534300827975086,8.183397369998433,High Performing (Top 25%)
2x_IBNmF8EI,Wishmitha Lowa Wata - විශ්මිත ලොව වටා,උසස් පෙළදි ලැබෙන අමාරුම විෂයයන් 6 😱 | Hardest A/L Subjects in Sri Lanka 2025 #shorts,A/L Content,2025-11-04,12,22,False,32,159590,6421,762,8500,295,4.5,540.98,18.78,November,Tuesday,     6  | Hardest A/L Subjects in Sri Lanka 2025 shorts,Mixed / General,Above Average,Afternoon (12PM - 5PM),10.434237734193871,9.226273207552097,0.36666666666666664,435245.4545454546,4987.1875,11.980369571430371,9.04793908261736,Above Average
ueOqhjAbTLc,Lanka Prasad,No Zero Science,General Education,2025-01-30,17,15,False,0,302752,10104,170,105000,573,3.39,528.36,2.88,January,Thursday,No Zero Science,Mixed / General,Above Average,Prime Time (5PM - 10PM),6.955527956875594,7.328225117636835,0.25,1211008.0,302752.0,12.620672570532221,11.561725152903833,Above Average
dyQVAVOpEWg,රොටරියේ මීයා - Rotariye Meeya,ශිෂ්‍යත්වය Vs A/L | Real Chad | #amiladasanayake #anuradhaperera #ravindubandaranayake,A/L Content,2025-04-27,11,20,False,0,255882,15849,365,743,486,6.34,526.51,344.39,April,Sunday, Vs A/L | Real Chad | amiladasanayake anuradhaperera ravindubandaranayake,Mixed / General,Above Average,Morning (5AM - 12PM),13.100960599026113,12.108050575824207,0.3333333333333333,767646.0,255882.0,12.452475587741086,6.612041034833092,Above Average
D9m0gq1sqcc,Study with me,TOP 10 Advanced Level Subjects in Sri Lanka | 2024 A/L Exam Results Release Date #alexam,A/L Content,2025-04-23,17,50,False,18,250451,7981,375,42000,490,3.34,511.12,5.96,April,Wednesday,TOP 10 Advanced Level Subjects in Sri Lanka | 2024 A/L Exam Results Release Date alexam,Mixed / General,Above Average,Prime Time (5PM - 10PM),7.121951998594535,8.022003093253167,0.8333333333333334,300541.2,13913.944444444445,12.43102256437975,10.645448706505872,Above Average
nqg9rsAWhvM,DReam A Level,OL විද්‍යාවට දවසින් A එකක් |බින්දුවෙන් පටන් ගත්තත් ගොඩ|The Ultimate 1-Day SCIENCE Study Plan for O/L,O/L Content,2026-02-22,10,1843,False,0,93549,6808,771,91200,185,8.1,505.67,1.03,February,Sunday,OL   A  |   |The Ultimate 1Day SCIENCE Study Plan for O/L,Mixed / General,Above Average,Morning (5AM - 12PM),18.675774193203562,6.25736121911744,30.716666666666665,3045.545306565383,93549.0,11.446251331702236,11.420821140914589,Above Average
IbRqr5QC-m0,BeFor ChAmp,Amila Dasanayake Motivation🥹❤️ 25AL  #shorts #shortvideo,A/L Content,2025-08-27,15,43,False,21,180703,10835,60,804,364,6.03,496.44,224.75,August,Wednesday,Amila Dasanayake Motivation 25AL  shorts shortvideo,Mixed / General,Above Average,Afternoon (12PM - 5PM),12.158071531739926,11.622460266162946,0.7166666666666667,252143.72093023255,8604.904761904761,12.104615612472564,6.690842277418564,Above Average
t7NtyEzF57M,computer mcq,Basic Computer MCQ   | computer test | computer quiz | computer most important mcq | epso ssa,Past Papers & Revision,2023-05-22,13,17,False,5,567724,4908,34,2790,1192,0.87,476.28,203.49,May,Monday,Basic Computer MCQ   | computer test | computer quiz | computer most important mcq | epso ssa,Mixed / General,High Performing (Top 25%),Afternoon (12PM - 5PM),1.7589532942063397,11.481633098133504,0.2833333333333333,2003731.7647058824,113544.8,13.24939242553287,7.934155233536322,High Performing (Top 25%)
XZ3JrGgxq-4,පට්ට ටෝක්ස් - PATTA TALKS,Island 1st වෙන්න පැය කීයක් වැඩ කරන්න ඕනද | Amila Dasanayake | inspirational short stories about life,A/L Content,2024-06-08,11,928,False,28,384177,14130,554,22100,809,3.82,474.88,17.38,June,Saturday,Island 1st       | Amila Dasanayake | inspirational short stories about life,Mixed / General,High Performing (Top 25%),Morning (5AM - 12PM),8.07700617163443,9.018503415012995,15.466666666666667,24839.030172413793,13720.607142857143,12.858861265834282,10.003378135350923,High Performing (Top 25%)
DgpIIFnFBmo,DReam A Level,OL සිංහල වලට දවසින් A එකක් |බින්දුවෙන් පටන් ගත්තත් ගොඩ|The Ultimate 1 Day Study Plan O/L Sinhala,O/L Content,2026-02-17,6,2347,False,0,90127,8845,2043,91200,190,12.08,474.35,0.99,February,Tuesday,OL    A  |   |The Ultimate 1 Day Study Plan O/L Sinhala,Sinhala Medium,Above Average,Morning (5AM - 12PM),30.961864923940663,6.1540222883525715,39.11666666666667,2304.0562420110778,90127.0,11.408986161134495,11.420821140914589,Above Average
ET-spAqqy9g,Amazing World Facts,TOP 5 Best Research Topics In The World 2023 | Amazing World Facts,General Education,2023-07-18,5,22,False,0,515539,5371,11,29500,1135,1.04,454.22,17.48,July,Tuesday,TOP 5 Best Research Topics In The World 2023 | Amazing World Facts,Mixed / General,High Performing (Top 25%),Morning (5AM - 12PM),2.0943129423768134,8.979764972766569,0.36666666666666664,1406015.4545454546,515539.0,13.152970173997229,10.292179440058462,High Performing (Top 25%)
_jeysKCd7DM,Medcity International Academy,Don't Do This in Your IELTS Speaking | Medcity | Best IELTS Training in Kerala,General Education,2024-09-19,13,60,False,25,313709,11226,23,292000,706,3.59,444.35,1.07,September,Thursday,Dont Do This in Your IELTS Speaking | Medcity | Best IELTS Training in Kerala,Mixed / General,High Performing (Top 25%),Afternoon (12PM - 5PM),7.1936093640922,6.166372230602151,1.0,313709.0,12548.36,12.656224271260744,12.584512505902088,High Performing (Top 25%)
LJoH4sCFDr8,MIHIN LIYANARACHCHI,Millor Paarth🤍 #onlineecon #education #studyadvice #studymotivation #mihinliyanarachchi,Motivation & Tips,2025-07-16,2,18,False,0,178791,5374,45,96400,406,3.03,440.37,1.85,July,Wednesday,Millor Paarth onlineecon education studyadvice studymotivation mihinliyanarachchi,Mixed / General,Above Average,Night / Late (10PM - 5AM),6.13733353468575,6.704027638041893,0.3,595970.0,178791.0,12.09397839799126,11.476271853988816,Above Average
Vcw_YPSDhjk,U Dreams,වැඩ කරන්න හිතෙන් නැද්ද එහෙනම් මේ විනාඩි කිහිපය ඔයාව වෙනස් කරයි | motivation @Accountingwithlasantha ,Motivation & Tips,2026-04-03,9,606,False,16,63695,3267,224,11300,145,5.48,439.28,5.64,April,Friday,           | motivation Accountingwithlasantha ,Mixed / General,Above Average,Morning (5AM - 12PM),12.016641808619202,7.8154246333533095,10.1,6306.435643564357,3980.9375,11.061877045240099,9.332646496360152,Above Average
DbIiAIrGPkI,Math Door,Olympiad mathematics || international olympiad math challenge #short #shortfeed,A/L Content,2023-02-10,2,14,False,14,565138,2694,3467,1020,1293,1.09,437.08,554.06,February,Friday,Olympiad mathematics || international olympiad math challenge short shortfeed,Mixed / General,High Performing (Top 25%),Night / Late (10PM - 5AM),4.020787842969328,12.397393358181475,0.23333333333333334,2422020.0,40367.0,13.244826997570302,6.928537818164665,High Performing (Top 25%)
9ZRAPE1UVuI,Venura Kavinda,Ishara Madushan | Deweni Inima | Awurudu Lungi Night 2022 | Awurudu Lungi Queen | #shorts,General Education,2022-04-25,18,16,False,0,691552,21642,114,180000,1584,3.15,436.59,3.84,April,Monday,Ishara Madushan | Deweni Inima | Awurudu Lungi Night 2022 | Awurudu Lungi Queen | shorts,Mixed / General,High Performing (Top 25%),Prime Time (5PM - 10PM),6.341388644671694,7.425063207141307,0.26666666666666666,2593320.0,691552.0,13.446695072124566,12.100717685412471,High Performing (Top 25%)
HVnBf2wOCMQ,Pimma - පිම්ම,A/L කරන උන් අහපල්ලා.❤️ මෙන්න Motivation #motivation #al #darshanaukuwela #ukuwelasir,A/L Content,2024-06-19,2,61,False,0,344867,22590,182,5050,798,6.6,432.16,68.29,June,Wednesday,A/L     Motivation motivation al darshanaukuwela ukuwelasir,Mixed / General,High Performing (Top 25%),Night / Late (10PM - 5AM),13.364572429371325,10.292593116727815,1.0166666666666666,339213.4426229508,344867.0,12.750917014104463,8.527341522468053,High Performing (Top 25%)
60lDUJezKN4,Bio Api,මේ වැඩේ කරලා බලන්නකෝ 😲 - Spinning ballerina illusion - Bio Api #shorts,General Education,2022-08-11,12,48,False,20,633447,24891,1087,558000,1476,4.1,429.16,1.14,August,Thursday,      Spinning ballerina illusion  Bio Api shorts,Mixed / General,High Performing (Top 25%),Afternoon (12PM - 5PM),8.716909228396377,6.194899962661546,0.8,791808.75,31672.35,13.358933191712088,13.232116033476537,High Performing (Top 25%)
rqSyRJ7kJMU,University Student Guider,"Peradeniya University Anthem | පේරාදෙණිය සරසවි ගීතය | University of Peradeniya, Sri Lanka❤🎶🇱🇰",General Education,2023-08-29,13,177,False,25,468584,9867,1339,6200,1093,2.39,428.71,75.58,August,Tuesday,Peradeniya University Anthem |    | University of Peradeniya Sri Lanka,Mixed / General,High Performing (Top 25%),Afternoon (12PM - 5PM),5.640184043842726,10.386003259498404,2.95,158842.0338983051,18743.36,13.057472794300216,8.732465848349879,High Performing (Top 25%)
DCjVMOOv4xI,i Speak Spirit 🛐,INDIANS IN SRI LANKA PAY ~PROPHET UEBERT ANGEL🤣 #motivation #uebertangel #inspirational,Motivation & Tips,2023-07-19,18,59,False,0,478351,0,331,50100,1134,0.07,421.83,9.55,July,Wednesday,INDIANS IN SRI LANKA PAY PROPHET UEBERT ANGEL motivation uebertangel inspirational,Mixed / General,High Performing (Top 25%),Prime Time (5PM - 10PM),0.3459802529941403,8.30139174575848,0.9833333333333333,486458.64406779665,478351.0,13.078102142136562,10.821796246953596,High Performing (Top 25%)
D98Q5EfOE6A,Livera,Most influential people in history 😍  #shorts #srilanka #world #viralvideo #sinhala,A/L Content,2024-12-20,3,37,False,5,256453,10292,404,11900,614,4.17,417.68,21.55,December,Friday,Most influential people in history   shorts srilanka world viralvideo sinhala,Sinhala Medium,Above Average,Night / Late (10PM - 5AM),8.814090691081796,9.10520249819848,0.6166666666666667,415869.7297297297,51290.6,12.454704590278148,9.38437770918244,Above Average
xkvt2rTt1Cg,DREAM LOVER🌹🥰,University life...💃 #trip #onedaytrip #unilife #virol #uok #srilanka #viral #tiktok  #enjoy,A/L Content,2024-01-30,3,10,False,0,385507,7442,53,1410,939,1.94,410.55,273.41,January,Tuesday,University life trip onedaytrip unilife virol uok srilanka viral tiktok  enjoy,Mixed / General,High Performing (Top 25%),Night / Late (10PM - 5AM),3.9296303309667526,11.628479132987794,0.16666666666666666,2313042.0,385507.0,12.862317224039975,7.2520539518528135,High Performing (Top 25%)
lvZmniaq3qo,Ammu's Vlogs and Shorts,OU EXAMS PASS MARKS- GRADES- GRADE POINTS,General Education,2022-03-16,7,6,False,0,652081,2177,7,552,1624,0.33,401.53,1181.31,March,Wednesday,OU EXAMS PASS MARKS GRADES GRADE POINTS,Mixed / General,High Performing (Top 25%),Morning (5AM - 12PM),0.6730758908785872,13.069663629793387,0.1,6520810.0,652081.0,13.387925599871966,6.315358001522335,High Performing (Top 25%)
PzY3RNhk9aU,ePapere,10-11 ICT වාර විභාග සංග්‍රාමය | එක දවසින් පාඩම් සියල්ල Revision | Niroshan Dhananjaya | e-පේපරේ,General Education,2026-07-14,17,14620,False,28,17079,901,127,259000,43,6.02,397.19,0.07,July,Tuesday,1011 ICT    |     Revision | Niroshan Dhananjaya | e,Mixed / General,Standard / Niche,Prime Time (5PM - 10PM),14.268985303589204,3.360489963911065,243.66666666666666,70.09165526675787,609.9642857142857,9.745663467342562,12.464587201678082,Standard  Niche
svxyZLvVwfo,IAAC - Best Airline Training College In Asia,Best Airline Training College in Sri Lanka - IAAC ✈️🇱🇰,General Education,2025-06-24,4,6,False,0,168532,1849,11,5790,428,1.1,393.77,29.11,June,Tuesday,Best Airline Training College in Sri Lanka  IAAC ,Mixed / General,Above Average,Night / Late (10PM - 5AM),2.226876794911352,9.34693597635501,0.1,1685320.0,168532.0,12.034886855296618,8.66406026722579,Above Average
4-Kz451CvZ8,Health & Beauty Club,හෙට විභාගයට අද කරන්න පුළුවන් දේවල් how to prepare for exams in last day @health&beautyclub study tip,Motivation & Tips,2022-12-16,12,60,False,0,506733,32675,325,136000,1349,6.51,375.64,3.73,December,Friday,      how to prepare for exams in last day healthbeautyclub study tip,Mixed / General,High Performing (Top 25%),Afternoon (12PM - 5PM),13.217019613879499,7.245752923006253,1.0,506733.0,506733.0,13.135741490061468,11.820417517632333,High Performing (Top 25%)
c9nii8h9al8,Ashurshan06,✅Respect | paper dance | #shorts #youtubeshorts #dance #papercraft #dancing #art,Past Papers & Revision,2023-04-29,17,16,False,0,455525,11006,123,1670,1215,2.44,374.92,272.77,April,Saturday,Respect | paper dance | shorts youtubeshorts dance papercraft dancing art,Mixed / General,High Performing (Top 25%),Prime Time (5PM - 10PM),4.967235607266341,11.53535139741029,0.26666666666666666,1708218.75,455525.0,13.029208074184865,7.421177528595393,High Performing (Top 25%)
Xn5nn8icbM8,EZY MATH ,Classroom Decorations ✨ #timetable #srilanka කාලසටහන සිංහල school | chuttamale | beautiful words,O/L Content,2024-09-04,16,31,False,31,270208,5000,41,12800,721,1.87,374.77,21.11,September,Wednesday,Classroom Decorations  timetable srilanka   school | chuttamale | beautiful words,Sinhala Medium,Above Average,Afternoon (12PM - 5PM),3.776720156324017,8.976185758307006,0.5166666666666667,522983.2258064516,8716.387096774193,12.506951012613767,9.45727857185611,Above Average
66xSn1_EBYc,StarBean,How to study Biology🧫 (5 Study Tips📚)#motivation#fypシ#students#study#studytips#exams#shortstudy,Motivation & Tips,2023-09-28,8,16,False,0,394191,9934,55,420000,1063,2.53,370.83,0.94,September,Thursday,How to study Biology 5 Study Tipsmotivationfypstudentsstudystudytipsexamsshortstudy,Mixed / General,High Performing (Top 25%),Morning (5AM - 12PM),5.109959385171148,5.856733006021886,0.26666666666666666,1478216.25,394191.0,12.884593379227956,12.948012371209098,High Performing (Top 25%)
tnsojVV1XCI,Science Ceylon - විදු දැනුම සරලව,Boost Your Study Sessions: 5 Healthy Tips for Maximum Productivity - පාඩම් කරන අය මේ 5 අනුගමනය කරන්න,Motivation & Tips,2023-09-23,18,30,False,0,390827,22221,44,3180,1068,5.7,365.94,122.9,September,Saturday,Boost Your Study Sessions 5 Healthy Tips for Maximum Productivity      5  ,Mixed / General,High Performing (Top 25%),Prime Time (5PM - 10PM),11.42756257883923,10.713862636917511,0.5,781654.0,390827.0,12.876022844485917,8.064950891749143,High Performing (Top 25%)
l_zTYH80pNo,Saman Edirisinghe - Chemistry,ISLAND RANK එකක් ගන්න පාඩම් කරපු හැටි -  Island 4th සිසුවියගේ අදහස්,General Education,2019-12-16,3,525,False,5,886800,22461,747,20500,2445,2.62,362.7,43.26,December,Monday,ISLAND RANK        Island 4th  ,Mixed / General,High Performing (Top 25%),Night / Late (10PM - 5AM),5.4868064952638695,9.660868198012928,8.75,101348.57142857143,177360.0,13.695375884373636,9.928228944424575,High Performing (Top 25%)
DJEr7vAdDug,Ushan Gunasekara - Chemistry ,Inorganic ❓,General Education,2025-04-26,4,28,False,0,176591,3676,90,114000,487,2.13,362.61,1.55,April,Saturday,Inorganic ,Mixed / General,Above Average,Night / Late (10PM - 5AM),4.418118703671195,6.333360441925678,0.4666666666666667,378409.2857142857,176591.0,12.081597266012665,11.643962499267984,Above Average
ifSV-NQ00WE,ZeroToRich LK,හීන වෙනුවෙන් මහන්සි වෙන අයට | Sinhala Study Motivation,Motivation & Tips,2023-12-31,5,11,False,9,351348,14946,52,2110,969,4.27,362.59,166.52,December,Sunday,     | Sinhala Study Motivation,Sinhala Medium,High Performing (Top 25%),Morning (5AM - 12PM),8.581804934139372,11.008404703721562,0.18333333333333332,1916443.6363636365,39038.666666666664,12.7695353104515,7.65491704784832,High Performing (Top 25%)
pBcPRV_9rJA,Dequadro Vlog,grade 7 vs grade 9,General Education,2021-09-20,12,8,False,0,641734,10875,0,1460,1801,1.69,356.32,439.54,September,Monday,grade 7 vs grade 9,Mixed / General,High Performing (Top 25%),Afternoon (12PM - 5PM),3.389254737944382,11.961564313994014,0.13333333333333333,4813005.0,641734.0,13.371930724872374,7.2868764117507,High Performing (Top 25%)
Syik7NSBEAA,Ishara  Madushan,O/L මාස 3න් ක් A 9 k ගන්නේ කොහොමද ? | How to Take 9A s from 3 months | Exam Tips By ishara madushan,O/L Content,2023-03-02,11,421,False,16,452157,20880,1434,485000,1273,4.94,355.19,0.93,March,Thursday,O/L  3  A 9 k    | How to Take 9A s from 3 months | Exam Tips By ishara madushan,Mixed / General,High Performing (Top 25%),Morning (5AM - 12PM),10.82146245662458,5.8031048976673345,7.016666666666667,64440.427553444184,28259.8125,13.021786955255495,13.091906231773164,High Performing (Top 25%)
uGxXZ17_In0,UDMS  Production,Anuradha perera sir live.😂🤣#anuradhaperera #funny #memes #shorts,General Education,2024-09-16,14,27,False,20,250041,5717,87,2610,709,2.32,352.67,95.8,September,Monday,Anuradha perera sir liveanuradhaperera funny memes shorts,Mixed / General,Above Average,Afternoon (12PM - 5PM),4.746821521270512,10.427825058285945,0.45,555646.6666666666,12502.05,12.429384182733964,7.8674885686991285,Above Average
frz-mzhyrBA,Panchali Kodi,A/L මගේ කතාව | BIO | Panchali,A/L Content,2024-06-01,5,2959,False,25,285256,14045,1490,59700,816,5.45,349.58,4.78,June,Saturday,A/L   | BIO | Panchali,Mixed / General,Above Average,Morning (5AM - 12PM),12.45898421067392,7.421771248179771,49.31666666666667,5784.17032781345,11410.24,12.561145807300525,10.997104049659168,Above Average
i5ne8YiBtZE,child education,special education #education #special #school #teaching #shorts #youtubeshorts #shortsvideo,A/L Content,2023-02-23,14,13,False,0,445421,3088,96,1410,1280,0.71,347.99,315.9,February,Thursday,special education education special school teaching shorts youtubeshorts shortsvideo,Mixed / General,High Performing (Top 25%),Afternoon (12PM - 5PM),1.4943166128224759,11.607608548190585,0.21666666666666667,2055789.2307692308,445421.0,13.006777426388894,7.2520539518528135,High Performing (Top 25%)
x2k4Rt4aoOA,Sithumi Skills ,Study Motivation 🌈🌷✍️ #studentlife #aesthetic #studywithme #sithumiskills #studyvlog #shorts #vlog,Motivation & Tips,2025-10-10,10,23,False,10,110065,5458,172,10500,320,5.12,343.95,10.48,October,Friday,Study Motivation  studentlife aesthetic studywithme sithumiskills studyvlog shorts vlog,Mixed / General,Above Average,Morning (5AM - 12PM),10.699132330895381,8.190242361990423,0.38333333333333336,287126.0869565217,11006.5,11.608835464846521,9.259225769705994,Above Average
RUoR306-wCw,Shan Creation,Banking Assistant Jobs | Government Bank Jobs | Shan Creation | HDFC Bank Jobs | After A/L Jobs,A/L Content,2024-07-22,5,15,False,0,262378,1963,27,70400,765,0.76,342.98,3.73,July,Monday,Banking Assistant Jobs | Government Bank Jobs | Shan Creation | HDFC Bank Jobs | After A/L Jobs,Mixed / General,Above Average,Morning (5AM - 12PM),1.5477669621690842,7.1548617328106285,0.25,1049512.0,262378.0,12.477545302361655,11.161962746590705,Above Average
Vok65EzkBaU,SL Top Knowledge,ලංකාවේ වැඩිම වැටුපක් ගෙවන රැකියා 😱 - Top 10 Highest paying jobs in Sri Lanka #top10 #viral #shorts,A/L Content,2024-07-14,9,37,False,15,261757,9037,41,1880,773,3.47,338.62,139.23,July,Sunday,       Top 10 Highest paying jobs in Sri Lanka top10 viral shorts,Mixed / General,Above Average,Morning (5AM - 12PM),6.98319433673216,10.761026987075338,0.6166666666666667,424470.81081081077,17450.466666666667,12.475175691780533,7.53955882930103,Above Average
ODXWCvvaAr0,ILAKKAYA Sinhala Motivations,A/l & O/l motivation |Exam motivation sinhala |SInhala exam motivation video by ILAKKAYA |Sinhala,A/L Content,2021-03-22,12,253,False,20,649703,30231,1756,57800,1983,4.92,327.64,11.24,March,Monday,A/l  O/l motivation |Exam motivation sinhala |SInhala exam motivation video by ILAKKAYA |Sinhala,Sinhala Medium,High Performing (Top 25%),Afternoon (12PM - 5PM),10.657485035470053,8.21166579410151,4.216666666666667,154079.7628458498,32485.15,13.384272153537372,10.96476135554887,High Performing (Top 25%)
sHuSLyg1wyg,Janaka sir History class,grade 6 history sinhala medium| 6 වසර ඉතිහාසය | history grade 6 sinhala medium| lesson 2| part 1,General Education,2021-03-03,4,670,False,20,653294,11836,0,183000,2002,1.81,326.32,3.57,March,Wednesday,grade 6 history sinhala medium| 6   | history grade 6 sinhala medium| lesson 2| part 1,Sinhala Medium,High Performing (Top 25%),Night / Late (10PM - 5AM),3.623483454616145,7.061302119392208,11.166666666666666,58503.94029850746,32664.7,13.389784067347847,12.117246896289503,High Performing (Top 25%)
PkETJqYrFXw,Solve For X,Grade 11 math questions to try,General Education,2023-05-13,11,8,False,0,388808,3667,46,3140,1201,0.95,323.74,123.82,May,Saturday,Grade 11 math questions to try,Mixed / General,High Performing (Top 25%),Morning (5AM - 12PM),1.9454332215386516,10.598794568970431,0.13333333333333333,2916060.0,388808.0,12.870843499448656,8.052296499538647,High Performing (Top 25%)
0hQh25LmROw,NISAL GIMHAN SRILANKA🇱🇰,Charitha Dissanayaka Motivational Video,A/L Content,2024-02-15,3,60,False,0,298670,17324,159,3830,923,5.85,323.59,77.98,February,Thursday,Charitha Dissanayaka Motivational Video,Mixed / General,Above Average,Night / Late (10PM - 5AM),11.86694344929186,10.135969294908918,1.0,298670.0,298670.0,12.607097912112275,8.25088114470065,Above Average
NRIwxDJc47o,Ravindu Bandaranayake,Government University Entrance Guide | Complete UGC Handbook Explained (All A/L Streams Sri Lanka),A/L Content,2026-03-01,18,4321,False,6,57566,3041,290,198000,178,5.79,323.4,0.29,March,Sunday,Government University Entrance Guide | Complete UGC Handbook Explained All A/L Streams Sri Lanka,Mixed / General,Above Average,Prime Time (5PM - 10PM),13.084112149532709,4.5516217190304165,72.01666666666667,799.342744735015,9594.333333333334,10.960704765837852,12.19602736016897,Above Average
UXxt4QrQSCs,Olympiad Junior,Olympiad Maths | Olympiad Genius | Olympiad Junior,General Education,2022-02-05,16,15,False,9,533228,2111,963,7480,1663,0.58,320.64,71.29,February,Saturday,Olympiad Maths | Olympiad Genius | Olympiad Junior,Mixed / General,High Performing (Top 25%),Afternoon (12PM - 5PM),1.694772217512959,10.037118810173974,0.25,2132912.0,59247.555555555555,13.186706254404834,8.920121751872404,High Performing (Top 25%)
XaVewD2hEn0,U Dreams,පාඩම් කරන්න හිතෙන්නේ නැද්ද.. | sinhala motivation speech by @AmilaDasanayake,Motivation & Tips,2025-10-18,4,652,False,0,99176,5600,329,11300,312,5.98,317.87,8.78,October,Saturday,    | sinhala motivation speech by AmilaDasanayake,Sinhala Medium,Above Average,Night / Late (10PM - 5AM),12.951722190852626,7.93447714517117,10.866666666666667,9126.625766871166,99176.0,11.504661411551766,9.332646496360152,Above Average
0d38Yb5J2Oo,Kv Iroshan,O/L Prasthara Prashna | O/L Maths in Sinhala by Kv Iroshan | Grade 11 Prasthara kv Iroshan,O/L Content,2023-06-05,9,1825,False,29,374143,15041,749,256000,1178,4.22,317.61,1.46,June,Monday,O/L Prasthara Prashna | O/L Maths in Sinhala by Kv Iroshan | Grade 11 Prasthara kv Iroshan,Sinhala Medium,High Performing (Top 25%),Morning (5AM - 12PM),9.041195478734068,6.141414846246101,30.416666666666668,12300.591780821916,12901.48275862069,12.832396029030862,12.45293662970407,High Performing (Top 25%)
AYnjOL-1p1A,Ravindu Bandaranayake,O/L ICT Revision Seminar 5,O/L Content,2026-02-01,20,27867,False,0,64171,4028,181,198000,206,6.56,311.51,0.32,February,Sunday,O/L ICT Revision Seminar 5,Mixed / General,Above Average,Prime Time (5PM - 10PM),13.964251764815883,4.611978953631705,464.45,138.16557218215092,64171.0,11.069322257470967,12.19602736016897,Above Average
jkSyhtZ2vrs,SL_Maths,OL Mathematics 2025(2026)  | Paper 1 | Answers,O/L Content,2026-02-23,12,300,False,10,57241,867,105,1550,184,1.7,311.09,36.93,February,Monday,OL Mathematics 20252026  | Paper 1 | Answers,Mixed / General,Above Average,Afternoon (12PM - 5PM),3.946471934452578,9.349193527616698,5.0,11448.2,5724.1,10.955043173660957,7.346655163176539,Above Average
u30QEhxpdPs,Global Image,Commerce Section Dance | RÊVAURA '25   The Social Gathering of 2025 A L Batch of St Joseph’s Balika,A/L Content,2026-04-24,18,399,False,0,38151,652,0,571,124,1.71,307.67,66.81,April,Friday,Commerce Section Dance | REVAURA 25   The Social Gathering of 2025 A L Batch of St Josephs Balika,Mixed / General,Standard / Niche,Prime Time (5PM - 10PM),3.417996907027339,9.930929197705716,6.65,5736.992481203008,38151.0,10.54933345997806,6.349138991379798,Standard  Niche
LYPc21TKrB4,Study With Ravi,Short Study Vlog | Stationery Vlog  | @Study with ravi #short #srilanka #status #routine #morning,Motivation & Tips,2022-08-15,12,16,False,37,451071,10524,13,1830,1472,2.34,306.43,246.49,August,Monday,Short Study Vlog | Stationery Vlog  | Study with ravi short srilanka status routine morning,Mixed / General,High Performing (Top 25%),Afternoon (12PM - 5PM),4.680637859671759,11.232324008355333,0.26666666666666666,1691516.25,12191.108108108108,13.019382250975687,7.5126175446745105,High Performing (Top 25%)
Z6t-XnzsUKo,Balsu's Success Academy,Best MBA Course for Commerce Group Students | 11th & 12th | Tamil | @BalsusSuccessAcademy,General Education,2023-10-08,7,59,False,0,322595,7903,54,17900,1053,2.47,306.36,18.02,October,Sunday,Best MBA Course for Commerce Group Students | 11th  12th | Tamil | BalsusSuccessAcademy,Tamil Medium,High Performing (Top 25%),Morning (5AM - 12PM),4.983338241448256,8.616424256312753,0.9833333333333333,328062.7118644068,322595.0,12.68415604534033,9.792611856190192,High Performing (Top 25%)
7zx8hkY9Bug,Uni Life,💪❤️ #sinhala #motivation #studyadvice #exam #studymotivation #studytips #study #sinhalastudytips,Motivation & Tips,2024-07-02,2,15,False,0,238682,10578,33,37400,785,4.45,304.05,6.38,July,Tuesday, sinhala motivation studyadvice exam studymotivation studytips study sinhalastudytips,Sinhala Medium,Above Average,Night / Late (10PM - 5AM),8.93280599291107,7.570875632794153,0.25,954728.0,238682.0,12.382891590687244,10.529452721013085,Above Average
1f6-rZ1RnLk,Sen Tales,පෙළ පොත වැරදි..! I found a huge mistake in grade 11 history text book..!,General Education,2023-05-25,15,36,False,18,359339,17229,279,12100,1189,4.87,302.22,29.7,May,Thursday,   I found a huge mistake in grade 11 history text book,Mixed / General,High Performing (Top 25%),Afternoon (12PM - 5PM),9.97748644038081,9.102413677607572,0.6,598898.3333333334,19963.277777777777,12.792024294486563,9.401043372798053,High Performing (Top 25%)
iMsaGk_m0F0,SLTOP 10,ශ්‍රි ලංකාවේ හොදම විශ්ව විද්‍යාල 10 🤯|Top 10 university in the Sri Lanka|#top10 #sinhala #shorts,General Education,2024-02-14,12,35,False,7,277029,12188,273,14200,924,4.5,299.81,19.51,February,Wednesday,     10 |Top 10 university in the Sri Lanka|top10 sinhala shorts,Sinhala Medium,Above Average,Afternoon (12PM - 5PM),9.291806994935548,8.674247041534914,0.5833333333333334,474906.8571428571,39575.57142857143,12.5318810825542,9.561067663645012,Above Average
-1TR8K14UeU,AL Kuppiya,"""2026 A/L නංගිලා මලිලාට island 1st ගෙන් පාඩමක්""",A/L Content,2024-09-11,14,39,False,28,208425,11103,167,119000,714,5.41,291.91,1.75,September,Wednesday,2026 A/L   island 1st  ,Mixed / General,Above Average,Afternoon (12PM - 5PM),11.054815881012354,6.238016960528135,0.65,320653.8461538461,7443.75,12.247339341156232,11.686887175419702,Above Average
vQqXp_cQuHQ,Study diary,🌧 Rainy day + study vibes = perfect combo ☕📚 #StudyDiary#minivlog#sinhala#shorts,Motivation & Tips,2025-10-21,12,12,False,8,88938,2797,29,10900,309,3.18,287.83,8.16,October,Tuesday, Rainy day  study vibes  perfect combo  StudyDiaryminivlogsinhalashorts,Sinhala Medium,Above Average,Afternoon (12PM - 5PM),6.452809822573029,7.762039875188901,0.2,444690.0,11117.25,11.39570602046651,9.296609807128359,Above Average
AxTQJQO6feo,Hasith Gunawardana,"Nepenthus bite insect|බාඳුරා ශාකය,කෘමියෙක් ගිලගන්නා ආකාරය 😧😨|#Shorts",General Education,2021-11-28,20,38,False,0,497423,13728,53,29400,1732,2.77,287.2,16.92,November,Sunday,Nepenthus bite insect|    |Shorts,Mixed / General,High Performing (Top 25%),Prime Time (5PM - 10PM),5.572922844339727,8.488880955887462,0.6333333333333333,785404.7368421053,497423.0,13.11719806009211,10.288783966353765,High Performing (Top 25%)
h5Vo-7mJisQ,Fbs News,දකුණු පළාතේ විශිෂ්ටතම  පාසල් | Best Schools | Southern Province | Sri Lanka,General Education,2024-10-04,14,23,False,5,192847,3966,482,464,691,2.31,279.08,415.62,October,Friday,     | Best Schools | Southern Province | Sri Lanka,Mixed / General,Above Average,Afternoon (12PM - 5PM),5.3628005621036365,11.661278481637929,0.38333333333333336,503079.1304347826,38569.4,12.169657592828125,6.142037405587356,Above Average
YAUb_g_UseQ,NXT Online,"ලස්සන Maths ටීචර් 🥰❤ Dilhara Samaranayaka Beauty,She Lankan Maths Teacher",General Education,2022-07-17,9,8,False,38,418800,6097,199,1040,1501,1.5,279.01,402.69,July,Sunday, Maths   Dilhara Samaranayaka BeautyShe Lankan Maths Teacher,Mixed / General,High Performing (Top 25%),Morning (5AM - 12PM),3.1492359121298947,11.629423558998148,0.13333333333333333,3141000.0,11021.052631578947,12.945151145750263,6.947937068614969,High Performing (Top 25%)
dlMzXEcThj8,kwyvlogs 🌊,"After school, but sri lankan style 🇱🇰😂☁ #srilanka #study #vlog #srilankatravel #studyvlog #exam",Motivation & Tips,2025-09-02,12,10,False,0,98354,0,15,258,358,0.02,274.73,381.22,September,Tuesday,After school but sri lankan style  srilanka study vlog srilankatravel studyvlog exam,Mixed / General,Above Average,Afternoon (12PM - 5PM),0.07625515993248877,11.55917498156901,0.16666666666666666,590124.0,98354.0,11.49633866136583,5.556828061699537,Above Average
j7Yu-fGBSA4,DP Education - A/L සිංහල මාධ්‍යය,01 ඒකකය - පරමාණුක ව්‍යුහය | 01 වන කොටස රසායන විද්‍යාව Chemistry Unit 01 | Atomic structure Part 01,General Education,2021-08-04,6,3964,False,20,506377,6991,546,258000,1848,1.49,274.01,1.96,August,Wednesday,01     | 01     Chemistry Unit 01 | Atomic structure Part 01,Mixed / General,High Performing (Top 25%),Morning (5AM - 12PM),3.3003078733828746,6.287969334695204,66.06666666666666,7664.636730575177,25318.85,13.135038704950537,12.460718739865236,High Performing (Top 25%)
fiFnPH08VKo,Online Accounting,උසස් පෙළ ගිණුම්කරණ ප්‍රමිත සියල්ලම | Advanced Level | Accounting Standards | A/L | Accounting,A/L Content,2021-08-10,13,11717,False,41,501499,11043,866,101000,1842,2.37,272.26,4.97,August,Tuesday,     | Advanced Level | Accounting Standards | A/L | Accounting,Mixed / General,High Performing (Top 25%),Afternoon (12PM - 5PM),5.267408309886959,7.210916085338275,195.28333333333333,2568.05837671759,12231.682926829268,13.125358886384127,11.522885696764481,High Performing (Top 25%)
4XE4k6iDv9U,Kv Iroshan,O/L Exam Motivation - ඔබ අහන්නම ඕන කතාවක් |  How to Get 9As in the Final Month By Kv Iroshan,A/L Content,2025-02-06,12,950,False,20,151992,11585,1254,256000,566,8.45,268.54,0.59,February,Thursday,O/L Exam Motivation      |  How to Get 9As in the Final Month By Kv Iroshan,Mixed / General,Above Average,Afternoon (12PM - 5PM),19.369440496868258,5.0716588951334245,15.833333333333334,9599.494736842105,7599.6,11.93158974613638,12.45293662970407,Above Average
N9xBUYeZuL0,Hasith Gunawardana,Diving|වතුර යට කිමිදෙමුද ? |Science Channel Bro | #Shorts,General Education,2021-11-01,15,18,False,0,470507,9739,46,29400,1759,2.08,267.49,16.0,November,Monday,Diving|    |Science Channel Bro | Shorts,Mixed / General,High Performing (Top 25%),Afternoon (12PM - 5PM),4.188673069688655,8.361904531001281,0.3,1568356.6666666667,470507.0,13.061568241051116,10.288783966353765,High Performing (Top 25%)
4t_nMQQv5sg,PassMe,Oh No...🤣🤣 #passme #motivation #studytips  #shortsviral #shortstrending,A/L Content,2023-05-11,13,37,False,23,315733,14836,138,84900,1203,4.74,262.45,3.72,May,Thursday,Oh No passme motivation studytips  shortsviral shortstrending,Mixed / General,High Performing (Top 25%),Afternoon (12PM - 5PM),9.61635305780517,6.884807992423808,0.6166666666666667,511999.4594594594,13727.521739130434,12.662655365928027,11.349241150793087,High Performing (Top 25%)
trEcqBW7vsY,PassMe,🤣🤣 #passme #motivation #studytips  #shortsviral #shortstrending #education,A/L Content,2023-05-12,12,56,False,23,312837,12860,122,84900,1202,4.15,260.26,3.68,May,Friday, passme motivation studytips  shortsviral shortstrending education,Mixed / General,High Performing (Top 25%),Afternoon (12PM - 5PM),8.416523620927192,6.865637445224762,0.9333333333333333,335182.5,13601.608695652174,12.653440763650744,11.349241150793087,High Performing (Top 25%)
60epGDkFNlk,Feb Girl,I am so grateful 😩❤️ |finally @university of peradeniya #universityofperadeniya #viralvideo #shorts,General Education,2024-08-13,8,14,False,0,191992,5715,60,34300,743,3.01,258.4,5.6,August,Tuesday,I am so grateful  |finally university of peradeniya universityofperadeniya viralvideo shorts,Mixed / General,Above Average,Morning (5AM - 12PM),6.109629567898662,7.27796619687351,0.23333333333333334,822822.8571428572,191992.0,12.165214192011964,10.442929787247998,Above Average
QPGl_UMHWV0,Study with Malsha,Paper notes ideas 📝💜✨#shortsvideo #cute #asthetic  #bulletjournal #studywithmalsha,A/L Content,2023-03-08,11,15,False,22,319539,5084,24,14500,1267,1.6,252.2,22.04,March,Wednesday,Paper notes ideas shortsvideo cute asthetic  bulletjournal studywithmalsha,Mixed / General,High Performing (Top 25%),Morning (5AM - 12PM),3.2196382914135677,8.623261296673487,0.25,1278156.0,14524.5,12.674637740581563,9.581972891547895,High Performing (Top 25%)
OPm3dWunl84,Ajantha Dissanayake Official,කුලක වැඩ්ඩන්ට අභියෝගයක් part 01 I Combined Maths I Ajantha Dissanayake,General Education,2024-12-19,13,60,False,0,153665,5857,67,191000,615,3.86,249.86,0.8,December,Thursday,   part 01 I Combined Maths I Ajantha Dissanayake,Mixed / General,Above Average,Afternoon (12PM - 5PM),7.841082875085413,5.302747538827353,1.0,153665.0,153665.0,11.94253669490647,12.160033942617156,Above Average
jehGVypJ4RI,Higher Education SriLanka,O/L Motivation in Sinhala | How to get 9A in 3 Months | Higher Education Srilanka FULL HD,O/L Content,2022-02-17,1,853,False,16,411671,26410,1978,128000,1651,6.9,249.35,3.22,February,Thursday,O/L Motivation in Sinhala | How to get 9A in 3 Months | Higher Education Srilanka FULL HD,Sinhala Medium,High Performing (Top 25%),Night / Late (10PM - 5AM),15.233038032798035,6.689483590846695,14.216666666666667,28956.928487690504,25729.4375,12.92798219475777,11.759793355371237,High Performing (Top 25%)
OLt8ViPPiAc,Shenuka S Devinda,බුද්ධිමත් සිසුන්ගේ ලක්ෂණ  💯💫 | Motivation | Sinhala Motivation | Mr.ShenukaSri #motivation #shorts,Motivation & Tips,2024-03-12,11,24,False,16,223421,9631,35,76400,897,4.33,249.08,2.92,March,Tuesday,     | Motivation | Sinhala Motivation | MrShenukaSri motivation shorts,Sinhala Medium,Above Average,Morning (5AM - 12PM),8.699719363891488,6.590731724673026,0.4,558552.5,13963.8125,12.31681763883484,11.243751064074187,Above Average
k7Y15uXnD_Y,ᵐʳ.𝐊𝐚𝐮𝐬𝐡𝐚𝐥𝐲𝐚_𝐎𝐟𝐟𝐢𝐜𝐢𝐚𝐥,Top 10 Popular Mixed Schools in Sri Lanka | Best Co-Educational Schools | ඔයාගේ ඉස්කෝලේ කියන් යමු 🥰,A/L Content,2024-10-30,12,31,False,12,165417,4955,370,137000,665,3.22,248.75,1.21,October,Wednesday,Top 10 Popular Mixed Schools in Sri Lanka | Best CoEducational Schools |     ,Mixed / General,Above Average,Afternoon (12PM - 5PM),7.109305573187761,5.710385625789773,0.5166666666666667,320161.9354838709,13784.75,12.016230882736343,11.827743504053695,Above Average
Ncl_dNv0yFg,Darshana Ukuwela - Physics,"සැබෑ ධෛර්යවන්තයෙකුගේ,ඔබ ඇසිය යුතුම කතාවක් | 2023 A/L Results | Dr Darshana Ukuwela - Physics",A/L Content,2024-06-17,12,711,False,12,198226,9092,560,304000,800,4.87,247.78,0.65,June,Monday,     | 2023 A/L Results | Dr Darshana Ukuwela  Physics,Mixed / General,Above Average,Afternoon (12PM - 5PM),10.585896905552248,5.087948125198889,11.85,16727.932489451476,16518.833333333332,12.19716811763441,12.624786269856633,Above Average
8_2IBnv91zQ,OWN LibrarY,ජයග්‍රාහකයෙක් විදිහට මේකෙන් අයින් වෙන්න🔥| Amila Dasanayake Sir | OWN LibrarY#shorts #sinhala,General Education,2024-04-23,2,19,False,20,206379,8674,62,861,855,4.23,241.38,239.7,April,Tuesday,    | Amila Dasanayake Sir | OWN LibrarYshorts sinhala,Sinhala Medium,Above Average,Night / Late (10PM - 5AM),8.55610309188435,10.9657778799405,0.31666666666666665,651723.1578947369,10318.95,12.237474408669705,6.759255270663693,Above Average
VUyqrm0u7cU,Ishara  Madushan,Grade 6-11 Online Maths Classes | Whatsapp now 0112 902 405,General Education,2024-06-21,4,33,False,0,192122,8148,109,485000,796,4.3,241.36,0.4,June,Friday,Grade 611 Online Maths Classes | Whatsapp now 0112 902 405,Mixed / General,Above Average,Night / Late (10PM - 5AM),8.765784241263363,4.580303558257964,0.55,349312.72727272724,192122.0,12.165891070897318,13.091906231773164,Above Average
JcHsCyjVAp4,Cambridge International Education,POV: opening your Cambridge IGCSE™ results on 13 August,General Education,2024-08-19,14,23,False,0,175658,3418,138,55100,737,2.02,238.34,3.19,August,Monday,POV opening your Cambridge IGCSE results on 13 August,Mixed / General,Above Average,Afternoon (12PM - 5PM),4.284461852007879,6.635033540589985,0.38333333333333336,458238.2608695652,175658.0,12.076299894639238,10.916923143796645,Above Average
gPuUlpAQ2dI,🎀Shani Herath🎀,රෑට පාඩම් කරන්න tips ටිකක්📚🎀 #studytips #studymotivation #sinhalastudytips #sinhalavlogs #studyvlog,Motivation & Tips,2025-07-09,13,26,False,12,98191,3392,22,2910,413,3.48,237.75,33.74,July,Wednesday,   tips  studytips studymotivation sinhalastudytips sinhalavlogs studyvlog,Sinhala Medium,Above Average,Afternoon (12PM - 5PM),7.02101007220621,8.990028432861477,0.43333333333333335,226594.61538461538,8182.583333333333,11.494680024628877,7.976251943745623,Above Average
Rs_ZWClIioo,2024 OL memories,2024 OL exam | Ishara Madushan | maths | thank you so much for your valuable time sir 🤍🥹,O/L Content,2025-03-15,6,31,False,7,125408,5866,63,605,529,4.73,237.07,207.29,March,Saturday,2024 OL exam | Ishara Madushan | maths | thank you so much for your valuable time sir ,Mixed / General,Above Average,Morning (5AM - 12PM),9.606245215616228,10.802494584072154,0.5166666666666667,242725.16129032255,17915.428571428572,11.739335674940518,6.406879986069314,Above Average
-bfFqlhCkeE,NISAL GIMHAN SRILANKA🇱🇰,CHARITHA DISSANAYAKA MOTIVATIONAL SPEECH,A/L Content,2025-03-03,8,14,False,0,124961,4137,22,3830,541,3.33,230.98,32.63,March,Monday,CHARITHA DISSANAYAKA MOTIVATIONAL SPEECH,Mixed / General,Above Average,Morning (5AM - 12PM),6.709293299509447,8.927695909433739,0.23333333333333334,535547.1428571428,124961.0,11.735764970067072,8.25088114470065,Above Average
DE9UzBcUwSM,Amila Dasanayake,2027 A/L Chemistry New Class | Amila Dasanayake🔥 #2027al  #chemistry  #amiladasanayake,A/L Content,2025-03-30,6,110,False,16,118049,6460,100,328000,514,5.56,229.67,0.36,March,Sunday,2027 A/L Chemistry New Class | Amila Dasanayake 2027al  chemistry  amiladasanayake,Mixed / General,Above Average,Morning (5AM - 12PM),11.36816067904006,4.427014340557959,1.8333333333333333,64390.36363636364,7378.0625,11.678863542513659,12.700771936142122,Above Average
VhSWusucNyc,Akila Vimanga Senevirathna,Akila Vimanga Senevirathna - Sinhala | Episode 128 | A/L Art කරද්දි විෂයන් 3 තෝරා ගද්දී රජයේ නීති,A/L Content,2024-10-11,12,399,False,32,157079,4951,479,575000,684,3.46,229.65,0.27,October,Friday,Akila Vimanga Senevirathna  Sinhala | Episode 128 | A/L Art   3    ,Sinhala Medium,Above Average,Afternoon (12PM - 5PM),7.8285448723253905,4.1432220241682725,6.65,23620.902255639096,4908.71875,11.964510508691946,13.26212705890841,Above Average
F12imox5-_U,Maths Hub,ඔයාලටත් මේහෙම වෙලා  තියේද 😅#shorts,General Education,2022-07-03,10,18,False,25,346975,8799,25,7340,1515,2.54,229.03,47.27,July,Sunday,     shorts,Mixed / General,High Performing (Top 25%),Morning (5AM - 12PM),5.107860796887384,9.28982120798324,0.3,1156583.3333333335,13879.0,12.757010892271909,8.901230352110781,High Performing (Top 25%)
ApyGiZ9o4JA,SL TUTUWA,Top 10 boys schools in Sri Lanka#shorts,General Education,2023-08-14,17,34,True,12,253482,6794,468,10600,1108,2.86,228.77,23.91,August,Monday,Top 10 boys schools in Sri Lankashorts,Mixed / General,Above Average,Prime Time (5PM - 10PM),6.283680892528857,8.607196715798095,0.5666666666666667,447321.17647058825,21123.5,12.443052038620692,9.268703615273097,Above Average
bvxNEOQZA8Q,UniSelector: No.1 A/L App,ඔයාගේ Z Score එකයි Degree එකයි බලාගමුද🤩 #trending #alevel  #uniselector,General Education,2025-01-15,10,39,False,0,134502,2538,101,23900,588,1.96,228.74,5.63,January,Wednesday, Z Score  Degree   trending alevel  uniselector,Mixed / General,Above Average,Morning (5AM - 12PM),4.149380678354225,7.161471642527792,0.65,206926.15384615384,134502.0,11.809341782607996,10.081675578048475,Above Average
VcjRkY3vhSE,Darshana Ukuwela - Physics,A/L Private කලාම තියෙන වාසි සහ අවාසි මොනවද? | Dr Darshana Ukuwela - Physics,A/L Content,2025-07-20,10,619,False,5,91438,3311,340,304000,402,3.99,227.46,0.3,July,Sunday,A/L Private       | Dr Darshana Ukuwela  Physics,Mixed / General,Above Average,Morning (5AM - 12PM),9.101248933703712,4.237549844853278,10.316666666666666,8863.13408723748,18287.6,11.423427362275909,12.624786269856633,Above Average
WwPfwegWUoI,Epy_Short,Top10 girl's school in srilanka 🇱🇰 #shortvideo #shotfeeds #shorts #feedshorts #fyp #2024 #srilanka,O/L Content,2024-02-29,14,36,False,0,204917,4803,320,491,909,2.5,225.43,417.35,February,Thursday,Top10 girls school in srilanka  shortvideo shotfeeds shorts feedshorts fyp 2024 srilanka,Mixed / General,Above Average,Afternoon (12PM - 5PM),5.46855556152003,11.451945516595288,0.6,341528.3333333334,204917.0,12.230365178099206,6.198478716492308,Above Average
5VMXxThTcao,Strong Future ,කෙල්ලොන්ටත් පොඩි target තිබිල බෑ #motivation #sinhalamotivation #inspire #sinhala #sigma #sigmarule,Motivation & Tips,2023-07-28,1,15,False,0,249066,10862,43,20100,1125,4.38,221.39,12.39,July,Friday,  target   motivation sinhalamotivation inspire sinhala sigma sigmarule,Sinhala Medium,Above Average,Night / Late (10PM - 5AM),8.808508588085086,7.917180042749203,0.25,996264.0,249066.0,12.42547721555753,9.908524844053396,Above Average
BwhDdnb2rHA,Hasith Gunawardana,කෘමි භක්ෂක ශාක|Grade 6 Science lessons Sinhala medium Episode | Science channel Bro|2021,General Education,2021-11-11,15,31,False,7,376982,9086,0,29400,1749,2.41,215.54,12.82,November,Thursday,  |Grade 6 Science lessons Sinhala medium Episode | Science channel Bro|2021,Sinhala Medium,High Performing (Top 25%),Afternoon (12PM - 5PM),4.820389302407011,7.924514789453687,0.5166666666666667,729642.5806451612,53854.57142857143,12.83995537257524,10.288783966353765,High Performing (Top 25%)
cJJHeO4XyGY,Best of best ,Best physics teachers in sri lanka♥️ #physics #srilanka #for you #boy #maths #girl #public,General Education,2024-05-29,4,38,False,0,175864,5162,706,170,819,3.34,214.73,1034.49,May,Wednesday,Best physics teachers in sri lanka physics srilanka for you boy maths girl public,Mixed / General,Above Average,Night / Late (10PM - 5AM),7.877678205886367,12.31104975734814,0.6333333333333333,277680.0,175864.0,12.07747193423586,5.14166355650266,Above Average
Si43DWwToyo,TAMIL QUIZ,How to Study Economics Tips Motivation speech 💯 | Aakash sir Motivation status 💯| @tamil quiz,Motivation & Tips,2022-04-28,5,36,False,0,332162,21313,67,2180,1581,6.44,210.1,152.37,April,Thursday,How to Study Economics Tips Motivation speech  | Aakash sir Motivation status | tamil quiz,Tamil Medium,High Performing (Top 25%),Morning (5AM - 12PM),12.933749194670071,10.373926618215657,0.6,553603.3333333334,332162.0,12.713381091270728,7.687538766201629,High Performing (Top 25%)
EjOD_FE2zzg,SUCCESS JOURNEY,Never give up 💪 | sinhala motivation video | motivation status #shots #sinhala,Motivation & Tips,2022-11-11,3,19,False,23,289504,16091,52,49300,1384,5.58,209.18,5.87,November,Friday,Never give up  | sinhala motivation video | motivation status shots sinhala,Sinhala Medium,Above Average,Night / Late (10PM - 5AM),11.206062783243063,7.11386383517056,0.31666666666666665,914223.1578947369,12587.130434782608,12.575927847003209,10.805699643800724,Above Average
3hu8zp-SnTE,𝐀..𝐀.𝐀𝐧𝐮𝐡𝐚𝐬,Bio කරාම වෙන දේ🙂 #trending #education #funny,General Education,2025-07-25,5,104,False,0,82898,2725,108,9150,397,3.42,208.81,9.06,July,Friday,Bio    trending education funny,Mixed / General,Above Average,Morning (5AM - 12PM),7.2257473039156555,7.5458223198875904,1.7333333333333334,47825.76923076923,82898.0,11.325378278324456,9.121618441915379,Above Average
GRkt5b8MSno,Shenuka S Devinda,ලෝකයේ අමාරු උපාධි 10 ක් ☘️🌼💯| Motivation |Sinhala Motivation #shenuka sri #lifetips #life #sinhala,Motivation & Tips,2024-04-25,13,24,False,0,171924,6634,92,76400,853,3.91,201.55,2.25,April,Thursday,   10  | Motivation |Sinhala Motivation shenuka sri lifetips life sinhala,Sinhala Medium,Above Average,Afternoon (12PM - 5PM),7.984923570880157,6.119170410489051,0.4,429810.0,171924.0,12.054813614188037,11.243751064074187,Above Average
DGuYJ_KVRr8,20 minutesLk,"A/L Pass 3කින් OUSL Degree 20ක් 😍 | Open University Upcoming Degrees 2026 (Bsc, LLB,Teaching, BMS)",A/L Content,2026-05-11,12,825,False,17,21506,772,105,80100,107,4.08,200.99,0.27,May,Monday,A/L Pass 3 OUSL Degree 20  | Open University Upcoming Degrees 2026 Bsc LLBTeaching BMS,Mixed / General,Standard / Niche,Afternoon (12PM - 5PM),9.6205710034409,4.0121814135572915,13.75,1564.0727272727272,1265.0588235294117,9.976133742520982,11.291043617373028,Standard  Niche
OzwkPQWYbhA,Sadi Suba's Vlogs 🖤🌜,🌞😏 | Morning Study Routine #minivlog #studyroutine #sinhalavlog #motivation #exampreparation,Motivation & Tips,2025-10-12,4,59,False,0,63905,2763,0,7480,318,4.32,200.96,8.54,October,Sunday, | Morning Study Routine minivlog studyroutine sinhalavlog motivation exampreparation,Sinhala Medium,Above Average,Night / Late (10PM - 5AM),8.64721070338784,7.448449404600612,0.9833333333333333,64988.135593220344,63905.0,11.06516853267122,8.920121751872404,Above Average
zy4nrlCnA6E,The Kotuwa,🏆 ශ්‍රී ලංකාවේ හොඳම බාලිකා පාසල් 10 | 🏆 Top 10 Best Girls' Schools in Sri Lanka #srilanka #top10,General Education,2025-03-25,14,51,False,34,103897,2565,198,1580,519,2.66,200.19,65.76,March,Tuesday,      10 |  Top 10 Best Girls Schools in Sri Lanka srilanka top10,Mixed / General,Above Average,Afternoon (12PM - 5PM),5.8904491948756945,9.485354625346046,0.85,122231.76470588235,3055.794117647059,11.551164927623898,7.3658128372094716,Above Average
zAz3bI6Lw74,MIHIN LIYANARACHCHI,22 nd Birthday !,General Education,2023-09-26,6,58,False,0,211313,8367,145,96400,1065,4.03,198.42,2.19,September,Tuesday,22 nd Birthday ,Mixed / General,Above Average,Morning (5AM - 12PM),8.262151405734622,6.076586181324625,0.9666666666666667,218599.6551724138,211313.0,12.261100457916617,11.476271853988816,Above Average
7em-agc2cP4,SIYOMATHS,Indices & Logarithm |Darshaka ha laguganaka |Past Paper Discussion | Grade 10-11 & O/L |Siyomaths 🇱🇰,O/L Content,2020-06-12,12,2847,False,21,449422,18432,3386,245000,2266,4.85,198.33,1.83,June,Friday,Indices  Logarithm |Darshaka ha laguganaka |Past Paper Discussion | Grade 1011  O/L |Siyomaths ,Mixed / General,High Performing (Top 25%),Afternoon (12PM - 5PM),11.969596503953968,5.896999734879777,47.45,9471.485774499473,21401.04761904762,13.015719816773993,12.409017571151187,High Performing (Top 25%)
CL58z14Sdmc,ateamacad,GCSE vs. IGCSE (the REAL differences),A/L Content,2022-02-03,15,48,False,26,327976,8818,249,3190,1665,2.76,196.98,102.81,February,Thursday,GCSE vs IGCSE the REAL differences,Mixed / General,High Performing (Top 25%),Afternoon (12PM - 5PM),5.7568236700246365,9.916034203101773,0.8,409970.0,12614.461538461539,12.700698762956403,8.068089626278244,High Performing (Top 25%)
rAXKGAUzs3M,Virul Weerakoon Biology,Rotary Class පටන් ගත්ත විදිහ  | Virul Weerakoon - Biology 🧬,General Education,2023-12-13,11,59,False,25,193829,9587,70,32100,987,4.98,196.38,6.04,December,Wednesday,Rotary Class     | Virul Weerakoon  Biology ,Mixed / General,Above Average,Morning (5AM - 12PM),10.072796124418947,7.07929828871321,0.9833333333333333,197114.2372881356,7753.16,12.17473676522032,10.376642461280849,Above Average
c3wMjE7s5eM,Smarty Study ,Study motivation video - sinhala  #viral  #studytips #shorts,A/L Content,2024-04-19,7,21,False,0,168221,7040,14,4210,859,4.19,195.83,39.96,April,Friday,Study motivation video  sinhala  viral  studytips shorts,Sinhala Medium,Above Average,Morning (5AM - 12PM),8.411553848806035,8.965253671081681,0.35,480631.4285714286,168221.0,12.033039814638476,8.345455428161928,Above Average
3EFszLBcpDA,Wishwa Productions,A/L Island Ranks Story #bio_karayo,A/L Content,2023-06-18,11,60,False,3,227885,21710,478,27800,1165,9.74,195.61,8.2,June,Sunday,A/L Island Ranks Story biokarayo,Mixed / General,Above Average,Morning (5AM - 12PM),20.10224455317375,7.380880281669259,1.0,227885.0,75961.66666666667,12.336600782894896,10.232827270254802,Above Average
JjaUyCWKhPU,Vishwa Perera,#doctor #motivation medical students in Sri Lanka | Vishwa Perera,A/L Content,2025-12-04,14,15,False,0,51307,1761,36,27100,265,3.5,193.61,1.89,December,Thursday,doctor motivation medical students in Sri Lanka | Vishwa Perera,Mixed / General,Standard / Niche,Afternoon (12PM - 5PM),7.215389712904671,5.905151744240441,0.25,205228.0,51307.0,10.84560196441974,10.207325906555994,Standard  Niche
ixSMdSQrSg0,Nadeesha Koralage,2028 A/L Business Studies | Theory - Day 01 |  Nadeesha Koralage,A/L Content,2026-03-06,15,7394,False,0,33298,1495,86,26000,173,4.75,192.47,1.28,March,Friday,2028 A/L Business Studies | Theory  Day 01 |  Nadeesha Koralage,Mixed / General,Standard / Niche,Afternoon (12PM - 5PM),10.27088714036879,5.510851233683442,123.23333333333333,270.2028671896132,33298.0,10.413282645487595,10.165890277802454,Standard  Niche
DCj4S8C-Cyo,Dr Science,Photosynthesis Experiment - Tamil - Dr Science,General Education,2022-12-26,14,60,False,22,256050,3697,29,10700,1339,1.46,191.22,23.93,December,Monday,Photosynthesis Experiment  Tamil  Dr Science,Tamil Medium,Above Average,Afternoon (12PM - 5PM),2.9443468072642065,8.42877601220409,1.0,256050.0,11638.636363636364,12.453131922370279,9.278092474027002,Above Average
u56EzXAvKQk,Arpita Karwa,Information & Communication Technology (ICT) |  NTA UGC NET Paper 1 Syllabus | Part 1,Past Papers & Revision,2021-06-20,4,812,False,22,356638,7320,60,657000,1893,2.07,188.4,0.54,June,Sunday,Information  Communication Technology ICT |  NTA UGC NET Paper 1 Syllabus | Part 1,Mixed / General,High Performing (Top 25%),Night / Late (10PM - 5AM),4.189121742495192,4.632162591051692,13.533333333333333,26352.56157635468,16210.818181818182,12.784479344667806,13.395440819535605,High Performing (Top 25%)
Fbvexqq0BrY,Kv Iroshan,2020 O/L Maths Past Paper Discussion in Sinhala |2020 සාමාන්‍ය පෙළ ගණිතය පසුගිය විභාග ප්‍රශ්න පත්‍රය,O/L Content,2022-01-31,10,1674,False,22,313686,13457,589,256000,1668,4.48,188.06,1.23,January,Monday,2020 O/L Maths Past Paper Discussion in Sinhala |2020       ,Sinhala Medium,High Performing (Top 25%),Morning (5AM - 12PM),9.518754423213021,5.4480890439524945,27.9,11243.225806451614,14258.454545454546,12.656150952453002,12.45293662970407,High Performing (Top 25%)
idswG6x-4ng,Nahima's World,Looking for a notebook cover design? 🥴 #notebook #coverdesign #papercraft #stickynotes,Past Papers & Revision,2023-03-15,12,45,False,0,235071,6366,23,10200,1260,2.72,186.56,23.05,March,Wednesday,Looking for a notebook cover design  notebook coverdesign papercraft stickynotes,Mixed / General,Above Average,Afternoon (12PM - 5PM),5.465157335443334,8.366651192460703,0.75,313428.0,235071.0,12.367647129179339,9.23024103368252,Above Average
fALfyGiZ5ag,ILAKKAYA Sinhala Motivations,A/l & O/l motivation |Exam motivation sinhala |SInhala exam motivation video by ILAKKAYA |Sinhala,A/L Content,2021-12-18,13,237,False,20,319082,14713,702,57800,1712,4.83,186.38,5.52,December,Saturday,A/l  O/l motivation |Exam motivation sinhala |SInhala exam motivation video by ILAKKAYA |Sinhala,Sinhala Medium,High Performing (Top 25%),Afternoon (12PM - 5PM),10.322111557530667,6.9371369781632195,3.95,80780.25316455695,15954.1,12.673206536011705,10.96476135554887,High Performing (Top 25%)
khWIct_7Zz8,AL Kuppiya,A/L වලින් මං ලංකාවෙන්ම පළවෙනියා,A/L Content,2023-06-17,11,58,False,19,217233,13266,334,119000,1166,6.26,186.31,1.83,June,Saturday,A/L    ,Mixed / General,Above Average,Morning (5AM - 12PM),12.982373764575364,5.83465663162172,0.9666666666666667,224723.79310344826,11433.315789473685,12.288730392544384,11.686887175419702,Above Average
uJr532EfAvw,AL Kuppiya,"""NASA යන්න bio maths දෙකෙන්ම A/L  කරා 🚀🤯""",A/L Content,2024-09-10,12,42,False,27,132980,4973,45,119000,715,3.77,185.99,1.12,September,Tuesday,NASA  bio maths  A/L   ,Mixed / General,Above Average,Afternoon (12PM - 5PM),7.648518574221687,5.343810673479702,0.7,189971.42857142858,4925.185185185185,11.79796153985598,11.686887175419702,Above Average
NhxpOT4iq7Y,Get My First Job,Like studying Geography? Here's what you could become... | GetMyFirstJob,Motivation & Tips,2023-03-05,12,18,False,34,233827,5262,92,777,1270,2.29,184.12,300.94,March,Sunday,Like studying Geography Heres what you could become | GetMyFirstJob,Mixed / General,Above Average,Afternoon (12PM - 5PM),4.697490024676363,10.922516675702798,0.3,779423.3333333334,6877.264705882353,12.362341081328433,6.656726524178391,Above Average
Am_-AN8p3s0,Ganitha Papers OL,25 Most Important Short Questions for O/L Mathematics | 2026 OL,O/L Content,2026-02-09,12,4838,False,10,35819,1894,175,172000,198,5.78,180.9,0.21,February,Monday,25 Most Important Short Questions for O/L Mathematics | 2026 OL,Mixed / General,Standard / Niche,Afternoon (12PM - 5PM),13.018230548033166,3.663279555063651,80.63333333333334,444.22075237701523,3581.9,10.486261675614703,12.055255569732177,Standard  Niche
AWke7Ektb5w,Tasun Vithanage,Motivation නෙවේ Discipline තියාගන්න 🧠 #island1st #srilanka #education #alevel #alevels2024 #study,Motivation & Tips,2024-06-14,5,46,False,0,145090,11932,92,5640,803,8.29,180.68,25.73,June,Friday,Motivation  Discipline   island1st srilanka education alevel alevels2024 study,Mixed / General,Above Average,Morning (5AM - 12PM),16.764766696533187,8.444600218763316,0.7666666666666667,189247.8260869565,145090.0,11.885116410759741,8.637816633739977,Above Average
ZweqfFiUX_M,SATHARA EDUCATION,2025 O/L Past Paper Books Will Release 23rd Of September,O/L Content,2025-09-17,7,35,False,8,61813,7,1,2370,343,0.01,180.21,26.08,September,Wednesday,2025 O/L Past Paper Books Will Release 23rd Of September,Mixed / General,Above Average,Morning (5AM - 12PM),0.030737870674453598,8.455504323490757,0.5833333333333334,105965.14285714286,7726.625,11.031885155006929,7.771067086065406,Above Average
GmLL2j39ghk,Janaka sir History class,grade 9 history sinhala medium lesson1| 9 වසර ඉතිහාසය- | history grade 9 sinhala medium-lesson 1,General Education,2021-02-12,9,960,False,18,359286,10561,1677,183000,2021,3.41,177.78,1.96,February,Friday,grade 9 history sinhala medium lesson1| 9   | history grade 9 sinhala mediumlesson 1,Sinhala Medium,High Performing (Top 25%),Morning (5AM - 12PM),8.212677365664122,5.856357055949578,16.0,22455.375,19960.333333333332,12.791876790983087,12.117246896289503,High Performing (Top 25%)
hO0lom1VtsM,Little Life Light,පාඩම් කරන්න කලින් මේ දේවල් කරලා බලන්න 📖️💫#study #fyp #viral #shorts#reels#trending #tips #motivation,A/L Content,2025-07-08,8,21,False,0,71795,3325,10,1270,414,4.65,173.42,56.53,July,Tuesday,       study fyp viral shortsreelstrending tips motivation,Mixed / General,Above Average,Morning (5AM - 12PM),9.332126192631799,9.190589868521531,0.35,205128.57142857145,71795.0,11.181584043178033,7.147559271189454,Above Average
NfIbBcCF9ww,Numbers & Numbers,A Nice Math Olympiad Algebraic Expansions Problem. #math #olympiad #mathematics #matholympiad #viral,General Education,2023-06-14,10,51,False,28,201185,0,133,51400,1169,0.07,172.1,3.91,June,Wednesday,A Nice Math Olympiad Algebraic Expansions Problem math olympiad mathematics matholympiad viral,Mixed / General,Above Average,Morning (5AM - 12PM),0.33054154136739816,6.513098054715527,0.85,236688.23529411765,7185.178571428572,12.211985132281777,10.847412906506923,Above Average
brdAXYbJUW4,DD ACADEMY CHENNAI,11th ல COMMERCE GROUP எடுக்கணுமா?,General Education,2025-05-26,15,58,False,34,78136,1923,25,7460,457,2.49,170.98,10.47,May,Monday,11th  COMMERCE GROUP ,Mixed / General,Above Average,Afternoon (12PM - 5PM),5.0821644312480805,7.4906190686156435,0.9666666666666667,80830.3448275862,2298.1176470588234,11.266218975243431,8.917444732471514,Above Average
mRcxSEE_koU,Nimnavee,නුවර පාසල් ? Top Schools in Kandy | Sri Lanka,General Education,2025-01-02,8,21,False,0,99583,2442,310,27000,601,2.76,165.7,3.69,January,Thursday,   Top Schools in Kandy | Sri Lanka,Mixed / General,Above Average,Morning (5AM - 12PM),6.460942128676582,6.417439548680504,0.35,284522.85714285716,99583.0,11.508756788098008,10.203629181337648,Above Average
PnDIXfCdbZM,Motivations for A/Ls,පැනපං Tech වලට | A/L Combined Maths | Ajantha Dissanayake,A/L Content,2023-08-30,0,60,False,0,180626,9285,267,47600,1092,5.29,165.41,3.79,August,Wednesday, Tech  | A/L Combined Maths | Ajantha Dissanayake,Mixed / General,Above Average,Night / Late (10PM - 5AM),11.020008193726264,6.442387129280899,1.0,180626.0,180626.0,12.104189410451893,10.7706090484022,Above Average
ojGSdc3FT7s,Maths with Chathura Madushan ,2024 (2025) O/L Result Release උනාම A/L Subject තෝරගන්න විදිහ | Best A/L Subjects Sinhala Guide,A/L Content,2025-07-05,4,6,False,12,68868,511,127,38600,417,0.93,165.15,1.78,July,Saturday,2024 2025 O/L Result Release  A/L Subject   | Best A/L Subjects Sinhala Guide,Sinhala Medium,Above Average,Night / Late (10PM - 5AM),2.40605215775106,5.686863485675751,0.1,688680.0,5739.0,11.139961428322973,10.5610334618531,Above Average
TN4mw5cHNyM,Rehansa Dewdini,මම A/L Econ වලට 90+ A එකක් ගන්න වැඩ කරපු විදිහ 😮‍💨💗,A/L Content,2025-03-17,13,775,False,0,86837,4766,616,22300,527,6.2,164.78,3.89,March,Monday, A/L Econ  90 A      ,Mixed / General,Above Average,Afternoon (12PM - 5PM),14.523762912122711,6.464579269381239,12.916666666666666,6722.864516129032,86837.0,11.37179959286566,10.012386799492118,Above Average
G_2vO9OpzTU,Study Squad,Physics වලට A එකක් ලේසියෙන්ම ගන්න විදිය | Dr Rosa Sir,General Education,2023-10-27,11,1144,False,0,169489,5569,121,2420,1034,3.36,163.92,70.04,October,Friday,Physics  A     | Dr Rosa Sir,Mixed / General,Above Average,Morning (5AM - 12PM),6.928473234251191,9.348532108309774,19.066666666666666,8889.283216783217,169489.0,12.0405492070121,7.791935956938058,Above Average
Wm_M4nNP5Lo,Siwwana Manaya ( The 4th Dimension ),ඔයා සඳ මත ඉපදුනොත්? | What if you born in the moon? #Shorts #science #sinhala,General Education,2023-03-22,11,52,False,27,205054,8510,37,2520,1253,4.17,163.65,81.37,March,Wednesday,    | What if you born in the moon Shorts science sinhala,Sinhala Medium,Above Average,Morning (5AM - 12PM),8.390472753518585,9.496811749332336,0.8666666666666667,236600.76923076922,7594.592592592592,12.231033514819426,7.83241092718792,Above Average
xncFPRkq9-A,A/L Minds,Real motivation🔥❤️😱 #trending #shorts  #motivation #chemistry #education #success #sinhala #viral,A/L Content,2025-01-07,3,27,False,17,97073,5660,46,11600,596,5.88,162.87,8.37,January,Tuesday,Real motivation trending shorts  motivation chemistry education success sinhala viral,Sinhala Medium,Above Average,Night / Late (10PM - 5AM),11.898262132621841,7.218339508456374,0.45,215717.77777777778,5710.176470588235,11.483228853233392,9.358846580275406,Above Average
fQDPcMLEVaE,SITHIVILI_සිතිවිලි ,For girls🔥😎Sinhala motivation|Motivation|Sigma rules|success|Sithivili|Srilanka|@SITHIVILI_,Motivation & Tips,2025-01-30,18,22,False,0,92900,6818,18,8230,573,7.36,162.13,11.29,January,Thursday,For girlsSinhala motivation|Motivation|Sigma rules|success|Sithivili|Srilanka|SITHIVILI,Sinhala Medium,Above Average,Prime Time (5PM - 10PM),14.775026910656619,7.512862025982588,0.36666666666666664,253363.63636363638,92900.0,11.439289689006644,9.015662792972645,Above Average
pJBRzSwbKgk,Maths Crew,"Time table sinhala - A/l , o/l & grade 5 - How to make time table -  නිවැරදි ලෙස කාල සටහනන් හදමු.",A/L Content,2021-09-11,13,321,False,22,284047,10238,301,54100,1810,3.71,156.93,5.25,September,Saturday,Time table sinhala  A/l  o/l  grade 5  How to make time table       ,Sinhala Medium,Above Average,Afternoon (12PM - 5PM),7.738508063806342,6.715240951948961,5.35,53092.897196261685,12911.227272727272,12.556898516946578,10.898607948952096,Above Average
WbbjqNXuAeI,Bio Api,විභාගේ ගොඩදාන සුපිරි සැළසුම - A/L Study Plan Sinhala - 📚 Exam Tips 2024 from Bio Api 🌱,A/L Content,2024-08-31,12,838,False,25,113756,6926,454,558000,725,6.49,156.9,0.2,August,Saturday,     A/L Study Plan Sinhala   Exam Tips 2024 from Bio Api ,Sinhala Medium,Above Average,Afternoon (12PM - 5PM),14.172439255951335,3.477540948249489,13.966666666666667,8144.821002386635,4550.24,11.641819873381323,13.232116033476537,Above Average
i__FIVkwaC0,Goals 🌷🍃,Short Note 📒❤📚 #goals #minivlog #motivation #exam #shortnotes #2025 #A/L,A/L Content,2025-09-04,3,32,False,0,55534,1799,7,15300,356,3.25,155.99,3.63,September,Thursday,Short Note  goals minivlog motivation exam shortnotes 2025 A/L,Mixed / General,Above Average,Night / Late (10PM - 5AM),6.541938272049555,6.340789017384085,0.5333333333333333,104126.25,55534.0,10.92476873160122,9.635673464721814,Above Average
7raJzRnAl_s,Combined Maths With Sola,2022 A/L Island 1st Congratulation Maneth Banula Perera,A/L Content,2023-09-04,12,35,False,0,166471,6197,105,17600,1087,3.79,153.15,9.46,September,Monday,2022 A/L Island 1st Congratulation Maneth Banula Perera,Mixed / General,Above Average,Afternoon (12PM - 5PM),7.760510839725838,7.279180205116229,0.5833333333333334,285378.8571428571,166471.0,12.022582406092615,9.77571099759397,Above Average
tVpei6Xvgyo,Hasith Gunawardana,"බැලුන් එකකින් බිමට පනිමුද ? 😍
Grade 6 Science lessons |Sinhala medium | Sky diving #Shorts",General Education,2021-10-21,3,28,False,4,270057,9607,40,29400,1770,3.57,152.57,9.19,October,Thursday,"     
Grade 6 Science lessons |Sinhala medium | Sky diving Shorts",Sinhala Medium,Above Average,Night / Late (10PM - 5AM),7.18885272368426,7.246452395863539,0.4666666666666667,578693.5714285714,67514.25,12.506392029725928,10.288783966353765,Above Average
fYqiOJ6cfdw,Ishara  Madushan,Best Online Maths Class for Grade 6-11,General Education,2024-05-26,22,10,False,0,125082,4198,78,485000,822,3.42,152.17,0.26,May,Sunday,Best Online Maths Class for Grade 611,Mixed / General,Above Average,Night / Late (10PM - 5AM),7.024192129962745,3.702885904217824,0.16666666666666666,750492.0,125082.0,11.736732795933975,13.091906231773164,Above Average
AgIIonUwww0,සුධර්මාරාමේ රිලවා...,A/l Combined Maths Tharaka Bandara|| #trending #education,A/L Content,2025-03-15,3,34,False,0,80013,2280,63,62400,529,2.93,151.25,1.28,March,Saturday,A/l Combined Maths Tharaka Bandara|| trending education,Mixed / General,Above Average,Night / Late (10PM - 5AM),6.092759926511942,5.270946169751904,0.5666666666666667,141199.41176470587,80013.0,11.289956898345304,11.041336579870135,Above Average
qdXCd1oZwEA,AL Kuppiya,"""Bio පාඩම් කරන්න කෙටි ක්‍රම හදමු 👽 """,General Education,2024-09-16,14,56,False,27,106925,4347,11,119000,709,4.08,150.81,0.9,September,Monday,Bio       ,Mixed / General,Above Average,Afternoon (12PM - 5PM),8.182370820668693,4.918000864610343,0.9333333333333333,114562.5,3960.185185185185,11.579892285401154,11.686887175419702,Above Average
vBcGr8yChsI,DrD Vlog,One of the BEST COURSES in SRI LANKA after AL #after12thcourses  #2025,A/L Content,2025-08-26,23,5,False,20,54778,393,3,7180,365,0.72,150.08,7.63,August,Tuesday,One of the BEST COURSES in SRI LANKA after AL after12thcourses  2025,Mixed / General,Above Average,Night / Late (10PM - 5AM),1.462265873160758,7.044129227713293,0.08333333333333333,657336.0,2738.9,10.911062187812915,8.879193928110318,Above Average
MzxKc2KKAHA, Divyanjali 🌷,"""Study with me"" | 10.00pm-2.00am | late night study time 🍃📚🌙  #lifestyle #night #study",Motivation & Tips,2025-06-13,21,39,False,0,65821,2767,38,13400,439,4.26,149.93,4.91,June,Friday,Study with me | 1000pm200am | late night study time   lifestyle night study,Mixed / General,Above Average,Prime Time (5PM - 10PM),8.69631272694125,6.602799945688122,0.65,101263.07692307692,65821.0,11.09470940793663,9.503084610020228,Above Average
IXhkPIOr4rY,Ceylon10,ලංකාවේ හොඳම බාලිකා පාසල් 10 Top 10 Girls' Schools in Sri Lanka | #girl #school #top10 #video,O/L Content,2025-04-26,4,22,False,0,72812,1296,102,64700,487,1.92,149.51,1.13,April,Saturday,    10 Top 10 Girls Schools in Sri Lanka | girl school top10 video,Mixed / General,Above Average,Night / Late (10PM - 5AM),4.260286765917706,5.135482504795981,0.36666666666666664,198578.18181818182,72812.0,11.19564978967137,11.07753193632009,Above Average
ZqH0ExFmh8w,Life in scrubs 🩺,Mini day vlog ♥️ #medicalstudent #srilanka #shorts #studyvlog #motivation,Motivation & Tips,2025-07-26,12,75,False,0,59005,3615,26,11200,396,6.17,149.0,5.27,July,Saturday,Mini day vlog  medicalstudent srilanka shorts studyvlog motivation,Mixed / General,Above Average,Afternoon (12PM - 5PM),12.473519193288704,6.667249370489211,1.25,47204.0,59005.0,10.985394412632534,9.32375833901174,Above Average
Us1HC9atzYA,Maths Hub,12  ගුණාකාරය  තප්පර දෙකෙන්  මනෝමයෙන්  ලියමු   Maths Tricks Sinhala   #SHORTS#,General Education,2022-02-06,15,47,False,26,246340,7431,75,7340,1662,3.05,148.22,33.56,February,Sunday,12            Maths Tricks Sinhala   SHORTS,Sinhala Medium,Above Average,Afternoon (12PM - 5PM),6.185353576357879,8.51223355271591,0.7833333333333333,314476.59574468085,9474.615384615385,12.414472033917292,8.901230352110781,Above Average
xhxtuL6eOu0,AL Kuppiya,"""Bio ශීත ආතතිය ට කෙටි ක්‍රමයක්"" #alkuppiya",General Education,2024-09-05,12,45,False,27,105475,5112,60,119000,720,4.9,146.49,0.89,September,Thursday,Bio      alkuppiya,Mixed / General,Above Average,Afternoon (12PM - 5PM),9.977719838824365,4.8780642021401786,0.75,140633.33333333334,3906.4814814814813,11.566238717867245,11.686887175419702,Above Average
BSU_feZpRyE,GANDABBA,"How to get A pass for Sinhala , History , ICT  on the last day  |  Last day study plan for OL",Motivation & Tips,2023-05-25,14,2287,False,32,172204,11935,1848,33300,1189,8.0,144.83,5.17,May,Thursday,How to get A pass for Sinhala  History  ICT  on the last day  |  Last day study plan for OL,Sinhala Medium,Above Average,Afternoon (12PM - 5PM),19.227195651668954,6.619767959947358,38.11666666666667,4517.813729777,5381.375,12.056440906558876,10.413342705547674,Above Average
sWy1FtWNMnI,Scipio Guides,How to select A/L subjects | ⚠️මේ වැරදි කරොත් කැම්පස් යන්න බෑ | Scipio Guides 🦊,A/L Content,2025-04-10,11,1198,False,43,72526,4448,188,100000,503,6.39,144.19,0.73,April,Thursday,How to select A/L subjects |       | Scipio Guides ,Mixed / General,Above Average,Morning (5AM - 12PM),13.562032926123047,4.665876686805291,19.966666666666665,3632.3539232053427,1686.6511627906978,11.191714185307065,11.51293546492023,Above Average
HUNPwk59tCw,Ravindu Bandaranayake,O/L ICT Revision Seminar 4,O/L Content,2025-03-08,21,22878,False,0,77045,4537,282,198000,536,6.25,143.74,0.39,March,Saturday,O/L ICT Revision Seminar 4,Mixed / General,Above Average,Prime Time (5PM - 10PM),13.60763190343306,4.044078809907766,381.3,202.05874639391556,77045.0,11.252157925059329,12.19602736016897,Above Average
KzL6FaG4pNU,Pimma - පිම්ම,Chemistry ද ICT ද වැඩියෙන් වටින්නේ? 🤨 #charithadissanayake #physics #chemistry #ICT #advancedlevel,General Education,2023-10-25,6,60,False,0,148275,6521,234,5050,1036,4.56,143.12,29.36,October,Wednesday,Chemistry  ICT     charithadissanayake physics chemistry ICT advancedlevel,Mixed / General,Above Average,Morning (5AM - 12PM),9.584892935424042,8.34355459636576,1.0,148275.0,148275.0,11.906830680909442,8.527341522468053,Above Average
co6qLr3J6rY,Ishara  Madushan,පයිතගරස් ප්‍රමේය විනාඩි 5 න් | ජීවිතයට Maths | Episode 3 | By Ishara Madushan,General Education,2023-04-24,9,342,False,10,172545,7027,318,485000,1220,4.26,141.43,0.36,April,Monday,   5  |  Maths | Episode 3 | By Ishara Madushan,Mixed / General,Above Average,Morning (5AM - 12PM),9.066620301950216,3.9496039132968743,5.7,30271.052631578947,17254.5,12.058419146570982,13.091906231773164,Above Average
6Efjmsrt5AU,Edu Tips,⭕ Short term courses from the Open University of Sri Lanka.⛔https://youtu.be/lFUZfSlWZko,General Education,2023-05-07,7,11,False,7,169245,1767,73,27300,1207,1.09,140.22,6.2,May,Sunday, Short term courses from the Open University of Sri Lankahttps//youtube/lFUZfSlWZko,Mixed / General,Above Average,Morning (5AM - 12PM),2.303760820112854,6.7689115149522,0.18333333333333332,923154.5454545455,24177.85714285714,12.03910855681725,10.214678610538817,Above Average
2_83mxjJeAU,Kv Iroshan,O/L Maths Sinhala - Jyamithiya | Geometry Question from 2020 O/L Maths Examination | Kv Jyamithiya,O/L Content,2022-05-20,5,2060,False,22,212641,9748,496,256000,1559,4.82,136.4,0.83,May,Friday,O/L Maths Sinhala  Jyamithiya | Geometry Question from 2020 O/L Maths Examination | Kv Jyamithiya,Sinhala Medium,Above Average,Morning (5AM - 12PM),10.334789621944969,4.738056370510625,34.333333333333336,6193.427184466019,9665.5,12.267365279470937,12.45293662970407,Above Average
EXiKUWGJM0A,MIHIN LIYANARACHCHI,Econ ඉගෙනගන්න විදිය වෙනස් කලා 😎 #mihinliyanarachchi #education #onlineecon #econonline #bestecon,General Education,2025-02-15,15,21,False,0,74959,3221,21,96400,557,4.33,134.58,0.78,February,Saturday,Econ      mihinliyanarachchi education onlineecon econonline bestecon,Mixed / General,Above Average,Afternoon (12PM - 5PM),8.734107979028535,4.663178682849507,0.35,214168.57142857145,74959.0,11.224709916912303,11.476271853988816,Above Average
weWXohdGvUA,Namal Dilanka,ඇත්තටම කොමස් ලේසි ද？😢❤️ ｜ Accounting with Namal Dilanka,A/L Content,2025-07-28,2,36,False,21,52819,3668,62,55100,394,7.06,134.06,0.96,July,Monday,     Accounting with Namal Dilanka,Mixed / General,Standard / Niche,Night / Late (10PM - 5AM),14.47585149283402,4.865205586910638,0.6,88031.66666666667,2515.190476190476,10.874645185851124,10.916923143796645,Standard  Niche
ZvXoRoXm8DU,Techsiyo AL,Introduction about the subjects of AL technology | jobs related to the technology | Techsiyo,A/L Content,2022-09-05,1,750,False,6,194109,9462,580,18100,1451,5.17,133.78,10.72,September,Monday,Introduction about the subjects of AL technology | jobs related to the technology | Techsiyo,Mixed / General,Above Average,Night / Late (10PM - 5AM),11.243167498673426,7.2690048632795605,12.5,15528.72,32351.5,12.176180287665137,9.803722464346553,Above Average
JFZIEqVGAyY,sl dinuj creation ,lasantha_sir | a/l_accounting | motivation | #lasanthaniroshan,A/L Content,2025-06-29,16,34,False,0,56429,4405,25,1780,423,7.85,133.4,31.7,June,Sunday,lasanthasir | a/laccounting | motivation | lasanthaniroshan,Mixed / General,Above Average,Afternoon (12PM - 5PM),15.834056956529444,8.34990526123152,0.5666666666666667,99580.58823529413,56429.0,10.940756210963185,7.484930283289661,Above Average
MBBsYBeMVaE,UNISTEM Sri Lanka,Never dream for success but work for it😍🙌 #shorts #university #graduation,General Education,2023-05-10,8,12,False,0,160378,2957,4,833,1204,1.85,133.2,192.53,May,Wednesday,Never dream for success but work for it shorts university graduation,Mixed / General,Above Average,Morning (5AM - 12PM),3.700008729376847,10.152142737049306,0.2,801890.0,160378.0,11.98529504315016,6.726233402358747,Above Average
noE1h73XPjQ,MIHIN LIYANARACHCHI,2025 AL | THE LAST DANCE 💃🕺| ECON MAGIC REVISION | LESSON 01 | DAY 01,A/L Content,2025-08-05,18,14154,False,0,51097,2387,167,96400,386,5.0,132.38,0.53,August,Tuesday,2025 AL | THE LAST DANCE | ECON MAGIC REVISION | LESSON 01 | DAY 01,Mixed / General,Standard / Niche,Prime Time (5PM - 10PM),10.977161085778029,4.264950536578247,235.9,216.60449342941925,51097.0,10.841500636482598,11.476271853988816,Standard  Niche
k6dIrLz6RaE,Geekpranee ,Open University of Sri Lanka,General Education,2024-12-08,8,455,False,15,82736,2984,379,122000,626,4.06,132.17,0.68,December,Sunday,Open University of Sri Lanka,Mixed / General,Above Average,Morning (5AM - 12PM),9.503722684200348,4.509491538307816,7.583333333333333,10910.241758241758,5515.733333333334,11.323422181199973,11.711784520403112,Above Average
3LqkGcW5dC4,Rashee Diary,Focus On Your Goal👩‍🎓📚 #study #vlog #amiladasanayake #motivation #foryou #sinhala #exam,Motivation & Tips,2025-10-25,14,25,False,0,40065,1603,7,1170,305,4.02,131.36,34.24,October,Saturday,Focus On Your Goal study vlog amiladasanayake motivation foryou sinhala exam,Sinhala Medium,Standard / Niche,Afternoon (12PM - 5PM),8.089354798452515,8.411558504843667,0.4166666666666667,96156.0,40065.0,10.598283373341598,7.065613363597717,Standard  Niche
bKsaVXppLkg,Ravindu Bandaranayake,O/L ICT Revision Seminar 1,O/L Content,2022-05-15,23,26695,False,0,204028,13505,525,198000,1564,6.88,130.45,1.03,May,Sunday,O/L ICT Revision Seminar 1,Mixed / General,Above Average,Night / Late (10PM - 5AM),14.524967161370009,4.907963752497623,444.9166666666667,458.5757632515452,204028.0,12.22601741958577,12.19602736016897,Above Average
oHTnMux_7JA,Jokantha,අද උදේ OL සෙට් එක 😂😅  #srilanka #sinhala #funny #olevel #exam #result #relatable,O/L Content,2025-07-11,14,22,False,0,53388,1727,35,43900,411,3.3,129.9,1.22,July,Friday,  OL     srilanka sinhala funny olevel exam result relatable,Sinhala Medium,Standard / Niche,Afternoon (12PM - 5PM),6.797407657151419,5.071905981677056,0.36666666666666664,145603.63636363638,53388.0,10.885360011219552,10.689692377847104,Standard  Niche
0voErs3B2o0,Hasith Gunawardana,බලන්නකො එයාගේ හැටි 😯|#Shorts,General Education,2021-11-30,6,24,False,0,223941,4922,34,29400,1730,2.21,129.45,7.62,November,Tuesday,   |Shorts,Mixed / General,Above Average,Morning (5AM - 12PM),4.471713531689151,6.895084340630295,0.4,559852.5,223941.0,12.319142368737959,10.288783966353765,Above Average
ba4DS1eUoWk,RAMESH A PRIYANKARA,ගිණුම්කරණය  හැඳින්වීම සහ එහි  අවශ්‍යතාවය මුල සිට සරලව( 1  ඒකකය ),General Education,2021-07-11,4,8690,False,42,241319,7580,521,78500,1872,3.36,128.91,3.07,July,Sunday,          1   ,Mixed / General,Above Average,Night / Late (10PM - 5AM),7.361625068892214,5.98331568513493,144.83333333333334,1666.1841196777905,5745.690476190476,12.393879132554698,11.270866642542865,Above Average
3Qoe5azdU7g,Scipio 🦊,මේ පොත නැතුව campus යන්න බෑ ⚠️2025 A/L University apply process ✅& results l Scipio Guides,A/L Content,2026-01-29,13,661,False,18,26827,1406,0,35000,209,5.24,128.36,0.77,January,Thursday,   campus   2025 A/L University apply process  results l Scipio Guides,Mixed / General,Standard / Niche,Afternoon (12PM - 5PM),10.48197711261043,4.603540859356058,11.016666666666667,2435.128593040847,1490.388888888889,10.197201397219628,10.463131911491967,Standard  Niche
1n8E56q9Xv8,MCP Prasanna Sir,Grade 10|11 Maths short video 05 (කෙටි ප්‍රශ්න ) #pastpapers #grade10mathematics #education #maths,Past Papers & Revision,2024-09-22,5,60,False,26,88281,3646,54,2870,703,4.19,125.58,30.76,September,Sunday,Grade 10|11 Maths short video 05    pastpapers grade10mathematics education maths,Mixed / General,Above Average,Morning (5AM - 12PM),8.565829566950987,8.259416993655474,1.0,88281.0,3395.423076923077,11.388291515302086,7.9624156801210635,Above Average
6U-qrJhw05c,GAMIX,ajantha sirge athal,General Education,2021-12-14,16,35,False,0,214749,8699,115,582,1716,4.1,125.15,368.98,December,Tuesday,ajantha sirge athal,Mixed / General,Above Average,Afternoon (12PM - 5PM),8.369305561376304,10.740277115078387,0.5833333333333334,368141.14285714284,214749.0,12.277229839846502,6.368187186350492,Above Average
1r4HSuOc5BE,sl dinuj creation ,2026 A/l අය ඉවරයි | Madushan Neranjan Combined Maths | CM With MN,A/L Content,2025-01-01,16,76,False,0,75174,3353,92,1780,602,4.58,124.87,42.23,January,Wednesday,2026 A/l   | Madushan Neranjan Combined Maths | CM With MN,Mixed / General,Above Average,Afternoon (12PM - 5PM),9.532551148003298,8.570593683103311,1.2666666666666666,59347.89473684211,75174.0,11.22757400785673,7.484930283289661,Above Average
k6pixP8BRkw,Melody Of Science,MCQ Paper එකෙන් මෙච්චර ගේමක් දෙන්න පුලුවන්ද? #shorts #ol #grade11 #grade10,O/L Content,2024-01-22,12,60,False,38,117686,4541,29,11600,947,3.88,124.27,10.15,January,Monday,MCQ Paper      shorts ol grade11 grade10,Mixed / General,Above Average,Afternoon (12PM - 5PM),7.840354842547118,7.140722816534707,1.0,117686.0,3097.0,11.675783836850918,9.358846580275406,Above Average
qS2dKjizzWs,Chanux Bro,"After O/L Courses, Degree Programs in Sri Lanka with UCL",O/L Content,2022-12-14,10,568,False,14,167425,7714,445,2190000,1351,4.87,123.93,0.08,December,Wednesday,After O/L Courses Degree Programs in Sri Lanka with UCL,Mixed / General,Above Average,Morning (5AM - 12PM),10.543825593549352,2.3900830182665276,9.466666666666667,17685.73943661972,11958.92857142857,12.028296741584066,14.599412558413583,Above Average
C0ypaTw172w,Tharu vlog,Top 10 boys schools in Sri Lanka (2024)😱❤️‍🔥👌🏻🇱🇰 #srilanka #viralshort #school#top10,General Education,2024-11-01,6,36,False,0,82089,1730,87,3290,663,2.21,123.81,24.95,November,Friday,Top 10 boys schools in Sri Lanka 2024 srilanka viralshort schooltop10,Mixed / General,Above Average,Morning (5AM - 12PM),4.744850101718867,8.035945625369834,0.6,136815.0,82089.0,11.315571485342312,8.098946748943339,Above Average
yBcyMt2W0B0,EDU Dreamers,O/L maths | Short 14 #shorts #education #maths,O/L Content,2022-11-13,6,52,False,35,169232,9921,81,3840,1382,5.91,122.45,44.07,November,Sunday,O/L maths | Short 14 shorts education maths,Mixed / General,Above Average,Morning (5AM - 12PM),11.964049352368345,8.59366735478736,0.8666666666666667,195267.6923076923,4835.2,12.03903174259831,8.253488028345904,Above Average
b3WkSmjBHQk,Iman Bandara Productions,Commerce Section Dance - Dudley Senanayake Central College 2024 A/L Batch Party | RECORDATIO' 25,A/L Content,2025-06-05,14,714,False,0,54419,1102,37,13800,447,2.09,121.74,3.94,June,Thursday,Commerce Section Dance  Dudley Senanayake Central College 2024 A/L Batch Party | RECORDATIO 25,Mixed / General,Above Average,Afternoon (12PM - 5PM),4.390010841801577,6.175151005333374,11.9,4573.0252100840335,54419.0,10.904487012337237,9.53249633228804,Above Average
q0pjnAJkA5c,ඇතුගල මැරියන්,Who's your favourite teacher ❤️‍🩹 #phonk #trending #fyp #edit #chemistry #shorts,General Education,2025-05-27,17,25,False,13,54829,1394,358,1770,456,3.2,120.24,30.98,May,Tuesday,Whos your favourite teacher  phonk trending fyp edit chemistry shorts,Mixed / General,Above Average,Prime Time (5PM - 10PM),8.349596016706487,8.223099998245198,0.4166666666666667,131589.6,4217.615384615385,10.911992768398093,7.479299637782834,Above Average
xqwzDPNxqMM,Aspirantstudychannel,Information Technology - Most Repeated MCQs #subscribe #shorts #grow,Past Papers & Revision,2023-09-13,12,7,False,9,128964,0,13,5800,1078,0.01,119.63,22.24,September,Wednesday,Information Technology  Most Repeated MCQs subscribe shorts grow,Mixed / General,Above Average,Afternoon (12PM - 5PM),0.05040166247945163,7.886671904086662,0.11666666666666667,1105405.7142857143,14329.333333333334,11.767296328701011,8.665785595466064,Above Average
q_AOTWnQfbQ,THE BISON බයිසන්,උබලා chrom එකේ බලන ඒවා ගෙදර මිනිස්සුන්ට අහුවෙන හැටි? | Ravindu Bandaranayake | ICT from abc,General Education,2025-04-17,3,80,False,0,58752,2456,29,20500,496,4.23,118.45,2.87,April,Thursday, chrom        | Ravindu Bandaranayake | ICT from abc,Mixed / General,Above Average,Night / Late (10PM - 5AM),8.607366557734204,5.831740238429048,1.3333333333333333,44064.0,58752.0,10.981097494532479,9.928228944424575,Above Average
S49vI-xxmR4,JMC Jayasekera Management Centre,Commerce කලොත් අනාගතේ Job නෑ? තවදුරටත් Commerce තෝරාගත යුතුද? #ytshorts #fyp #viralvideo #commerce,General Education,2025-05-22,10,173,False,24,54326,2691,22,38500,461,4.99,117.84,1.41,May,Thursday,Commerce   Job   Commerce   ytshorts fyp viralvideo commerce,Mixed / General,Above Average,Morning (5AM - 12PM),10.10933991090822,5.1189179361810275,2.8833333333333333,18841.387283236996,2263.5833333333335,10.902776619909453,10.55843949396453,Above Average
FyvQjO2c_cU,ePapere,ඉතිහාසය කුප්පිය දෙවනවාර විභාග ඉක්කගත 11 ශ්‍රේණිය ආවරණය-grade 11 history second term revision-epapere,Past Papers & Revision,2023-10-21,17,5860,False,29,122535,5804,866,259000,1040,5.44,117.82,0.47,October,Saturday,     11  grade 11 history second term revisionepapere,Mixed / General,Above Average,Prime Time (5PM - 10PM),13.00689598890113,4.032032893141351,97.66666666666667,1254.6245733788396,4225.3448275862065,11.71616014334439,12.464587201678082,Above Average
dBl9SBb33uY,Anuradha Perera,2027 A/L වලට MATHS/BIO කරන්න කලින් බලන්න | 2027 පන්‍ති ආරම්භක විස්තර,A/L Content,2025-03-28,5,2217,False,21,60425,1768,128,327000,516,3.14,117.1,0.18,March,Friday,2027 A/L  MATHS/BIO    | 2027   ,Mixed / General,Above Average,Morning (5AM - 12PM),6.911046752172115,3.0945816375961597,36.95,1635.31799729364,2877.3809523809523,11.0091747548762,12.69771850797869,Above Average
rCX2SvkmGPA,Maths Crew,How to select subjects for A/L - සාමාන්‍ය පෙළින් පසු උසස් පෙළ කරන්න නිවැරදිව  විෂයන් තෝරාගමු - Tips,A/L Content,2021-09-28,13,316,False,29,209117,6747,894,54100,1793,3.65,116.63,3.87,September,Tuesday,How to select subjects for A/L             Tips,Mixed / General,Above Average,Afternoon (12PM - 5PM),8.590406327558258,6.11447412279977,5.266666666666667,39705.759493670885,7210.931034482759,12.25065396492555,10.898607948952096,Above Average
U7z_aCSkwYg,Irushi kaushani Gunthilake,ශ්‍රී ලංකාවේ වැඩිම සිසුන් සහිත පාසල් 10 || Largest schools in Sri Lanka,General Education,2023-05-23,9,37,False,0,135728,0,257,3410,1191,0.19,113.96,39.8,May,Tuesday,      10 || Largest schools in Sri Lanka,Mixed / General,Above Average,Morning (5AM - 12PM),0.9467464340445597,8.419934875225897,0.6166666666666667,220099.45945945944,135728.0,11.818415529696905,8.134760782418645,Above Average
M-jld04NW2s,වැදගත් දේවල් - Wedagath Dewal,ලංකාවේ උසස් පෙළ විභාගයේ අමාරුම විෂයන් 📚💡 Hardest & Complex A/L Exam Subjects #exam #sinhalashorts,A/L Content,2025-10-27,15,34,False,27,34434,1192,30,8220,303,3.55,113.64,4.19,October,Monday,       Hardest  Complex A/L Exam Subjects exam sinhalashorts,Sinhala Medium,Standard / Niche,Afternoon (12PM - 5PM),7.3590056339664285,6.167834260100856,0.5666666666666667,60765.882352941175,1275.3333333333333,10.446828767978799,9.014447135152134,Standard  Niche
eCxAtmFyHSQ,KK Academy SL,Top 10 Best Courses After A/Ls in Sri Lanka 2025 | High Demand Non-Degree Courses,A/L Content,2025-04-28,13,546,False,21,54923,1253,43,123000,485,2.36,113.24,0.45,April,Monday,Top 10 Best Courses After A/Ls in Sri Lanka 2025 | High Demand NonDegree Courses,Mixed / General,Above Average,Afternoon (12PM - 5PM),4.954208619339803,3.9504356999145593,9.1,6035.494505494506,2615.3809523809523,10.913705690441642,11.719947764402807,Above Average
9r9rw5JlVEw,U CAN,Maths මෙච්චර ලේසියෙන් ගොඩදාගන්න පුලුවන් වෙලත්..ඇයි බොරුවට Fail වෙන්නේ ? | Studytips| Anuradha perera,Motivation & Tips,2023-07-03,12,714,False,20,129923,5345,296,19700,1150,4.34,112.98,6.6,July,Monday,Maths       Fail   | Studytips| Anuradha perera,Mixed / General,Above Average,Afternoon (12PM - 5PM),9.367086659021112,6.615620641893667,11.9,10917.899159663864,6496.15,11.774704943098898,9.888424674859083,Above Average
8uorE5SKTww,ePapere,O/L ICT අවසන් සංග්‍රාමය 01 අදියර - 10/11 Syllabus එකම දවසින් With Guess Questions - O/L ICT Revision,O/L Content,2026-02-11,4,10519,False,24,21588,1191,75,259000,196,5.86,110.14,0.08,February,Wednesday,O/L ICT   01   10/11 Syllabus   With Guess Questions  O/L ICT Revision,Mixed / General,Standard / Niche,Night / Late (10PM - 5AM),12.770983879933295,2.283524590255303,175.31666666666666,123.13718034033654,899.5,9.979939204696459,12.464587201678082,Standard  Niche
u3HOypBz-Og,SFT තිතටම With Dilshan,2024 A/L SFT Paper #sftdilshan #srilanka #tech #school #SFT #technology #results #exam #alevels,A/L Content,2024-12-04,7,17,False,0,69354,1078,0,1280,630,1.55,110.09,54.18,December,Wednesday,2024 A/L SFT Paper sftdilshan srilanka tech school SFT technology results exam alevels,Mixed / General,Above Average,Morning (5AM - 12PM),3.108688756236122,8.693777689381212,0.2833333333333333,244778.82352941178,69354.0,11.146993521197391,7.155396301896734,Above Average
wHczGBR7XcU,Ravindu Bandaranayake,O/L ICT Revision Seminar 3,O/L Content,2024-04-28,22,29482,False,0,93393,6652,370,198000,850,7.52,109.87,0.47,April,Sunday,O/L ICT Revision Seminar 3,Mixed / General,Above Average,Night / Late (10PM - 5AM),16.22605548595719,3.9634553901421885,491.3666666666667,190.0678380028492,93393.0,11.444582382324773,12.19602736016897,Above Average
rtdqMpFxnjM,Pathikada Productions,Best Universities Sri Lanka|ලංකාවේ හොදම විශ්වවිද්‍යාල|Universities of Srilanka#university#srilanka,General Education,2024-11-29,7,59,False,13,69695,3573,102,7650,635,5.27,109.76,9.11,November,Friday,Best Universities Sri Lanka|  |Universities of Srilankauniversitysrilanka,Mixed / General,Above Average,Morning (5AM - 12PM),10.985006097998422,6.908668461903666,0.9833333333333333,70876.27118644069,5361.153846153846,11.151898206292632,8.942591637231851,Above Average
naYUVhP4b4A,Agri Lovers,ලංකාවේ හොදම විශ්වවිද්‍යාල 10 🎓 | Universities in Sri Lanka #unilife #campus #srilankauniversity,General Education,2025-09-20,5,19,False,0,37239,1950,26,13500,340,5.31,109.53,2.76,September,Saturday,   10  | Universities in Sri Lanka unilife campus srilankauniversity,Mixed / General,Standard / Niche,Morning (5AM - 12PM),10.821987701066087,5.714731646435635,0.31666666666666665,117596.84210526316,37239.0,10.525138731391003,9.510519035757246,Standard  Niche
2DIxjYDQwtI,Madushan Neranjan Combined Maths | CM With MN,උසස්පෙළ සංඛ්‍යානය සම්පූර්ණ සිද්ධාන්ත කෙටියෙන් | AL Statistics | 2022 AL |CM with MN |,A/L Content,2023-01-12,9,5789,False,5,143650,4952,241,76100,1322,3.62,108.66,1.89,January,Thursday,     | AL Statistics | 2022 AL |CM with MN |,Mixed / General,Above Average,Morning (5AM - 12PM),7.733379742429516,5.329658075396232,96.48333333333333,1488.8581793055796,28730.0,11.875142025747634,11.239816684367907,Above Average
0l384PKvAqU,Econ by Lucky Chathuranga,Econ Lesson 01 || ආර්ථික විද්‍යාව හැඳින්වීම | Econ Theory Discussion  - Economics 2024,General Education,2024-06-07,17,7498,False,39,87511,2888,166,69000,810,3.49,108.04,1.27,June,Friday,Econ Lesson 01 ||    | Econ Theory Discussion   Economics 2024,Mixed / General,Above Average,Prime Time (5PM - 10PM),7.548765298076813,4.928780055892361,124.96666666666667,700.2747399306481,2243.871794871795,11.379531205799626,11.141876276228,Above Average
VN86a7Lv6ok,Kv Iroshan,2020 O/L Exam Paper Discussion in Sinhala |Bhaga Prashnaya |Part B of  O/l Maths paper by Kv Iroshan,O/L Content,2022-02-15,10,1095,False,23,178305,8056,411,256000,1653,4.75,107.87,0.7,February,Tuesday,2020 O/L Exam Paper Discussion in Sinhala |Bhaga Prashnaya |Part B of  O/l Maths paper by Kv Iroshan,Sinhala Medium,Above Average,Morning (5AM - 12PM),10.188721572586298,4.337408380971441,18.25,9770.13698630137,7752.391304347826,12.091256454434792,12.45293662970407,Above Average
aG7MAkNw67w,Ravindu Bandaranayake Speeches,Truth of ranks #ravindubandaranayake #ictfromabc #al,General Education,2024-06-21,3,59,False,0,85514,4824,49,18600,796,5.7,107.43,4.6,June,Friday,Truth of ranks ravindubandaranayake ictfromabc al,Mixed / General,Above Average,Night / Late (10PM - 5AM),11.568865916692003,6.204917293889155,0.9833333333333333,86963.38983050847,85514.0,11.356447078133792,9.83097062169695,Above Average
iA0eYN9Z4U4,Ruvi's Thoughts,මම A/L Chemistry 90+ ක් ගත්ත ක්‍රමය 💎 | GCE A/L Chemistry,A/L Content,2025-11-01,17,1165,False,4,31896,1725,236,22900,298,6.15,107.03,1.39,November,Saturday, A/L Chemistry 90     | GCE A/L Chemistry,Mixed / General,Standard / Niche,Prime Time (5PM - 10PM),14.515926761976422,5.009112134677683,19.416666666666668,1642.7124463519312,7974.0,10.370267240463384,10.038935856711177,Standard  Niche
bxFgfY-67tw,DP Education - ගණිතය,Real Numbers | තාත්වික සංඛ්‍යා (01 කොටස) -  උසස් පෙළ 12 ශ්‍රේණිය සංයුක්ත ගණිතය,A/L Content,2020-04-24,5,7594,False,21,245619,4523,251,929000,2315,1.94,106.1,0.26,April,Friday,Real Numbers |   01      12   ,Mixed / General,Above Average,Morning (5AM - 12PM),4.193893794861147,3.352917087486923,126.56666666666666,1940.6294442981302,11696.142857142857,12.411540905164376,13.74186509422166,Above Average
e6ltpJtyosM,SL TUTUWA,Top 10 best girls school in sri lanka|ලංකාවේ හොදම බාලිකා පාසල් 10😮😮#shorts #girlsschool #top10,O/L Content,2023-09-28,11,36,False,18,112488,2639,81,10600,1063,2.42,105.82,10.61,September,Thursday,Top 10 best girls school in sri lanka|    10shorts girlsschool top10,Mixed / General,Above Average,Morning (5AM - 12PM),5.052094445629756,7.024426763761342,0.6,187480.0,6249.333333333333,11.630610718068276,9.268703615273097,Above Average
69IE4sQI0Ww,Brain wise,Amila dasanayake sir | Motivational speech #srilanka #motivation #trending #viralvideo,A/L Content,2024-08-04,9,32,False,0,78379,3534,9,971,752,4.52,104.23,80.72,August,Sunday,Amila dasanayake sir | Motivational speech srilanka motivation trending viralvideo,Mixed / General,Above Average,Morning (5AM - 12PM),9.075134921343727,9.037705222101629,0.5333333333333333,146960.625,78379.0,11.269324071753623,6.879355804460439,Above Average
rgCZ8rzgkm0,Ravindu Bandaranayake,O/L ICT Revision Seminar 2,O/L Content,2023-05-20,21,27138,False,0,124009,9702,455,198000,1194,8.19,103.86,0.63,May,Saturday,O/L ICT Revision Seminar 2,Mixed / General,Above Average,Prime Time (5PM - 10PM),17.48179567612028,4.196175857501534,452.3,274.174220650011,124009.0,11.728117486496817,12.19602736016897,Above Average
f15AsMoMFIo,🎀Shani Herath🎀,උදේට පාඩම් කරමු😇📚💚 #motivation #motivational #studytips #sinhalastudytips #sinhalamotivation #shorts,A/L Content,2025-05-24,12,38,False,14,47641,2506,25,2910,459,5.31,103.79,16.37,May,Saturday,   motivation motivational studytips sinhalastudytips sinhalamotivation shorts,Sinhala Medium,Standard / Niche,Afternoon (12PM - 5PM),10.782729161856384,7.438408412087688,0.6333333333333333,75222.63157894737,3402.9285714285716,10.771470004116164,7.976251943745623,Standard  Niche
0J_9nKd-3us,Smarty Study ,Study motivation Video - Sinhala #viral #study #motivation,A/L Content,2024-04-04,7,40,False,8,87546,6566,12,4210,874,7.51,100.17,20.79,April,Thursday,Study motivation Video  Sinhala viral study motivation,Sinhala Medium,Above Average,Morning (5AM - 12PM),15.068649624197564,7.641820913409985,0.6666666666666666,131319.0,10943.25,11.379931070993262,8.345455428161928,Above Average
HKUIPbMIWJw,KK Academy SL,A/L ඉවරවෙලා බැංකුවක රැකියාවක් හොයනවද? | How to Get a Bank Job in Sri Lanka After A/L,A/L Content,2025-12-03,13,915,False,17,26572,874,93,123000,266,3.64,99.89,0.22,December,Wednesday,A/L     | How to Get a Bank Job in Sri Lanka After A/L,Mixed / General,Standard / Niche,Afternoon (12PM - 5PM),8.328315520096343,3.134441488092551,15.25,1742.4262295081967,1563.0588235294117,10.187650941676283,11.719947764402807,Standard  Niche
KgX8lIyUIV4,Kv Iroshan,Kulaka - O/L Maths in Sinhala | 2021 GCE O/L Mathematics Past Paper ( SET Question ),O/L Content,2022-05-17,3,866,False,30,155730,7246,319,256000,1562,4.86,99.7,0.61,May,Tuesday,Kulaka  O/L Maths in Sinhala | 2021 GCE O/L Mathematics Past Paper  SET Question ,Sinhala Medium,Above Average,Night / Late (10PM - 5AM),10.330058434469915,4.1241784075419785,14.433333333333334,10789.60739030023,5191.0,11.955885438839088,12.45293662970407,Above Average
6ZVQpHlo7wE,The STudenT,Motivation Video 11 | Dinesh Muthugala | #motivation,Motivation & Tips,2023-05-10,19,28,False,0,118930,6430,21,956,1204,5.42,98.78,124.4,May,Wednesday,Motivation Video 11 | Dinesh Muthugala | motivation,Mixed / General,Above Average,Prime Time (5PM - 10PM),10.901370554107457,9.41647871077838,0.4666666666666667,254850.0,118930.0,11.68629877199335,6.863803391452954,Above Average
S3PqBaw-4Eg,Azon Science Academy,How to get a degree in Sri Lanka without A/L | a/l fail උනත් රජයේ degree එකක් කරන්නෙ මෙහෙමයි,A/L Content,2023-09-13,12,620,True,19,106376,3077,260,12100,1078,3.14,98.68,8.79,September,Wednesday,How to get a degree in Sri Lanka without A/L | a/l fail   degree   ,Mixed / General,Above Average,Afternoon (12PM - 5PM),7.007219673610589,6.766649213678349,10.333333333333334,10294.451612903225,5598.736842105263,11.574744667109037,9.401043372798053,Above Average
c1gjUhQ_Ucc,MEDIA WITH HANSI,Arts වලින් හරිම විදිහට  subjects තෝරමු 💁 . මොකක්ද මේ Z - Score එක 🤔❓ #education #viral,General Education,2025-07-19,12,23,False,0,39738,1063,9,323,403,2.7,98.61,123.03,July,Saturday,Arts     subjects      Z  Score   education viral,Mixed / General,Standard / Niche,Afternoon (12PM - 5PM),5.463284513563843,9.403683327739202,0.38333333333333336,103664.34782608695,39738.0,10.59008835222604,5.780743515792329,Standard  Niche
t6szmgxzn-8,Maths Hub,අපිට තමයි ඉතින් අමාරැ 😅🤣   #shorts,General Education,2022-07-03,10,46,False,18,148546,4814,28,7340,1515,3.26,98.05,20.24,July,Sunday,       shorts,Mixed / General,Above Average,Morning (5AM - 12PM),6.575740847952822,7.593642167288573,0.7666666666666667,193755.65217391303,8252.555555555555,11.908656685466363,8.901230352110781,Above Average
KanIGZPIXKs,Kv Iroshan,2021 O/L Maths Past Paper Discussion | GCE O/l Examination | Kv Iroshan Maths Paper Discussion,O/L Content,2023-01-06,12,8158,False,22,129349,4308,297,256000,1328,3.56,97.4,0.51,January,Friday,2021 O/L Maths Past Paper Discussion | GCE O/l Examination | Kv Iroshan Maths Paper Discussion,Mixed / General,Above Average,Afternoon (12PM - 5PM),7.809105598033228,3.925412958546906,135.96666666666667,951.3287570482961,5879.5,11.770277187614175,12.45293662970407,Above Average
SYrI489ivtk,Markheroes,A/l private කරන්නෙ කොහොමද?#,A/L Content,2025-07-27,0,83,False,0,38234,3698,127,148,395,10.0,96.79,258.34,July,Sunday,A/l private  ,Mixed / General,Standard / Niche,Night / Late (10PM - 5AM),21.00486478003871,10.126860221600861,1.3833333333333333,27639.036144578313,38234.0,10.551506605478325,5.003946305945459,Standard  Niche
g1VlBxKS7AM,ඇතුගල මැරියන්,Best Physics Teachers In Sri Lanka 🇱🇰  #phonk #trending #fyp #physics #shorts,General Education,2025-05-22,16,25,False,14,44144,904,190,1770,461,2.48,95.76,24.94,May,Thursday,Best Physics Teachers In Sri Lanka   phonk trending fyp physics shorts,Mixed / General,Standard / Niche,Afternoon (12PM - 5PM),6.247734686480609,7.77873662972668,0.4166666666666667,105945.59999999999,3153.1428571428573,10.695234949335683,7.479299637782834,Standard  Niche
-M1K9CJIr1A,KK Academy SL,Top 10 Highest Paying Jobs for Commerce field / Lucrative Career Paths & Salary Insights,General Education,2024-09-13,8,333,False,17,68117,2250,109,123000,712,3.46,95.67,0.55,September,Friday,Top 10 Highest Paying Jobs for Commerce field / Lucrative Career Paths  Salary Insights,Mixed / General,Above Average,Morning (5AM - 12PM),7.406374326526417,3.9818941577801863,5.55,12273.333333333334,4006.8823529411766,11.128996774392588,11.719947764402807,Above Average
AHoxM2Y53Cg,Bio Api,Z Score එක ගැන මේ දේවල් ඔයා දන්නවද ? - A/L Exam - Z score Sri Lanka | Sinhala | Z අගය ගැන හැමදේම 📝,A/L Content,2023-02-01,11,482,False,25,124163,5275,318,558000,1302,4.5,95.36,0.22,February,Wednesday,Z Score         A/L Exam  Z score Sri Lanka | Sinhala | Z    ,Sinhala Medium,Above Average,Morning (5AM - 12PM),9.7774699387096,3.0900965515888035,8.033333333333333,15455.97510373444,4966.52,11.72935855139295,13.232116033476537,Above Average
CuYSZ43MrL4,Manji Rasara Ekanayaka  | A/L Physics,Physics Past Paper MCQ  Submission | Manji Ekanayaka #2023al #manjiteacher #pastpapers #physics,A/L Content,2023-04-19,11,13,False,0,116346,1032,14,96500,1225,0.9,94.98,1.21,April,Wednesday,Physics Past Paper MCQ  Submission | Manji Ekanayaka 2023al manjiteacher pastpapers physics,Mixed / General,Above Average,Morning (5AM - 12PM),1.8341842435494131,4.752950331267299,0.21666666666666667,536981.5384615385,116346.0,11.664332384126423,11.477308649967686,Above Average
lq1GYkmfCpk,Janindu Leelananda - Physics,A/L classes should have 5 invervals?,A/L Content,2025-10-08,13,43,False,0,30460,1304,7,12400,322,4.3,94.6,2.46,October,Wednesday,A/L classes should have 5 invervals,Mixed / General,Standard / Niche,Afternoon (12PM - 5PM),8.676953381483914,5.454106703043803,0.7166666666666667,42502.32558139535,30460.0,10.324202455851168,9.425532393502772,Standard  Niche
SS6WrmgSAeM,Rashee Diary,Focus On Your Goal👩‍🎓📚 #study #vlog  #amiladasanayake #motivation #foryou #sinhala #exam #viralshort,Motivation & Tips,2025-10-24,15,35,False,0,28923,1285,5,1170,306,4.46,94.52,24.72,October,Friday,Focus On Your Goal study vlog  amiladasanayake motivation foryou sinhala exam viralshort,Sinhala Medium,Standard / Niche,Afternoon (12PM - 5PM),8.97209833004875,7.7568519776320946,0.5833333333333334,49582.28571428571,28923.0,10.272426979294842,7.065613363597717,Standard  Niche
S5bybveCVe4,AL Kuppiya,Econ අවුල් ද?,General Education,2023-11-16,13,51,False,21,94473,5969,22,119000,1014,6.34,93.17,0.79,November,Thursday,Econ  ,Mixed / General,Above Average,Afternoon (12PM - 5PM),12.75285002064082,4.312198146299221,0.85,111144.70588235294,4498.714285714285,11.456079943350874,11.686887175419702,Above Average
IkxX1vhtUsw,Vikram Classes,Maths ♥️ Vs Biology 🧫 || #maths #vs #biology #shorts #viral,General Education,2023-10-19,13,11,False,19,96809,0,38,3170,1042,0.04,92.91,30.54,October,Thursday,Maths  Vs Biology  || maths vs biology shorts viral,Mixed / General,Above Average,Afternoon (12PM - 5PM),0.19626274416634815,7.951020946815789,0.18333333333333332,528049.0909090909,5095.210526315789,11.480505573714117,8.061802274538348,Above Average
f0gGi480L8k,Education A9,#ravindu #education #sinhala #ict #ol #Al,O/L Content,2024-11-14,2,48,False,10,60065,4220,32,4730,650,7.08,92.41,12.7,November,Thursday,ravindu education sinhala ict ol Al,Sinhala Medium,Above Average,Night / Late (10PM - 5AM),14.317822359110963,7.068688902546228,0.8,75081.25,6006.5,11.00319923664754,8.461891875631148,Above Average
DpKMZLDXlMw,ඩොටී Knowledge ,2025 ලංකාවේ හොඳම විශ්වවිද්‍යාල 10 ❤️ | Best universities 10 in sri lanka 2025 ❤️ #2025 #university,General Education,2025-07-25,2,177,False,0,36325,2831,52,2000,397,7.94,91.5,18.16,July,Friday,2025    10  | Best universities 10 in sri lanka 2025  2025 university,Mixed / General,Standard / Niche,Night / Late (10PM - 5AM),16.302821748107363,7.416161979510818,2.95,12313.559322033898,36325.0,10.500289017309388,7.601402334583733,Standard  Niche
JmLRa8SplCo,Rehansa Dewdini,A/L Commerce ඔයාලට❤️,A/L Content,2024-09-25,10,735,False,0,63943,3498,464,22300,700,6.2,91.35,2.87,September,Wednesday,A/L Commerce ,Mixed / General,Above Average,Morning (5AM - 12PM),14.569225716653895,5.572817310259076,12.25,5219.836734693878,63943.0,11.065762979305855,10.012386799492118,Above Average
OUV98oF4H_k,Samadhi's Diary ,A/L Business studies පාඩම් කරන්න ගොඩ ගැහිලද ?🙄 දවසට පාඩම් දෙකයි දින 20න් full syllabus එක දෙපාරක් 🎯📚,A/L Content,2025-10-12,12,668,False,12,29036,2030,318,19300,318,8.09,91.31,1.5,October,Sunday,A/L Business studies          20 full syllabus   ,Mixed / General,Standard / Niche,Afternoon (12PM - 5PM),19.458603113376498,4.927000029800999,11.133333333333333,2608.0239520958085,2419.6666666666665,10.276326157817198,9.867912187022208,Standard  Niche
IGwmNePBkAw,AL Kuppiya,"""ICT තනියම coding කරන්නේ මෙහෙමයි - A /L Island ranker🚀""",General Education,2024-09-21,14,34,False,0,64006,3474,40,119000,704,5.49,90.92,0.54,September,Saturday,ICT  coding    A /L Island ranker,Mixed / General,Above Average,Afternoon (12PM - 5PM),11.16770302784114,3.9139571337954107,0.5666666666666667,112951.76470588235,64006.0,11.066747731360799,11.686887175419702,Above Average
nzVm0b_I3Yo,Ravindu Bandaranayake Speeches,Ravindu Bandaranayake speeches | Advantages and Disadvantages of Doing A/L Exam in Private,A/L Content,2023-08-11,13,318,False,27,100636,5505,760,18600,1111,6.23,90.58,5.41,August,Friday,Ravindu Bandaranayake speeches | Advantages and Disadvantages of Doing A/L Exam in Private,Mixed / General,Above Average,Afternoon (12PM - 5PM),14.716403672641999,6.196521110574651,5.3,18987.924528301886,3727.259259259259,11.519275262268978,9.83097062169695,Above Average
QIi3bXFDwOM,Combined Maths | Janindu Rashmika,A/L MATHS කරන්න කලින් බලන්නම ඕන විඩියෝ එක | A/L Combined Maths | JANINDU RASHMIKA,A/L Content,2025-03-26,14,1162,False,24,46518,2267,237,35100,518,5.38,89.8,1.33,March,Wednesday,A/L MATHS       | A/L Combined Maths | JANINDU RASHMIKA,Mixed / General,Standard / Niche,Afternoon (12PM - 5PM),12.294165699299196,4.791101885036175,19.366666666666667,2401.962134251291,1938.25,10.74761611027086,10.465984899076615,Standard  Niche
mNrge7BvJPA,Uma Fernando 🌸 🧚,Study Plan idea for You 🙆🏆️🌸⏰ #studytipsinsinhala #motivation #sinhala #unistudent #viralshorts,Motivation & Tips,2024-05-12,14,11,False,0,75001,1685,5,19500,836,2.25,89.71,3.85,May,Sunday,Study Plan idea for You  studytipsinsinhala motivation sinhala unistudent viralshorts,Sinhala Medium,Above Average,Afternoon (12PM - 5PM),4.526606311915842,5.847546542759345,0.18333333333333332,409096.36363636365,75001.0,11.225270058829565,9.87822102528824,Above Average
uBRTKdQkd9M,She Reviews,A/L Study Motivation | University of Colombo | UOC #srilanka #collegelife #Alevels #Exammotivation,A/L Content,2025-09-17,8,27,False,0,30532,2069,25,1690,343,6.86,89.01,18.07,September,Wednesday,A/L Study Motivation | University of Colombo | UOC srilanka collegelife Alevels Exammotivation,Mixed / General,Standard / Niche,Morning (5AM - 12PM),13.96240010480807,7.383623366130345,0.45,67848.88888888889,30532.0,10.326563344903953,7.43307534889858,Standard  Niche
HyX4dJ6dXtI,Ravindu Bandaranayake,Grade 10 ICT - Lesson 1/2 - Day 01 | 10 ශ්‍රේණිය ICT - 1/2 පාඩම - 1 දිනය,General Education,2024-06-08,3,5047,False,0,70816,2265,75,198000,809,3.3,87.54,0.36,June,Saturday,Grade 10 ICT  Lesson 1/2  Day 01 | 10  ICT  1/2   1 ,Mixed / General,Above Average,Night / Late (10PM - 5AM),6.9264008133755075,3.4816830681291737,84.11666666666666,841.878343570438,70816.0,11.16785436385365,12.19602736016897,Above Average
9g57ncz9wdg,AL Kuppiya,Island 1st 😍 #motivations #motivation #viralvideos #study,Motivation & Tips,2023-09-28,10,50,False,30,91304,4589,17,119000,1063,5.04,85.89,0.77,September,Thursday,Island 1st  motivations motivation viralvideos study,Mixed / General,Above Average,Morning (5AM - 12PM),10.14522912468238,4.206709986122716,0.8333333333333334,109564.79999999999,3043.4666666666667,11.421960829596134,11.686887175419702,Above Average
N2rKTSGrhcg,SIYOMATHS,O/L Easy Maths | Past Paper Discussion | Mathematics | Ganithaya | Grade 10-11 & O/L |Siyomaths 🇱🇰,O/L Content,2020-06-01,5,181,False,25,195226,9692,787,245000,2277,5.37,85.74,0.8,June,Monday,O/L Easy Maths | Past Paper Discussion | Mathematics | Ganithaya | Grade 1011  O/L |Siyomaths ,Mixed / General,Above Average,Morning (5AM - 12PM),11.944618032434203,4.24264961820524,3.0166666666666666,64715.80110497238,7809.04,12.181918263067976,12.409017571151187,Above Average
EOEzeSbeHLg,AL Kuppiya,වාණිජ අංශයෙන් ලංකාවේම පළවෙනියා වෙන්න ඉෂිනි පාඩම් කලේ මෙහෙමයි | Island 1st commerce A/L exam,A/L Content,2022-10-16,11,807,False,30,120155,4964,0,119000,1410,4.13,85.22,1.01,October,Sunday,         | Island 1st commerce A/L exam,Mixed / General,Above Average,Morning (5AM - 12PM),8.262660729890559,4.4667376595478485,13.45,8933.457249070632,4005.1666666666665,11.696546177495803,11.686887175419702,Above Average
ye5TzswxSxY,Charm and Calm,A/L arts තමන්ට ගැළපෙනම විෂයන් 3 තෝරගන්න විදිහ | how to choose best three subjects for Arts students,A/L Content,2022-06-08,17,642,False,0,129618,3592,439,29500,1540,3.11,84.17,4.39,June,Wednesday,A/L arts    3   | how to choose best three subjects for Arts students,Mixed / General,Above Average,Prime Time (5PM - 10PM),7.235877733030906,5.9148704486401575,10.7,12113.831775700935,129618.0,11.772354657093128,10.292179440058462,Above Average
DOnHSyLnFYY,Combined Maths With Sola,#2023 #2024 #2025 #advancelevel #combinedmaths #onlineclasses #mathematics #sola #education,General Education,2023-10-24,1,43,False,0,87022,1987,62,17600,1037,2.35,83.92,4.94,October,Tuesday,2023 2024 2025 advancelevel combinedmaths onlineclasses mathematics sola education,Mixed / General,Above Average,Night / Late (10PM - 5AM),4.922893061524672,6.0296385588142245,0.7166666666666667,121426.04651162791,87022.0,11.373927730513799,9.77571099759397,Above Average
QTCileYpwnY,AL Kuppiya,Short note මෙහෙම හදමු 🔖,General Education,2023-06-25,12,30,False,24,96636,5062,13,119000,1158,5.25,83.45,0.81,June,Sunday,Short note   ,Mixed / General,Above Average,Afternoon (12PM - 5PM),10.543689722256715,4.228212356590545,0.5,193272.0,4026.5,11.47871696964044,11.686887175419702,Above Average
xum7h2TeM54,Ceylon10,ලංකාවේ  ජනප්‍රියම ටියුෂන් ගුරුවරු 10  | Top 10 Popular A/L Tuition Teachers in Sri Lanka #alevel,A/L Content,2025-10-27,11,37,False,0,25148,755,33,64700,303,3.13,83.0,0.39,October,Monday,     10  | Top 10 Popular A/L Tuition Teachers in Sri Lanka alevel,Mixed / General,Standard / Niche,Morning (5AM - 12PM),6.660569428980436,3.507657292763283,0.6166666666666667,40780.54054054054,25148.0,10.132573413305966,11.07753193632009,Standard  Niche
lyEj62HNlv0,Kv Iroshan,2020 O/L Maths Part 2 Paper - Question No 2 | Prasthara |Graph,O/L Content,2022-03-11,2,1195,False,28,134530,5859,280,256000,1629,4.56,82.58,0.53,March,Friday,2020 O/L Maths Part 2 Paper  Question No 2 | Prasthara |Graph,Mixed / General,Above Average,Night / Late (10PM - 5AM),9.750984910428901,3.80148019596295,19.916666666666668,6754.644351464434,4804.642857142857,11.809549934738218,12.45293662970407,Above Average
c5sR09hu5JM,Asiri Rodrigo - Accounting,Exam එක​ට Ready වෙන්නේ මෙහෙම​යි,General Education,2023-05-14,3,60,False,21,98444,9846,64,76200,1200,10.07,82.04,1.29,May,Sunday,Exam  Ready  ,Mixed / General,Above Average,Night / Late (10PM - 5AM),20.32830847994799,4.671253762912008,1.0,98444.0,4687.809523809524,11.497253295575932,11.241129864948206,Above Average
8bo-O0CpIhM,Gurulu History Academy,පැන්ඩෝරා #history #onlineclasses #ඉතිහාසය #worldhistory #pandora #greekmythology,General Education,2021-10-29,17,28,False,0,143071,3758,33,1560,1762,2.65,81.2,91.71,October,Friday, history onlineclasses  worldhistory pandora greekmythology,Mixed / General,Above Average,Prime Time (5PM - 10PM),5.36866311132235,8.915680947653133,0.4666666666666667,306580.71428571426,143071.0,11.871103279033708,7.353081920515432,Above Average
AGKFYcMWkSk,GANDABBA,How to do AL private | How to do AL a year early,A/L Content,2023-07-27,12,725,False,17,91152,6289,1632,33300,1126,8.69,80.95,2.74,July,Thursday,How to do AL private | How to do AL a year early,Mixed / General,Above Average,Afternoon (12PM - 5PM),22.751009303142006,5.4062879729535,12.083333333333334,7543.613793103448,5361.882352941177,11.420294692346326,10.413342705547674,Above Average
zAqLUlC-DzA,DSP EduHub,A/L Art කරලා මොනවද කරන්න පුළුවන් ?🤔🤔🤔 | Jobs field #education #  #gk #jobs,A/L Content,2024-07-11,11,11,False,0,62486,872,24,19600,776,1.43,80.52,3.19,July,Thursday,A/L Art      | Jobs field education   gk jobs,Mixed / General,Above Average,Morning (5AM - 12PM),2.9830682072784303,5.552412148283815,0.18333333333333332,340832.7272727273,62486.0,11.042713814089494,9.883335864325275,Above Average
BfjOraPEC2s,Maths with Chathura Madushan ,O/L fail නම් A/L ලියන්න පුළුවන්ද? #trending #viralvideo #gk,A/L Content,2025-07-22,6,6,False,18,32196,0,111,38600,400,0.34,80.49,0.83,July,Tuesday,O/L fail  A/L   trending viralvideo gk,Mixed / General,Standard / Niche,Morning (5AM - 12PM),1.723816623183004,4.216661010122967,0.1,321960.0,1788.6666666666667,10.379628559490257,10.5610334618531,Standard  Niche
MYS_hw0Zmxk,Savindu Lankathilaka,top 10 best physics teachers in Sri lanka #topteacher #trending #viral #new #shorts #famous,A/L Content,2025-09-18,4,37,False,19,27500,0,135,5430,342,0.49,80.41,5.06,September,Thursday,top 10 best physics teachers in Sri lanka topteacher trending viral new shorts famous,Mixed / General,Standard / Niche,Night / Late (10PM - 5AM),2.4545454545454546,6.01095977422039,0.6166666666666667,44594.59459459459,1447.3684210526317,10.221977646629885,8.599878558034845,Standard  Niche
HaXMPDljW1Q,KK Academy SL,A/L වලට Commerce කරන එකේ වාසි සහ අවාසි,A/L Content,2024-05-18,1,410,False,18,66106,2273,246,123000,830,3.81,79.65,0.54,May,Saturday,A/L  Commerce     ,Mixed / General,Above Average,Night / Late (10PM - 5AM),8.737482225516596,3.7844396026734684,6.833333333333333,9674.048780487805,3672.5555555555557,11.099029920384039,11.719947764402807,Above Average
LWGn3dCsyoM,Online Accounting,A/L වලට Commerce කල යුත්තේ ඇයි | A/L Commerce ප්‍රතිලාභ | Commerce කිරීමේ වාසි | විකල්ප මාර්ග,A/L Content,2022-05-29,10,2280,False,24,122209,4308,656,101000,1550,4.06,78.84,1.21,May,Sunday,A/L  Commerce    | A/L Commerce  | Commerce   |  ,Mixed / General,Above Average,Morning (5AM - 12PM),9.734143966483646,4.56846885652084,38.0,3216.0263157894738,5092.041666666667,11.713496155432047,11.522885696764481,Above Average
b4sXu2atMTg,Buddhipriya Madhavie,How I worked to get 9 As for my OLs | School days | study tips| medical student,A/L Content,2022-11-05,12,634,False,23,109459,3775,641,45300,1390,4.03,78.75,2.42,November,Saturday,How I worked to get 9 As for my OLs | School days | study tips| medical student,Mixed / General,Above Average,Afternoon (12PM - 5PM),9.825596798801378,5.255279376856468,10.566666666666666,10358.895899053628,4759.086956521739,11.60331446469791,10.721084386282662,Above Average
PyqIqqNdjco,EDU LK,ලංකාවේ ජනප්‍රියම පාසල් 10 | Top 10 Most Popular Schools in Sri Lanka #shorts #top10,General Education,2024-08-08,8,38,False,0,58259,1595,68,1000,748,2.85,77.89,58.26,August,Thursday,   10 | Top 10 Most Popular Schools in Sri Lanka shorts top10,Mixed / General,Above Average,Morning (5AM - 12PM),6.059149659280112,8.420433669823332,0.6333333333333333,91987.8947368421,58259.0,10.972671030513425,6.90875477931522,Above Average
PQwS7l9kJio,nccworksheet colombo,Grade 6 history sinhala mcq | ඊජිප්තු ශිෂ්ටාචාරය | grade 6 history lesson 3 sinhala - new 2021,Past Papers & Revision,2021-07-04,19,491,False,21,145571,2567,0,13100,1879,1.76,77.47,11.11,July,Sunday,Grade 6 history sinhala mcq |   | grade 6 history lesson 3 sinhala  new 2021,Sinhala Medium,Above Average,Prime Time (5PM - 10PM),3.526801354665421,6.758897550076783,8.183333333333334,17788.716904276986,6931.952380952381,11.88842608855892,9.48044384215367,Above Average
Rhzsl83wWO0,Higher Education SriLanka,සතියෙන් A/L ගොඩදැම්මා | සතියටම නිදාගත්තේ පැය 28යි | How to do A/L's in 1 WEEK,A/L Content,2024-08-18,11,818,False,25,56848,2557,347,128000,738,5.11,77.03,0.44,August,Sunday, A/L  |    28 | How to do A/Ls in 1 WEEK,Mixed / General,Above Average,Morning (5AM - 12PM),12.047917253025613,3.552291967817257,13.633333333333333,4169.779951100245,2273.92,10.948153908874458,11.759793355371237,Above Average
lNq6ahKhruY,Ascend Daily ,කැපවීම තියා ගන්න 🎓💯✊🧠 #motivation #sinhala #sigmarule #sigma #study #positivity,Motivation & Tips,2025-09-24,11,80,False,7,25634,1631,15,186,336,6.42,76.29,137.82,September,Wednesday,    motivation sinhala sigmarule sigma study positivity,Sinhala Medium,Standard / Niche,Morning (5AM - 12PM),13.017866895529377,9.260585458185442,1.3333333333333333,19225.5,3662.0,10.1517138842178,5.231108616854587,Standard  Niche
3T2PGzHdc0A,Higher Education SriLanka,A/L Past Papers විතරක් කරලා 3A ගත්ත ක්‍රමය | How I Got 3A's with Past Papers for A/L Exam,A/L Content,2025-07-11,12,798,False,25,31339,1640,209,128000,411,5.9,76.25,0.24,July,Friday,A/L Past Papers   3A   | How I Got 3As with Past Papers for A/L Exam,Mixed / General,Standard / Niche,Afternoon (12PM - 5PM),13.800695618877437,2.9601050959108397,13.3,2356.315789473684,1253.56,10.352650515910012,11.759793355371237,Standard  Niche
qTTRQX-bz2A,Ravindu Bandaranayake,2024 AL Island 0th ?? (Maths+ICT+Physics Highest Z score) - Abdul Rasheed - ලංකාවෙ බින්දුව ??,A/L Content,2025-09-07,14,1410,False,29,26912,1958,213,198000,353,8.07,76.24,0.14,September,Sunday,2024 AL Island 0th  MathsICTPhysics Highest Z score  Abdul Rasheed    ,Mixed / General,Standard / Niche,Afternoon (12PM - 5PM),18.50847205707491,2.457329882017766,23.5,1145.1914893617022,928.0,10.200364720227393,12.19602736016897,Standard  Niche
ABvN-rkQ2tk,සුධර්මාරාමේ රිලවා...,A/L 3A’s ගන්න Bright වෙන්නම ඕනෙද? | #sudharmaramerilawa #motivation #physics,A/L Content,2025-10-17,11,78,False,0,23720,1059,20,62400,313,4.55,75.78,0.38,October,Friday,A/L 3As  Bright   | sudharmaramerilawa motivation physics,Mixed / General,Standard / Niche,Morning (5AM - 12PM),9.350758853288363,3.394387580844675,1.3,18246.153846153844,23720.0,10.074116010739036,11.041336579870135,Standard  Niche
PZaLOzJKNRo,commerce iskole,A Level Commerce කරලා වැඩක් තියෙනව ද | ඇයි කොමර්ස් කරන්න ඕන,General Education,2021-03-23,9,493,False,31,149391,5663,804,13000,1982,4.33,75.37,11.49,March,Tuesday,A Level Commerce     |    ,Mixed / General,Above Average,Morning (5AM - 12PM),10.272372499012658,6.765040476202716,8.216666666666667,18181.460446247464,4819.064516129032,11.914329002723708,9.472781556562168,Above Average
JB7y0n-QOk0,CHANNEL EVERYTHING,#Anurada perera# sinhala #sinhalamotivational #AL student motivation #Anurada perera motivation,A/L Content,2024-07-22,1,58,False,0,57510,3314,31,2890,765,5.82,75.18,19.9,July,Monday,Anurada perera sinhala sinhalamotivational AL student motivation Anurada perera motivation,Sinhala Medium,Above Average,Night / Late (10PM - 5AM),11.794470526864894,7.311273159138571,0.9666666666666667,59493.10344827586,57510.0,10.959731512836925,7.969357742016346,Above Average
nf_snJiw94s,Sarasawi sathkaraya MOTIVATION,A/L & O/L motivation[ Exam motivation sinhala]Sinhala exam motivation by Lanka prasad#shorts,A/L Content,2022-07-31,2,61,False,0,110263,7151,99,4450,1487,6.58,74.15,24.78,July,Sunday,A/L  O/L motivation Exam motivation sinhalaSinhala exam motivation by Lanka prasadshorts,Sinhala Medium,Above Average,Night / Late (10PM - 5AM),13.419732820619789,7.516671033088655,1.0166666666666666,108455.40983606558,110263.0,11.610632769374275,8.400884069015854,Above Average
mz_Xhq4mR5g,COMMERCE CHAMPIONS TAMIL VERSION,B.A Economics vs B.Commerce vs B.Business Administration || what to select after 10+2 || Tamil,General Education,2022-06-25,18,60,False,9,112626,3035,18,3970,1523,2.71,73.95,28.37,June,Saturday,BA Economics vs BCommerce vs BBusiness Administration || what to select after 102 || Tamil,Tamil Medium,Above Average,Prime Time (5PM - 10PM),5.469429794186067,7.649197977584764,1.0,112626.0,12514.0,11.631836752799583,8.286773231131251,Above Average
1mGozsjkLYQ,Maths Crew,How to do AL private | Private AL Apply | උසස් පෙළ විභාගයට private apply කරන්නෙ කොහොමද ?,A/L Content,2025-01-19,13,308,False,23,42156,2087,735,54100,584,6.69,72.18,0.78,January,Sunday,How to do AL private | Private AL Apply |    private apply   ,Mixed / General,Standard / Niche,Afternoon (12PM - 5PM),18.618939178290162,4.04830760449912,5.133333333333334,8212.207792207791,1832.8695652173913,10.649156023188173,10.898607948952096,Standard  Niche
qSReFo7X2-4,SL GADGETS,Top Courses For Art Student | Art කරපු ලමයින්ට ලංකාවේ තියෙන හොදම පාඨමාලා | Art Degree Sri Lanka,General Education,2021-12-13,9,808,False,27,122876,3153,415,231000,1717,2.9,71.56,0.53,December,Monday,Top Courses For Art Student | Art       | Art Degree Sri Lanka,Mixed / General,Above Average,Morning (5AM - 12PM),6.8206972883231884,3.6616829594254643,13.466666666666667,9124.455445544554,4550.962962962963,11.718939134020971,12.35017731849889,Above Average
Ee_trfpy6vY,Uni Life,"A/l වලට මාස 3 යි.short notes නැද්ද? හදන්න කාලෙකුත් නෑ,ඊට වඩා වැදගත්  විවරණ  හරියටම ලියමුද? ✨️❤️",A/L Content,2021-11-05,11,31,False,0,125373,4852,13,37400,1755,3.88,71.44,3.35,November,Friday,A/l   3 short notes            ,Mixed / General,Above Average,Morning (5AM - 12PM),7.791948824707075,5.481988012911287,0.5166666666666667,242657.4193548387,125373.0,11.739056549160644,10.529452721013085,Above Average
d5827AjMFQk,Tharaka B Jayathilake - Combined Maths,කරන දේ හරියට කරන්න. #education #combinedmaths #tharakabandara #mathematics #exam #2025al #motivation,A/L Content,2025-06-07,11,87,False,0,31673,1529,23,22700,445,4.9,71.18,1.4,June,Saturday,    education combinedmaths tharakabandara mathematics exam 2025al motivation,Mixed / General,Standard / Niche,Morning (5AM - 12PM),10.017996400719856,4.611669022727921,1.45,21843.44827586207,31673.0,10.363251434051671,10.030164255362632,Standard  Niche
KWmxyYM9qLo,Prasanna Baddewithana,ICT ද? CHEMISTRY ද?  | Prasanna Baddewithana  #education  #fyp #chemistry #work #2027,General Education,2025-03-24,12,83,False,45,36497,2007,46,81900,520,5.63,70.19,0.45,March,Monday,ICT  CHEMISTRY   | Prasanna Baddewithana  education  fyp chemistry work 2027,Mixed / General,Standard / Niche,Afternoon (12PM - 5PM),11.628353015316327,3.4838674041502764,1.3833333333333333,26383.373493975905,811.0444444444445,10.505012743548761,11.313266479778829,Standard  Niche
8qaBd5ler4Q,Nimnavee,Best Boys Schools in Sri Lanka,General Education,2024-05-07,8,49,False,0,58199,2430,241,27000,841,4.59,69.2,2.16,May,Tuesday,Best Boys Schools in Sri Lanka,Mixed / General,Above Average,Morning (5AM - 12PM),10.421141256722624,5.0137770203685035,0.8166666666666667,71264.08163265306,58199.0,10.97164063371953,10.203629181337648,Above Average
QKfCAy_ljy0,Accounting with Lakshitha Rathnayake ,Island 4th | A/L Commerce Success Story,A/L Content,2025-04-24,13,34,False,0,33616,1093,11,3660,489,3.28,68.74,9.18,April,Thursday,Island 4th | A/L Commerce Success Story,Mixed / General,Standard / Niche,Afternoon (12PM - 5PM),6.666468348405521,6.448941924412688,0.5666666666666667,59322.352941176476,33616.0,10.422787170381499,8.205491613120236,Standard  Niche
qO6YpSC1SDA,DP Education - A/L සිංහල මාධ්‍යය,Measurement | Practical No 01 - Usage of the vernier callipers | A/L Physics Practical,A/L Content,2022-08-22,6,8039,False,9,100483,974,74,258000,1465,1.04,68.59,0.39,August,Monday,Measurement | Practical No 01  Usage of the vernier callipers | A/L Physics Practical,Mixed / General,Above Average,Morning (5AM - 12PM),2.3068578764567143,3.3232394437895545,133.98333333333332,749.9664137330515,11164.777777777777,11.51775378982687,12.460718739865236,Above Average
0SsXgF9vgmA,ePapere,March OL-ICT අවසන්ම අනුමාන සම්මන්ත්‍රණය-10-11 සියල්ල ආවරණය සමග සුපිරිම A සාමාර්ථයකට-තොරතුරු තාක්ෂණය,General Education,2025-03-10,9,19345,False,24,36463,1819,146,259000,534,5.39,68.28,0.14,March,Monday,March OLICT   1011     A  ,Mixed / General,Standard / Niche,Morning (5AM - 12PM),11.979266653868304,2.3569975178326077,322.4166666666667,113.09278883432411,1519.2916666666667,10.504080751485466,12.464587201678082,Standard  Niche
oCt0tY8vEtM,Tamil Motivation Faz,5 Months left- A/L Tamil Motivation|Fazrana Fahmy #mbbs #motivation,A/L Content,2024-06-09,6,430,False,6,54834,2811,234,20700,808,5.55,67.86,2.65,June,Sunday,5 Months left A/L Tamil Motivation|Fazrana Fahmy mbbs motivation,Tamil Medium,Above Average,Morning (5AM - 12PM),12.386475544370281,5.197551833325743,7.166666666666667,7651.255813953488,9139.0,10.912083955194309,9.937937287265354,Above Average
yz_5VxZ5I00,Sl cricket fan base,ලංකාවේ හොදම bio ගුරුවරුන්😘#short#sho#biology @dineshmuthugalaofficial@tissajananayake_withlife,General Education,2025-06-03,13,19,False,10,30239,594,87,129,449,2.25,67.35,234.41,June,Tuesday,  bio shortshobiology dineshmuthugalaofficialtissajananayakewithlife,Mixed / General,Standard / Niche,Afternoon (12PM - 5PM),5.367240980191144,9.667037960956126,0.31666666666666665,95491.57894736843,3023.9,10.31692083029347,4.867534450455582,Standard  Niche
yRY_uf-r1xY,Accounting with Ravindra Dissanayaka,2025 A/L Accounting | 170 hours Program | Theory + Revision,A/L Content,2024-12-13,5,38,False,22,41618,737,37,71900,621,1.86,67.02,0.58,December,Friday,2025 A/L Accounting | 170 hours Program | Theory  Revision,Mixed / General,Standard / Niche,Morning (5AM - 12PM),3.986255946946033,3.6856642910119373,0.6333333333333333,65712.63157894737,1891.7272727272727,10.636312072748835,11.183045451818261,Standard  Niche
ci5f5oDCvMY,Higher Education SriLanka,A/L Motivation in Sinhala | Exam Motivation | විභාගයට ගැම්මක් ගන්න | Higher Education Srilanka,A/L Content,2022-01-23,1,815,False,15,112209,5180,608,128000,1676,5.16,66.95,0.88,January,Sunday,A/L Motivation in Sinhala | Exam Motivation |    | Higher Education Srilanka,Sinhala Medium,Above Average,Night / Late (10PM - 5AM),11.942001087256815,4.092943581306472,13.583333333333334,8260.785276073619,7480.6,11.628127394658913,11.759793355371237,Above Average
LFRlMXkVTD8,KUMARA WAGASINGHE,Economics Highest Rank 2024 A/L Sasip Nugegoda | Kumara Wagasinha #kumarawagasinghe  #economics,A/L Content,2024-10-24,12,26,False,0,44889,1117,10,7020,671,2.51,66.9,6.39,October,Thursday,Economics Highest Rank 2024 A/L Sasip Nugegoda | Kumara Wagasinha kumarawagasinghe  economics,Mixed / General,Standard / Niche,Afternoon (12PM - 5PM),5.088106217558868,6.060269734316675,0.43333333333333335,103590.0,44889.0,10.711970331775978,8.85666093701725,Standard  Niche
9oMZ6_dXI1w,Sciety,My GCE A/L success story (by 2016 batch ISLAND SECOND),A/L Content,2022-12-01,14,1328,False,3,91178,4909,750,28400,1364,6.21,66.85,3.21,December,Thursday,My GCE A/L success story by 2016 batch ISLAND SECOND,Mixed / General,Above Average,Afternoon (12PM - 5PM),14.880782644936277,5.373371498094614,22.133333333333333,4119.487951807229,30392.666666666668,11.420579886389897,10.254179634797001,Above Average
3T3_g-nP9eE,campuszone lk,How to Get a Degree If You Fail A/L Exam | Sri Lanka 2026 Guide,A/L Content,2026-04-01,8,321,False,9,9824,379,36,21400,147,4.22,66.83,0.46,April,Wednesday,How to Get a Degree If You Fail A/L Exam | Sri Lanka 2026 Guide,Mixed / General,Standard / Niche,Morning (5AM - 12PM),9.548045602605864,3.457634424265315,5.35,1836.2616822429907,1091.5555555555557,9.192685436737461,9.97119292889014,Standard  Niche
Rc2ZQmWvbfw,Ravindu Bandaranayake,OL ICT වලට අන්තිම මොහොතෙ A එකක් ගන්නෙ කොහොමද,O/L Content,2025-02-22,16,3144,False,29,36454,2117,122,198000,550,6.14,66.28,0.18,February,Saturday,OL ICT    A   ,Mixed / General,Standard / Niche,Afternoon (12PM - 5PM),13.287979371262413,2.5595811281134617,52.4,695.6870229007634,1257.0344827586207,10.503833902240531,12.19602736016897,Standard  Niche
9BwFOSX7XjA,UniSelector: No.1 A/L App,Art ලමයෙක්ගේ Z Score එක හදමු🤩 #results #alevel #trending #uniselector,General Education,2025-01-17,0,51,False,0,38713,682,47,23900,586,1.88,66.06,1.62,January,Friday,Art  Z Score   results alevel trending uniselector,Mixed / General,Standard / Niche,Night / Late (10PM - 5AM),4.130395474388449,4.68229047370307,0.85,45544.705882352944,38713.0,10.563956570705491,10.081675578048475,Standard  Niche
kB650bGxbvs,Nimnavee,ඔයාගේ පාසල මොකක්ද ? Best Schools in Colombo Sri Lanka,General Education,2025-01-02,7,37,False,0,37782,1155,192,27000,601,3.57,62.87,1.4,January,Thursday,    Best Schools in Colombo Sri Lanka,Mixed / General,Standard / Niche,Morning (5AM - 12PM),8.654915038907417,4.488838596473945,0.6166666666666667,61268.10810810811,37782.0,10.539614544996624,10.203629181337648,Standard  Niche
mBk8IVKOq-A,Sandun Priyankara,ET Island 1st ට අපෙන් පුංචි තෑග්ගක්... ❤️🤗 #SFT #ET #BST #ICT #motivation #Tech #ටෙක් #Technology,Motivation & Tips,2024-08-27,12,59,False,0,45656,3688,148,71200,729,8.4,62.63,0.64,August,Tuesday,ET Island 1st      SFT ET BST ICT motivation Tech  Technology,Mixed / General,Standard / Niche,Afternoon (12PM - 5PM),17.77641492903452,3.715599278813318,0.9833333333333333,46429.83050847458,45656.0,10.728912214902909,11.173262142245258,Standard  Niche
oe6syj7bTXM,Uni Life,ලේසියෙන්ම O/L ඉතිහාසයට A එකක් දාමු.|| #studytips #exam #examtips #history,O/L Content,2021-12-04,3,343,False,24,107736,4359,169,37400,1726,4.2,62.42,2.88,December,Saturday, O/L  A  || studytips exam examtips history,Mixed / General,Above Average,Night / Late (10PM - 5AM),8.876327318630727,5.197223292227774,5.716666666666667,18845.947521865888,4489.0,11.587448351035267,10.529452721013085,Above Average
2aUlDcHSCVM,KK Academy SL,"Comprehensive Guide to Management Degrees in Sri Lanka: Universities, Courses, and Career Paths",General Education,2025-01-31,10,968,False,16,35591,1232,171,123000,572,3.94,62.22,0.29,January,Friday,Comprehensive Guide to Management Degrees in Sri Lanka Universities Courses and Career Paths,Mixed / General,Standard / Niche,Morning (5AM - 12PM),9.325391250597061,2.946741589281747,16.133333333333333,2206.0537190082646,2224.4375,10.479876172485877,11.719947764402807,Standard  Niche
JbFmrLxaztY,Geekpranee ,Advantages and Disadvantages of Apply Private A/L Exams in Sri Lanka,A/L Content,2024-07-05,3,713,False,16,48329,1703,340,122000,782,4.23,61.8,0.4,July,Friday,Advantages and Disadvantages of Apply Private A/L Exams in Sri Lanka,Mixed / General,Standard / Niche,Night / Late (10PM - 5AM),10.565085145564774,3.2472688993694185,11.883333333333333,4066.9565217391305,3020.5625,10.785807764839129,11.711784520403112,Standard  Niche
g5TF_R-WFyo,PassMe,O/L Maths - Bhaga | 2023 O/L Mathematics | 2022 O/L Maths Past Paper Disucsssion by Kv Iroshan,O/L Content,2024-05-12,10,937,False,23,50902,2225,148,84900,836,4.66,60.89,0.6,May,Sunday,O/L Maths  Bhaga | 2023 O/L Mathematics | 2022 O/L Maths Past Paper Disucsssion by Kv Iroshan,Mixed / General,Standard / Niche,Morning (5AM - 12PM),10.196063023063926,3.6252471888690807,15.616666666666667,3259.4663820704372,2213.1304347826085,10.837677139898041,11.349241150793087,Standard  Niche
RlxTj6gBw4Q,KK Academy SL,A/L ඉවර අයට බැන්කු රැකියා නිකුත් වුණා : Latest Banking Jobs in Sri Lanka for A/L Students,A/L Content,2025-05-06,8,334,False,24,28467,515,37,123000,477,1.94,59.68,0.23,May,Tuesday,A/L        Latest Banking Jobs in Sri Lanka for A/L Students,Mixed / General,Standard / Niche,Morning (5AM - 12PM),4.268099905153335,2.689641801418855,5.566666666666666,5113.832335329342,1186.125,10.256535928419162,11.719947764402807,Standard  Niche
0TWFQrQKbmY,ePapere,HTML for  OL-ICT seminar grade 10/11-තොරතුරු හා සන්නිවේදන තාක්ෂණය-exam target-epapere-target seminar,Past Papers & Revision,2023-04-12,17,6516,False,24,73426,3245,304,259000,1232,4.83,59.6,0.28,April,Wednesday,HTML for  OLICT seminar grade 10/11   exam targetepaperetarget seminar,Mixed / General,Above Average,Prime Time (5PM - 10PM),10.908942336502056,2.8728864435551453,108.6,676.1141804788214,3059.4166666666665,11.204046994374778,12.464587201678082,Above Average
gtF6syFe898,Ravindu Bandaranayake,2022 O/L ICT Past Paper – FULL DISCUSSION | Complete Explanation,O/L Content,2026-01-26,17,28622,False,6,12587,576,91,198000,212,5.3,59.37,0.06,January,Monday,2022 O/L ICT Past Paper  FULL DISCUSSION | Complete Explanation,Mixed / General,Standard / Niche,Prime Time (5PM - 10PM),12.767140700722967,1.5178049633221011,477.03333333333336,26.38599678568933,2097.8333333333335,9.440499258184298,12.19602736016897,Standard  Niche
fsPV8hiDPWY,TeamOne Learning LK,A/L Maths කරන්නද හිතන්නේ? (Study Advice in Sinhala) | TeamOne Learning,A/L Content,2020-01-29,17,1025,False,31,142175,6026,465,191000,2401,4.57,59.21,0.74,January,Wednesday,A/L Maths   Study Advice in Sinhala | TeamOne Learning,Sinhala Medium,Above Average,Prime Time (5PM - 10PM),10.11218568665377,3.8025518303524444,17.083333333333332,8322.439024390245,4586.290322580645,11.864821005735635,12.160033942617156,Above Average
TWog-O176cg,Ten Thinker ,Top 10 Best Universities in Sri Lanka.🇱🇰🇱🇰🇱🇰#top #top10 #universities  #education #srilanka,General Education,2025-07-03,12,37,False,0,24690,747,13,421,419,3.08,58.93,58.65,July,Thursday,Top 10 Best Universities in Sri Lankatop top10 universities  education srilanka,Mixed / General,Standard / Niche,Afternoon (12PM - 5PM),6.314297286350749,8.148227163483714,0.6166666666666667,40037.83783783783,24690.0,10.114194083746655,6.045005314036012,Standard  Niche
k3Uacmll6Bw,AL Kuppiya,සම්පුර්ණ වැඩසටහන අපේ Youtube එකෙන් බලන්න ❤ #alkuppiya #islandrank #biology,General Education,2025-05-16,12,47,False,32,27359,1268,10,119000,467,4.67,58.58,0.23,May,Friday,   Youtube    alkuppiya islandrank biology,Mixed / General,Standard / Niche,Afternoon (12PM - 5PM),9.45209985745093,2.6723124819436985,0.7833333333333333,34926.382978723406,854.96875,10.216837371736487,11.686887175419702,Standard  Niche
xMnOXg6biWU,Pink Study Diaries,2026 A/L අවුරුද්දෙන් island rank එකක් දාන්න මේ study plan එකට වැඩ කරන්න ... #2026al ,A/L Content,2025-08-18,12,390,False,13,21836,1119,72,4690,373,5.45,58.54,4.66,August,Monday,2026 A/L  island rank    study plan     2026al ,Mixed / General,Standard / Niche,Afternoon (12PM - 5PM),11.897783476827257,5.61238476448449,6.5,3359.3846153846152,1679.6923076923076,9.991361057786367,8.453401058328458,Standard  Niche
FQI9vDXprdw,Combined Maths Ruwan Darshana,#2025AL Applied maths බලය ආරම්භය.. #combinedmaths  #ruwandarshana #education,A/L Content,2024-05-12,14,23,False,13,48900,1703,14,86900,836,3.51,58.49,0.56,May,Sunday,2025AL Applied maths   combinedmaths  ruwandarshana education,Mixed / General,Standard / Niche,Afternoon (12PM - 5PM),7.10838445807771,3.5191107791914313,0.38333333333333336,127565.21739130434,3761.5384615384614,10.797553125151618,11.372524818667134,Standard  Niche
SjNwkCPGg_4,Sarasavi Saviya සරසවි සවිය,AL සඳහා ලඝු ගණක සුලුකිරීම්. Logarithm for Advanced level calculations,A/L Content,2021-06-24,2,1259,False,17,109488,5264,565,15200,1889,5.32,57.96,7.2,June,Thursday,AL     Logarithm for Advanced level calculations,Mixed / General,Above Average,Night / Late (10PM - 5AM),12.19585708022797,6.036227565581497,20.983333333333334,5217.8554408260525,6440.470588235294,11.603579366571584,9.62911649414402,Above Average
G-58dAZ6b9A,SCIENCE ACADEMY TAMIL,அணுத்திணிவலகு | Quantification of elements - Grade 10 Science | GCE O/L Tamil medium,O/L Content,2020-05-07,5,682,False,28,131034,4190,557,51000,2302,3.62,56.92,2.57,May,Thursday, | Quantification of elements  Grade 10 Science | GCE O/L Tamil medium,Tamil Medium,Above Average,Morning (5AM - 12PM),8.520689286750004,4.992365411546469,11.366666666666667,11527.91788856305,4679.785714285715,11.78321974207077,10.839600519357369,Above Average
JSYA7v54B5I,2025 O/L Maths ,The most popular & best  schools in Sri Lanka😱😱😱What is the best school in Sri Lanka? 🤔🤔🤔,O/L Content,2023-01-29,7,18,False,0,73565,1524,67,222,1305,2.16,56.37,331.37,January,Sunday,The most popular  best  schools in Sri LankaWhat is the best school in Sri Lanka ,Mixed / General,Above Average,Morning (5AM - 12PM),4.59865425134235,9.83522621162971,0.3,245216.6666666667,73565.0,11.205938241460442,5.407171771460119,Above Average
mVo-CyvVjWM,Wiedza,තේරෙන සිංහලෙන් අවකලනය(Differentiation) |For University & A/L students,A/L Content,2023-03-28,15,1937,False,0,69889,3801,303,3190,1247,5.87,56.05,21.91,March,Tuesday,  Differentiation |For University  A/L students,Sinhala Medium,Above Average,Afternoon (12PM - 5PM),13.044971311651333,7.114001267211995,32.28333333333333,2164.8631905007746,69889.0,11.154677856471174,8.068089626278244,Above Average
KFI0qNceP9c,Kv Iroshan,වර්ගඡ සමීකරණ - Quadratic Equations | 2020 OL Maths paper Discussion in Sinhala | Wargaja samikarana,O/L Content,2022-04-06,10,878,False,20,89816,3268,113,256000,1603,3.76,56.03,0.35,April,Wednesday,   Quadratic Equations | 2020 OL Maths paper Discussion in Sinhala | Wargaja samikarana,Sinhala Medium,Above Average,Morning (5AM - 12PM),7.906163712478846,3.025800654676025,14.633333333333333,6137.767653758542,4490.8,11.405529545950332,12.45293662970407,Above Average
q0oz4cOJg4Y,Imandi Herath - ඉමන්දි හේරත්,Mini vlog diary as a A/L student 💕🎀🍓🩰💗 #students #study #srilanka #minivlog #srilanka,A/L Content,2025-06-14,16,56,False,0,24369,0,15,2590,438,0.06,55.64,9.41,June,Saturday,Mini vlog diary as a A/L student  students study srilanka minivlog srilanka,Mixed / General,Standard / Niche,Afternoon (12PM - 5PM),0.30776806598547335,6.262583454535205,0.9333333333333333,26109.642857142855,24369.0,10.101108146619252,7.85979918056211,Standard  Niche
iwHXVBLn1AA,Junior mind,Tuition Classes 😂👋🏻 #youtubeshorts #reach #memes #foryou #srilanka #foryou #funny #sinhala ￼,General Education,2023-10-09,2,16,False,0,58157,1136,14,2130,1052,1.98,55.28,27.3,October,Monday,Tuition Classes  youtubeshorts reach memes foryou srilanka foryou funny sinhala ,Sinhala Medium,Above Average,Night / Late (10PM - 5AM),4.027030280103857,7.319960289500501,0.26666666666666666,218088.75,58157.0,10.970918723720663,7.664346632098617,Above Average
V6VCJw_ujAg,Top 10 SL,ලංකාවේ විශිෂ්ටතම ටියුෂන් ගුරුවරු 10 | Tution Legends Sri Lanka #shorts #viral,General Education,2023-09-21,11,39,False,22,58724,1432,70,6080,1070,2.56,54.88,9.66,September,Thursday,    10 | Tution Legends Sri Lanka shorts viral,Mixed / General,Above Average,Morning (5AM - 12PM),5.473060418227641,6.275027146168549,0.65,90344.61538461538,2669.2727272727275,10.980620809527114,8.71292443512011,Above Average
uW09NlUJRCE,VK Karikalan,SL 🇱🇰 Highest Salary Job 8.2MRs for Engineers #shorts | VK Karikalan |,General Education,2022-02-21,12,38,False,3,89220,2688,32,301000,1647,3.05,54.17,0.3,February,Monday,SL  Highest Salary Job 82MRs for Engineers shorts | VK Karikalan |,Mixed / General,Above Average,Afternoon (12PM - 5PM),6.204886796682358,2.847870112811607,0.6333333333333333,140873.68421052632,29740.0,11.398871716868715,12.614868865984631,Above Average
iZDAKYfhmaI,Chamuditha News Brief,ඉස්කෝලයකට අඩියක් වත් නොතියපු ඕනම වයසක කෙනෙක් මාස 6න් උසස් පෙළ කරල කැම්පස් යවන්න අපිට පුළුවන්. -C N B,General Education,2022-12-21,14,1616,False,0,72796,1386,374,233000,1344,2.42,54.16,0.31,December,Wednesday,        6        C N B,Mixed / General,Above Average,Afternoon (12PM - 5PM),6.376723995823946,2.8786140168830854,26.933333333333334,2702.8217821782177,72796.0,11.195430024544462,12.358798024384122,Above Average
EOPfrppI4U0,Elegant lankans,Physics සිංහල මාධ්‍ය හොඳම ගුරුවරුන් 5ක් #alevel #physics #tuition #srilanka #anuradhaperera #class,General Education,2023-07-05,18,33,False,0,62116,1621,203,364,1148,2.94,54.11,170.65,July,Wednesday,Physics     5 alevel physics tuition srilanka anuradhaperera class,Sinhala Medium,Above Average,Prime Time (5PM - 10PM),6.8533067164659665,9.130741978080659,0.55,112938.18181818181,62116.0,11.036774982471208,5.8998973535824915,Above Average
p761jCpa9rE,KK Academy SL,Top 10 best degrees and universities for A/L commerce student in srilanka,A/L Content,2026-05-06,8,768,False,0,6048,214,63,123000,112,4.58,54.0,0.05,May,Wednesday,Top 10 best degrees and universities for A/L commerce student in srilanka,Mixed / General,Standard / Niche,Morning (5AM - 12PM),12.28505291005291,1.308332819650179,12.8,472.5,6048.0,8.707648248106914,11.719947764402807,Standard  Niche
T6X1lz6GQB8,Learn with MI,how to study history? | Tamil | study tricks | GCE O/L 2023,O/L Content,2021-10-31,15,409,False,0,94414,4316,293,5380,1760,4.88,53.64,17.55,October,Sunday,how to study history | Tamil | study tricks | GCE O/L 2023,Tamil Medium,Above Average,Afternoon (12PM - 5PM),10.694388544071852,6.848410712545133,6.816666666666666,13850.464547677262,94414.0,11.455455237815679,8.59062950948942,Above Average
EXD4rt-r564,Simplebooks,Things School Didn’t Teach You About Life After A/L | @prameshwickramasinghe | Simplebooks,A/L Content,2024-02-20,11,1870,False,24,49077,3312,139,791000,918,7.03,53.46,0.06,February,Tuesday,Things School Didnt Teach You About Life After A/L | prameshwickramasinghe | Simplebooks,Mixed / General,Standard / Niche,Morning (5AM - 12PM),14.913299508934937,1.436892413882982,31.166666666666668,1574.663101604278,2044.875,10.801166148198302,13.581054510971494,Standard  Niche
DB8-YClzwLU,AL Kuppiya,2022 (23) A/L commerce Island 1st interview | Island rankers A/L kuppiya,A/L Content,2023-10-14,12,1785,False,31,55835,2489,158,119000,1047,4.74,53.33,0.47,October,Saturday,2022 23 A/L commerce Island 1st interview | Island rankers A/L kuppiya,Mixed / General,Above Average,Afternoon (12PM - 5PM),10.330437897376198,3.2605972547751496,29.75,1876.8067226890757,1801.1290322580646,10.930174101632648,11.686887175419702,Above Average
WMqnwpye_f8,EDU with DULANKA,Productive Night Study Routine 🌙📚 | Late Night Motivation | Sri Lankan Uni Life 🇱🇰,Motivation & Tips,2025-10-20,12,583,False,8,16418,1110,469,49900,310,9.62,52.96,0.33,October,Monday,Productive Night Study Routine  | Late Night Motivation | Sri Lankan Uni Life ,Mixed / General,Standard / Niche,Afternoon (12PM - 5PM),27.80484833719089,2.916515891046424,9.716666666666667,1689.6740994854201,2052.25,9.706194479812028,10.817796321618971,Standard  Niche
LLXt4H9bY7Y,DReam A Level,"OL තුන්වෙනි කාණ්ඩයට දවසින් A එකක්|දැන් පටන් ගත්තත් ගොඩ|The Ultimate 1 Day Study Plan O/L ICT, HEALTH",O/L Content,2026-02-23,17,817,False,0,9640,1229,239,91200,184,15.23,52.39,0.11,February,Monday,OL    A |   |The Ultimate 1 Day Study Plan O/L ICT HEALTH,Mixed / General,Standard / Niche,Prime Time (5PM - 10PM),37.89419087136929,1.9114517921460596,13.616666666666667,707.9559363525092,9640.0,9.17378011666438,11.420821140914589,Standard  Niche
TcETGjm7-JQ,Nethmini Sirimanna,Commerce කරලා කැම්පස් යන්න මාස 3න් මම පාඩම් කරපු විදිහ🤫 | A/L exam motivation | how to study for A/L,A/L Content,2024-05-16,16,834,False,0,43360,2451,314,5600,832,6.38,52.12,7.74,May,Thursday,Commerce     3     | A/L exam motivation | how to study for A/L,Mixed / General,Standard / Niche,Afternoon (12PM - 5PM),14.92619926199262,6.002426247542593,13.9,3119.4244604316546,43360.0,10.677315698578214,8.630700432209832,Standard  Niche
G7Mm2VVff54,VidyaAi lk Tamil Medium,Stop Failing A/L Arts & Commerce! Secret Study Hacks & Z-Score Masterclass | Rifath (Tamil),A/L Content,2026-05-11,10,331,False,14,5551,343,20,6900,107,6.54,51.88,0.8,May,Monday,Stop Failing A/L Arts  Commerce Secret Study Hacks  ZScore Masterclass | Rifath Tamil,Tamil Medium,Standard / Niche,Morning (5AM - 12PM),14.159610880922358,3.7495981891486423,5.516666666666667,1006.2235649546828,396.5,8.62191350218664,8.839421607620602,Standard  Niche
DA_36blmRZE,Science and Technology ,O/L  ළමයින්ගේ ප්‍රශ්ණ වලට පිළිතුරු II Subscribe,O/L Content,2022-12-03,13,391,False,48,70662,2879,849,5230,1362,5.28,51.88,13.51,December,Saturday,O/L      II Subscribe,Mixed / General,Above Average,Afternoon (12PM - 5PM),14.156123517590785,6.553789234089666,6.516666666666667,10843.273657289003,1472.125,11.165677376847421,8.562357743370612,Above Average
sCHvapWIarU,Sciety,My productive six months before A/L Final Exam #by-Roshen Akthar,A/L Content,2021-06-16,2,1129,False,12,98232,4689,374,28400,1897,5.15,51.78,3.46,June,Wednesday,My productive six months before A/L Final Exam byRoshen Akthar,Mixed / General,Above Average,Night / Late (10PM - 5AM),11.450443847218828,5.193838684183139,18.816666666666666,5220.478299379983,8186.0,11.495097486770616,10.254179634797001,Above Average
jkb-CIwgeeY,MAHEE,ලංකාවේ ජනප්‍රිය පිරිමි පාසල් 10 | Top 10 Boys' Schools in Sri Lanka 😱 #shortvideo #viral #top10,A/L Content,2024-08-15,7,36,False,0,38275,969,60,81800,741,2.69,51.65,0.47,August,Thursday,    10 | Top 10 Boys Schools in Sri Lanka  shortvideo viral top10,Mixed / General,Standard / Niche,Morning (5AM - 12PM),5.847158719790986,3.2298355471045355,0.6,63791.66666666667,38275.0,10.552578346899153,11.31204474745499,Standard  Niche
YmOBgHJQi5c,Cards Club,ලස්සනම මොකද්ද?😱Most beautiful government campuses in Sri Lanka#top #university #srilanka #trending,General Education,2025-06-13,14,37,False,26,22572,322,3,35000,439,1.44,51.42,0.64,June,Friday, Most beautiful government campuses in Sri Lankatop university srilanka trending,Mixed / General,Standard / Niche,Afternoon (12PM - 5PM),2.919546340598972,3.5236745677201724,0.6166666666666667,36603.24324324324,868.1538461538462,10.024509780783578,10.463131911491967,Standard  Niche
EXyG5RlUX60,commerce academy LK,A/L commerce කරනවානම් අනිවාර්යයෙන්ම බලන්න🤫,A/L Content,2026-01-14,6,9,False,0,11291,315,3,77,224,2.82,50.41,146.64,January,Wednesday,A/L commerce   ,Mixed / General,Standard / Niche,Morning (5AM - 12PM),5.712514391993624,8.90830544162186,0.15,75273.33333333334,11291.0,9.33184978937338,4.356708826689592,Standard  Niche
KoyzsNJR7A4,KK Academy SL,"Why Choose Chartered Accountancy After A/Ls? | Benefits, Career Paths, and Salary Insights",A/L Content,2024-12-28,3,344,False,23,30315,1165,136,123000,606,4.29,50.02,0.25,December,Saturday,Why Choose Chartered Accountancy After A/Ls | Benefits Career Paths and Salary Insights,Mixed / General,Standard / Niche,Night / Late (10PM - 5AM),9.929078014184398,2.603059987244579,5.733333333333333,5287.5,1318.0434782608695,10.31943090493192,11.719947764402807,Standard  Niche
BrMfHhq43Qs,KK Academy SL,Landing Your First Banking Job in Sri Lanka After A/Ls: Step-by-Step Guide,A/L Content,2025-03-02,11,1126,False,20,26655,996,59,123000,542,3.96,49.18,0.22,March,Sunday,Landing Your First Banking Job in Sri Lanka After A/Ls StepbyStep Guide,Mixed / General,Standard / Niche,Morning (5AM - 12PM),8.580003751641344,2.4697591704577877,18.766666666666666,1420.3374777975134,1332.75,10.19076954496657,11.719947764402807,Standard  Niche
swrhoMQql40,Tution hub,Best combined maths teachers in srilanka ❤️| #combinedmaths | #advancelevel,General Education,2023-12-31,8,30,False,29,47301,1037,108,1830,969,2.42,48.81,25.85,December,Sunday,Best combined maths teachers in srilanka | combinedmaths | advancelevel,Mixed / General,Standard / Niche,Morning (5AM - 12PM),5.526310225999451,7.141038054199188,0.5,94602.0,1631.0689655172414,10.764307856884209,7.5126175446745105,Standard  Niche
eIkK3Yum8LM,Hasry sir,HASRY SIR MATHS CLASS #GRADE 11#education #motivation #exam #maths #success #tamil medium,Motivation & Tips,2025-01-01,10,53,False,7,29251,1748,47,11600,602,6.14,48.59,2.52,January,Wednesday,HASRY SIR MATHS CLASS GRADE 11education motivation exam maths success tamil medium,Tamil Medium,Standard / Niche,Morning (5AM - 12PM),12.755119483094596,4.815810294029545,0.8833333333333333,33114.33962264151,4178.714285714285,10.283703226390841,9.358846580275406,Standard  Niche
6ZeFZ9_kX6Q,Sciety,A complete guidance for A/L Bio stream #2023 #studytips,A/L Content,2023-07-07,13,930,False,0,55487,3144,519,28400,1146,6.6,48.42,1.95,July,Friday,A complete guidance for A/L Bio stream 2023 studytips,Mixed / General,Above Average,Afternoon (12PM - 5PM),16.009155297637285,4.558277720049814,15.5,3579.8064516129034,55487.0,10.923922060140214,10.254179634797001,Above Average
gBT12kKoORQ,RAMESH A PRIYANKARA,Commerce කරපු කෙනෙක් Bio කරන්න ගියේ ඇයි?,General Education,2024-08-24,7,113,False,25,33844,1357,147,78500,732,4.44,46.23,0.43,August,Saturday,Commerce   Bio   ,Mixed / General,Standard / Niche,Morning (5AM - 12PM),10.190875783004373,3.0387390796343556,1.8833333333333333,17970.265486725664,1353.76,10.429546556942707,11.270866642542865,Standard  Niche
egBtc5ZxDqo,Motivation Hub,Best motivation sinhala ❘ work hard ❘ motivational speech,A/L Content,2022-12-14,8,16,False,0,62463,2416,16,234,1351,3.89,46.23,266.94,December,Wednesday,Best motivation sinhala  work hard  motivational speech,Sinhala Medium,Above Average,Morning (5AM - 12PM),7.863855402398219,9.420733881862548,0.26666666666666666,234236.25,62463.0,11.042345669772764,5.459585514144159,Above Average
fLo91hL4q70,Com Maths,2025 THEORY | දර්ශක හා ලඝු ගණක | ONLINE EXTRA CLASS #combinedmaths #ruwandarshana,General Education,2024-06-19,14,7482,False,4,36859,1644,0,24300,798,4.46,46.19,1.52,June,Wednesday,2025 THEORY |     | ONLINE EXTRA CLASS combinedmaths ruwandarshana,Mixed / General,Standard / Niche,Afternoon (12PM - 5PM),8.920480750969913,4.265616406286253,124.7,295.5813953488372,9214.75,10.514882231223813,10.098272780745283,Standard  Niche
R1NgQF094iw,Digital Accounting in Tamil,A/L Economics in Tamil |Unit 1 - Introduction to Economics | பொருளியல் அறிமுகம்,A/L Content,2021-03-08,22,3531,False,28,91546,3035,336,36400,1997,3.68,45.84,2.52,March,Monday,A/L Economics in Tamil |Unit 1  Introduction to Economics |  ,Tamil Medium,Above Average,Night / Late (10PM - 5AM),8.465689380202303,4.758035468617652,58.85,1555.5819881053526,3269.5,11.424607780587042,10.502351525774941,Above Average
geYlG5TjbIk,පට්ට ටෝක්ස් - PATTA TALKS,1st shy A/L private කරන්න පුලුවන්ද ? | first shy privet කරනවනම් බලන්නම වෙනවා | Amila Dasanayake,A/L Content,2024-06-11,1,235,False,28,36587,1724,209,22100,806,5.28,45.39,1.66,June,Tuesday,1st shy A/L private    | first shy privet    | Amila Dasanayake,Mixed / General,Standard / Niche,Night / Late (10PM - 5AM),12.280318145789488,4.335293977384736,3.9166666666666665,9341.36170212766,1306.6785714285713,10.507475596776255,10.003378135350923,Standard  Niche
T3-1ntPb7WQ,Kv Iroshan,GCE O/L Exam 2020 - Mathematics Part 2 Paper Discussion | Gana wasthu | | Past Papers | Kv Iroshan,O/L Content,2022-03-30,10,1371,False,0,71656,2933,131,256000,1610,4.28,44.51,0.28,March,Wednesday,GCE O/L Exam 2020  Mathematics Part 2 Paper Discussion | Gana wasthu | | Past Papers | Kv Iroshan,Mixed / General,Above Average,Morning (5AM - 12PM),9.100424249190576,2.5999303263567826,22.85,3135.9299781181617,71656.0,11.179646125623133,12.45293662970407,Above Average
F1zf4TUjgJE,Bio Api,මෙන්න ඔයාට Short Notes සෙට් එකක්. - A/L Biology - Maths - Commerce - Art - Tech හැමෝටම- Bio Api Tips,A/L Content,2022-12-11,11,187,False,22,60205,2108,126,558000,1354,3.71,44.46,0.11,December,Sunday,  Short Notes    A/L Biology  Maths  Commerce  Art  Tech  Bio Api Tips,Mixed / General,Above Average,Morning (5AM - 12PM),8.049165351714974,1.7733578600475028,3.1166666666666667,19317.11229946524,2736.590909090909,11.005527294104496,13.232116033476537,Above Average
8LlFQ1swmK0,Kasun Liyanage Official ,What is success? #EnglishMedium #ALBusinessStudies  #kasunliyanage #BestALEconomicsClass,General Education,2025-04-22,11,48,False,7,21399,863,4,7500,491,4.05,43.58,2.85,April,Tuesday,What is success EnglishMedium ALBusinessStudies  kasunliyanage BestALEconomicsClass,English Medium,Standard / Niche,Morning (5AM - 12PM),8.159259778494322,4.829936420040264,0.8,26748.75,3057.0,9.971146201009942,8.922791623969637,Standard  Niche
qe3xCPGwiE0,O/L මැත with RV,O/L maths | Past paper Question 🤔✍️ | 2019 Past Paper |  #Maths #o/l #shorts #🇱🇰 #O/L මැත,O/L Content,2024-02-14,12,49,False,12,40237,1838,15,1100,924,4.61,43.55,36.58,February,Wednesday,O/L maths | Past paper Question  | 2019 Past Paper |  Maths o/l shorts  O/L ,Mixed / General,Standard / Niche,Afternoon (12PM - 5PM),9.322265576459477,7.374038872466923,0.8166666666666667,49269.795918367345,3353.0833333333335,10.602567101749182,7.00397413672268,Standard  Niche
jDDEDpK08DA,4 වටේ - 4 wate,ලංකාවේ හොඳම පාසල්. Best Schools in Sri Lanka.,General Education,2025-02-28,7,36,False,25,23552,690,42,2140,544,3.11,43.29,11.01,February,Friday,   Best Schools in Sri Lanka,Mixed / General,Standard / Niche,Morning (5AM - 12PM),6.751019021739131,6.168821509002622,0.6,39253.333333333336,942.08,10.067008479866365,7.669028288589683,Standard  Niche
PY79A4dIzY0,KK Academy SL,AL වලට COMMERCE කලොත් කවුද වෙන්න පුලුවන්? : 2024,A/L Content,2023-12-02,2,530,False,18,42715,1349,175,123000,998,3.57,42.8,0.35,December,Saturday,AL  COMMERCE      2024,Mixed / General,Standard / Niche,Night / Late (10PM - 5AM),8.36474306449725,2.7713379403381286,8.833333333333334,4835.66037735849,2373.0555555555557,10.662328836291437,11.719947764402807,Standard  Niche
i0LhBYQ5TtY,AISSA,All Island Schools Science Association - 1st  Installation Ceremony,General Education,2023-07-18,3,60,False,23,48400,2391,20,610,1135,4.98,42.64,79.34,July,Tuesday,All Island Schools Science Association  1st  Installation Ceremony,Mixed / General,Standard / Niche,Night / Late (10PM - 5AM),10.086776859504132,8.12683074185785,1.0,48400.0,2104.3478260869565,10.78727575364831,6.415096959171596,Standard  Niche
-miDs0TVLiA,Geethma Theekshani,ICT වලට A ගන්න මෙච්චර ලේසිද? 🏆 A/L ICT Study Tips📚 #al #ict #advancedlevel #studytips,A/L Content,2025-09-28,9,1571,False,12,14047,665,107,2970,332,5.5,42.31,4.73,September,Sunday,ICT  A     A/L ICT Study Tips al ict advancedlevel studytips,Mixed / General,Standard / Niche,Morning (5AM - 12PM),13.276856268242328,5.303933068933672,26.183333333333334,536.4863144493953,1170.5833333333333,9.550235315874898,7.9966538754626075,Standard  Niche
m3zLxamfUrw,BeMove,SUPPER EXAM TIPS IN TAMIL | GCE A/L & GCE O/L | BEMOVE,A/L Content,2021-07-23,23,321,False,23,78035,3486,107,4080,1860,4.6,41.95,19.13,July,Friday,SUPPER EXAM TIPS IN TAMIL | GCE A/L  GCE O/L | BEMOVE,Tamil Medium,Above Average,Night / Late (10PM - 5AM),9.6200422887166,6.688981541110831,5.35,14585.981308411216,3392.8260869565215,11.264925537657152,8.314097335405807,Above Average
hzFvVU5ah7M,Janaka Bandara,Business introduction ( ව්‍යාපර හැදින්වීම - 01 පාඩම )A/L Business Studies |Sinhala | Janaka Bandara,A/L Content,2023-04-04,10,5277,False,27,50992,1539,174,7690,1240,3.36,41.12,6.63,April,Tuesday,Business introduction     01  A/L Business Studies |Sinhala | Janaka Bandara,Sinhala Medium,Standard / Niche,Morning (5AM - 12PM),7.74239096328836,5.611760748622715,87.95,579.7839681637294,1888.5925925925926,10.839443647384186,8.947806093057054,Standard  Niche
bdu9BkC80Tc,Higher Education SriLanka,How to Study Maths | Study Tips in Sinhala | Higher Education Srilanka,Motivation & Tips,2022-12-22,13,774,False,11,54478,2800,200,128000,1343,5.51,40.56,0.43,December,Thursday,How to Study Maths | Study Tips in Sinhala | Higher Education Srilanka,Sinhala Medium,Above Average,Afternoon (12PM - 5PM),12.11498219464738,2.914565601135331,12.9,4223.100775193799,4952.545454545455,10.905570585295168,11.759793355371237,Above Average
JmwZnPcXNCU,Naduni Nethsara♡,මම A/L ICTවලට වැඩ කරපු විදිය💗🌸 #ict#a/l #exam #shorts,A/L Content,2024-10-20,5,5,False,0,27268,303,8,1980,675,1.14,40.4,13.77,October,Sunday, A/L ICT    icta/l exam shorts,Mixed / General,Standard / Niche,Morning (5AM - 12PM),2.369077306733167,6.323118049397993,0.08333333333333333,327216.0,27268.0,10.213505804833561,7.591357046698551,Standard  Niche
ODiqkTB20u4,KK Academy SL,University නොගියත් කරන්න පුළුවන් හොඳම Courses 10 After A/L | Sri Lanka,A/L Content,2026-04-02,13,870,False,15,5831,163,18,123000,146,3.1,39.94,0.05,April,Thursday,University     Courses 10 After A/L | Sri Lanka,Mixed / General,Standard / Niche,Afternoon (12PM - 5PM),7.134282284342309,1.0976117883345262,14.5,402.13793103448273,388.73333333333335,8.671115273688494,11.719947764402807,Standard  Niche
Tz4DZ2nqPTU,DP Education - Maths,2022(2023) GCE Ordinary Level Mathematics Past Papers | Paper 01,O/L Content,2023-10-11,7,4620,False,0,41909,615,55,293000,1050,1.6,39.91,0.14,October,Wednesday,20222023 GCE Ordinary Level Mathematics Past Papers | Paper 01,Mixed / General,Standard / Niche,Morning (5AM - 12PM),3.5911140805077664,1.8851587334866047,77.0,544.2727272727273,41909.0,10.643279740919118,12.587931300962664,Standard  Niche
PcYoUEppWgw,Mr SaNdUn,මම A/L වලට  A3ක් දාපු හැටි 😂❤️ University Of Colombo Student Story,A/L Content,2023-02-16,17,1357,False,35,51204,2875,385,11800,1287,6.37,39.79,4.34,February,Thursday, A/L   A3    University Of Colombo Student Story,Mixed / General,Standard / Niche,Prime Time (5PM - 10PM),14.989063354425436,5.157264040696054,22.616666666666667,2263.994104642594,1462.9714285714285,10.843592462509537,9.375939552625749,Standard  Niche
Sjjkj304u5c,Namal Dilanka,2028 A/L Accounting,A/L Content,2026-05-20,8,118,False,25,3882,218,2,55100,98,5.67,39.61,0.07,May,Wednesday,2028 A/L Accounting,Mixed / General,Standard / Niche,Morning (5AM - 12PM),11.488923235445647,1.3277909254964908,1.9666666666666666,1973.898305084746,155.28,8.264363329731667,10.916923143796645,Standard  Niche
XeqRSYY660Q,Study diary,3rd shy කරනවද?🙁|After A/L Results | Preparing for 3rd Attempt Journey #sinhala,A/L Content,2025-04-28,8,229,False,18,19060,652,322,10900,485,5.11,39.3,1.75,April,Monday,3rd shy |After A/L Results | Preparing for 3rd Attempt Journey sinhala,Sinhala Medium,Standard / Niche,Morning (5AM - 12PM),15.28856243441763,4.245275779422386,3.816666666666667,4993.886462882096,1058.888888888889,9.855399641729074,9.296609807128359,Standard  Niche
nYLfYOe0Zu8,Combined Maths With Sola,#Manojsolangaarachchi #combinedmaths #2025AL #advancelevel #onlineclasses,A/L Content,2023-06-12,5,15,False,0,45917,883,15,17600,1171,1.96,39.21,2.61,June,Monday,Manojsolangaarachchi combinedmaths 2025AL advancelevel onlineclasses,Mixed / General,Standard / Niche,Morning (5AM - 12PM),4.009408280157676,4.638006136779429,0.25,183668.0,45917.0,10.734612476037976,9.77571099759397,Standard  Niche
dUkuG3TxZP8,🎀Shani Herath🎀,පාඩම් කරන ගමන් pass papers කරමූ 😎🤩#studytips #studymotivation #sinhalatips #alevel2026 #aleveltips,Motivation & Tips,2026-06-19,12,25,False,11,2653,133,4,2910,68,5.16,39.01,0.91,June,Friday,   pass papers  studytips studymotivation sinhalatips alevel2026 aleveltips,Sinhala Medium,Standard / Niche,Afternoon (12PM - 5PM),10.78024877497173,3.597287602750197,0.4166666666666667,6367.2,241.1818181818182,7.8838232148921525,7.976251943745623,Standard  Niche
zw5KxUni9F4,IQ Labs,2018 OL ගණිතය I - Part B | 2018 O/L Mathematics I,O/L Content,2019-11-08,6,1931,False,9,95710,1819,98,116000,2483,2.0,38.55,0.83,November,Friday,2018 OL  I  Part B | 2018 O/L Mathematics I,Mixed / General,Above Average,Morning (5AM - 12PM),4.3130289415944,3.4964014952355957,32.18333333333333,2973.899533920249,10634.444444444445,11.469088513364396,11.661354090741,Above Average
Uf1cLZVRTkU,ICTBLACKBELT,Maths එක්ක ICT,General Education,2023-05-27,3,41,False,55,45466,1646,53,4760,1187,3.74,38.3,9.55,May,Saturday,Maths  ICT,Mixed / General,Standard / Niche,Night / Late (10PM - 5AM),7.823428496019003,5.9047213159822185,0.6833333333333333,66535.60975609756,826.6545454545454,10.724742067074814,8.46821300919452,Standard  Niche
_ZBaoSXlQjg,hnts♾️,A/L MATHS කරනවානම් අහන්න manoj solangaarachchi combined maths a/l motivation,A/L Content,2022-11-03,18,38,False,6,53183,1086,18,458,1392,2.08,38.21,116.12,November,Thursday,A/L MATHS   manoj solangaarachchi combined maths a/l motivation,Mixed / General,Standard / Niche,Prime Time (5PM - 10PM),4.25323881691518,8.397946755511843,0.6333333333333333,83973.15789473684,8863.833333333334,10.88151287821512,6.129050210060545,Standard  Niche
jzPJq86fti0,MR SHAN PAGE,අහන්නම ඕන කතාවක්.... 💪❤️ | Namal Dilanka Sir. #motivation #fyp #viralvideo #srilanka #foryou #shorts,A/L Content,2024-11-13,13,51,False,0,24779,1882,22,2240,651,7.68,38.06,11.06,November,Wednesday,    | Namal Dilanka Sir motivation fyp viralvideo srilanka foryou shorts,Mixed / General,Standard / Niche,Afternoon (12PM - 5PM),15.634206384438437,6.04487165581505,0.85,29151.764705882353,24779.0,10.117792155183134,7.714677473800927,Standard  Niche
LvKmz4TmZME,KD Jayakody,ICT ගොඩ දාගන්න 100%ක් නොමිලේ සුපිරි Online Class එකක්.,General Education,2025-01-06,8,26,False,14,22363,583,14,108000,597,2.67,37.46,0.21,January,Monday,ICT   100   Online Class ,Mixed / General,Standard / Niche,Morning (5AM - 12PM),5.526986540267406,2.182291408294285,0.43333333333333335,51606.92307692308,1597.357142857143,10.015207802146536,11.58989576532275,Standard  Niche
v3O7U8ipGoE,Nadeesha Koralage,2027 A/L Business Studies | ව්‍යාපාර විකාශනය  | Nadeesha Koralage,A/L Content,2025-06-05,14,5827,False,15,16717,507,0,26000,447,3.03,37.4,0.64,June,Thursday,2027 A/L Business Studies |    | Nadeesha Koralage,Mixed / General,Standard / Niche,Afternoon (12PM - 5PM),6.0656816414428425,3.216312542465036,97.11666666666666,172.13317315943024,1114.4666666666667,9.7242412622591,10.165890277802454,Standard  Niche
u3Pa-bO_uE0,campuszone lk,Art Stream 2025A/L | Which University Courses Can You Get? (Find Your Course),A/L Content,2026-04-01,13,286,False,16,5471,178,26,21400,147,3.73,37.22,0.26,April,Wednesday,Art Stream 2025A/L | Which University Courses Can You Get Find Your Course,Mixed / General,Standard / Niche,Afternoon (12PM - 5PM),8.883202339608847,2.3681106268742433,4.766666666666667,1147.7622377622379,341.9375,8.607399459302385,9.97119292889014,Standard  Niche
IB1qpl0zEWs,TeamOne Learning LK,A/L Chemistry - Inorganic & Organic ගොඩදාගන්න (Study tips in Sinhala) | TeamOne Learning,A/L Content,2019-11-29,15,1449,False,29,91526,3073,137,191000,2462,3.51,37.18,0.48,November,Friday,A/L Chemistry  Inorganic  Organic  Study tips in Sinhala | TeamOne Learning,Sinhala Medium,Above Average,Afternoon (12PM - 5PM),7.46345300788847,2.936321914222383,24.15,3789.8964803312633,3156.0689655172414,11.424389289702704,12.160033942617156,Above Average
Exm1cMLUB7g,Maths Hub,13 ගුණාකාරය  තප්පර  දෙකෙන්  මනෝමයෙන්  ලියමු . #SHORTS#,General Education,2022-02-06,15,51,False,26,60861,3038,25,7340,1662,5.03,36.62,8.29,February,Sunday,13           SHORTS,Mixed / General,Above Average,Afternoon (12PM - 5PM),10.188790851284073,5.7189331217813955,0.85,71601.17647058824,2340.8076923076924,11.016364285217943,8.901230352110781,Above Average
O_TYg_UhJlo,Charitha Dissanayake,Medicine යන්න Chemistry Physics මොකටද? | Charitha Dissanayake,General Education,2024-12-05,14,72,False,25,22894,1100,37,119000,629,4.97,36.4,0.19,December,Thursday,Medicine  Chemistry Physics  | Charitha Dissanayake,Mixed / General,Standard / Niche,Afternoon (12PM - 5PM),10.417576657639556,2.0688860277403194,1.2,19078.333333333336,915.76,10.038673825091196,11.686887175419702,Standard  Niche
I5bB61ewht0,Maths Hub,7 ගුණාකාරය  ලේසියෙන්ම.      math tricks and tips - Easy math tricks #SHORTS#MathsTricks#mathshub,Motivation & Tips,2022-05-08,13,58,False,26,56777,1228,12,7340,1571,2.18,36.14,7.74,May,Sunday,7         math tricks and tips  Easy math tricks SHORTSMathsTricksmathshub,Mixed / General,Above Average,Afternoon (12PM - 5PM),4.431371858322913,5.63737055535916,0.9666666666666667,58734.8275862069,2183.730769230769,10.946904205736288,8.901230352110781,Above Average
DDXFYemc0bI,Sanduni  Manathunga,Sri Lankan Nurse 👩‍⚕️💉♥️,General Education,2023-08-16,7,8,False,0,39801,965,46,1890,1106,2.54,35.99,21.06,August,Wednesday,Sri Lankan Nurse ,Mixed / General,Standard / Niche,Morning (5AM - 12PM),5.426999321625084,6.631935108506642,0.13333333333333333,298507.5,39801.0,10.591672441266258,7.544861068658458,Standard  Niche
FtftcZaVT2E,RAMESH A PRIYANKARA,2028 A/L COMMERCE නව පන්ති ආරම්භය,A/L Content,2026-02-28,5,84,False,25,6360,190,7,78500,179,3.1,35.53,0.08,February,Saturday,2028 A/L COMMERCE   ,Mixed / General,Standard / Niche,Morning (5AM - 12PM),6.5251572327044025,1.3460971713684775,1.4,4542.857142857143,254.4,8.757940876678804,11.270866642542865,Standard  Niche
sok9lr1Lu6o,Higher Education SriLanka,A/L Island 1st වෙන්න හරිම ක්‍රමය - How to become A/L Island 1st ,A/L Content,2026-02-08,12,664,False,0,7005,490,60,128000,199,7.85,35.2,0.05,February,Sunday,A/L Island 1st     How to become A/L Island 1st ,Mixed / General,Standard / Niche,Afternoon (12PM - 5PM),18.272662384011422,1.0152306797290587,11.066666666666666,632.9819277108434,7005.0,8.854522203757432,11.759793355371237,Standard  Niche
6Y7hLLzEeKU,Student Lanka,Career Paths for Science Graduates: Exploring Job Prospects in Sri Lanka,General Education,2024-05-03,3,348,False,32,29650,746,235,100000,845,3.31,35.09,0.3,May,Friday,Career Paths for Science Graduates Exploring Job Prospects in Sri Lanka,Mixed / General,Standard / Niche,Night / Late (10PM - 5AM),8.994940978077572,2.4446921096188756,5.8,5112.068965517242,926.5625,10.297251130669952,11.51293546492023,Standard  Niche
Uqqvjnr9lLk,GuideLightSL,"How To Make a Time Table | Study Schedule |  Time table for A/L , O/L  and Grade 6-9 | Sinhala",A/L Content,2025-01-24,12,205,False,22,20185,527,17,16200,579,2.7,34.86,1.25,January,Friday,How To Make a Time Table | Study Schedule |  Time table for A/L  O/L  and Grade 69 | Sinhala,Sinhala Medium,Standard / Niche,Afternoon (12PM - 5PM),5.6428040624225915,3.7971731637492043,3.4166666666666665,5907.804878048781,917.5,9.912744573798804,9.692828247710418,Standard  Niche
4gA_BR4Ia-o,Combined Maths | Janindu Rashmika,Trigonometry Part 01 - Combined Maths A/L in Sinhala -Janidu Rashmika,A/L Content,2019-09-01,19,2209,False,16,88359,1930,376,35100,2551,2.61,34.64,2.52,September,Sunday,Trigonometry Part 01  Combined Maths A/L in Sinhala Janidu Rashmika,Sinhala Medium,Above Average,Prime Time (5PM - 10PM),6.496225625007074,4.48065856408148,36.81666666666667,2399.9728383884108,5522.4375,11.389174657534053,10.465984899076615,Above Average
z1eu-lyOLSA,Student Lanka,How to select Biological Science University degree Programs-2020 UGC Book? ජීව විද්‍යා උපාධි පාඨමාලා,A/L Content,2020-03-19,2,843,False,28,81425,1806,233,100000,2351,2.5,34.63,0.81,March,Thursday,How to select Biological Science University degree Programs2020 UGC Book    ,Mixed / General,Above Average,Night / Late (10PM - 5AM),5.866748541602702,3.3690288102669723,14.05,5795.373665480427,2908.035714285714,11.307449911309426,11.51293546492023,Above Average
irIKQ1Xw_YY,Madushan Neranjan Combined Maths | CM With MN,2027 Special Group Class ආරම්භය | Combined Maths | Madushan Neranjan,A/L Content,2025-05-13,9,33,False,0,15879,629,17,76100,470,4.07,33.79,0.21,May,Tuesday,2027 Special Group Class  | Combined Maths | Madushan Neranjan,Mixed / General,Standard / Niche,Morning (5AM - 12PM),8.45771144278607,2.09135776069017,0.55,28870.90909090909,15879.0,9.672815734801127,11.239816684367907,Standard  Niche
AvhYJS3iBiI,DP Education - கணிதம்,A/L Maths | Science அடிப்படை பாடநெறி - பகுதி 01,A/L Content,2020-08-12,5,9295,False,12,74041,1488,110,193000,2205,2.16,33.58,0.38,August,Wednesday,A/L Maths | Science     01,Mixed / General,Above Average,Morning (5AM - 12PM),4.762226334058157,2.621794901850122,154.91666666666666,477.9408284023669,6170.083333333333,11.21238777874832,12.170450649220749,Above Average
d1fgQjE20Qg,JD mind,O/L Exam guidance in Tamil | full O/L journey Tamil| study tips | 9A |@jdmind5,O/L Content,2024-08-07,13,830,False,6,25115,0,140,3140,749,0.56,33.53,8.0,August,Wednesday,O/L Exam guidance in Tamil | full O/L journey Tamil| study tips | 9A |jdmind5,Tamil Medium,Standard / Niche,Afternoon (12PM - 5PM),2.787178976707147,5.595603175142513,13.833333333333334,1815.5421686746988,4185.833333333333,10.131260372234,8.052296499538647,Standard  Niche
8vncEbQOt4s,By chamozz !🎀,Study vlog 02🤍📚 by chamozz !💗 #motivation #biology #srilanka #fyp #onemillion,Motivation & Tips,2025-09-24,7,59,False,0,11219,577,9,260,336,5.22,33.39,43.15,September,Wednesday,Study vlog 02 by chamozz  motivation biology srilanka fyp onemillion,Mixed / General,Standard / Niche,Morning (5AM - 12PM),10.687227025581603,7.273632699943634,0.9833333333333333,11409.152542372882,11219.0,9.325453179076687,5.564520407322694,Standard  Niche
WBKjB2DsUS8,TeamOne Learning LK,Sri Lankan YouTube Channels for A/L Commerce Students | Online Education | TeamOne Learning,A/L Content,2020-04-19,12,235,False,25,76662,2712,301,191000,2320,3.93,33.04,0.4,April,Sunday,Sri Lankan YouTube Channels for A/L Commerce Students | Online Education | TeamOne Learning,Mixed / General,Above Average,Afternoon (12PM - 5PM),9.038376248989069,2.6543680908523504,3.9166666666666665,19573.276595744683,3066.48,11.247174472006563,12.160033942617156,Above Average
QcYm2EKhrC4,Ruvini Nanayakkara,London Syllabus vs National Syllabus in Sri Lanka | Cambridge | Edexcel Syllabus | Local Syllabus 🇱🇰,A/L Content,2024-12-07,18,555,False,18,20669,469,34,11200,627,2.43,32.96,1.85,December,Saturday,London Syllabus vs National Syllabus in Sri Lanka | Cambridge | Edexcel Syllabus | Local Syllabus ,Mixed / General,Standard / Niche,Prime Time (5PM - 10PM),5.360685083942136,4.126747213329602,9.25,2234.4864864864867,1148.2777777777778,9.936438652675815,9.32375833901174,Standard  Niche
M_sE6LG-YFM,Nadeesha Koralage,Business Studies | Nadeesha Koralage | 2025 AL,General Education,2023-06-10,16,10,False,0,38482,312,12,26000,1173,0.84,32.81,1.48,June,Saturday,Business Studies | Nadeesha Koralage | 2025 AL,Mixed / General,Standard / Niche,Afternoon (12PM - 5PM),1.7774543942622525,3.90315984339274,0.16666666666666666,230892.0,38482.0,10.55797186431868,10.165890277802454,Standard  Niche
L685ocHAzno,LAKEE'S DAYBOOK... 💐,“A/L student life in Sri Lanka”🥺♥️ #motivation#education #study #foryou #exam #fypシ,A/L Content,2026-05-14,7,17,False,0,3358,154,14,439,104,5.0,32.29,7.65,May,Thursday,A/L student life in Sri Lanka motivationeducation study foryou exam fyp,Mixed / General,Standard / Niche,Morning (5AM - 12PM),11.25670041691483,5.513503340156975,0.2833333333333333,11851.764705882353,3358.0,8.119398589612294,6.0867747269123065,Standard  Niche
bkJjRA4izus,Nawaa diaries,Study Law at Open University Sri Lanka | #shorts,Motivation & Tips,2024-09-15,17,17,False,8,22914,661,15,1630,710,2.95,32.27,14.06,September,Sunday,Study Law at Open University Sri Lanka | shorts,Mixed / General,Standard / Niche,Prime Time (5PM - 10PM),6.096709435279742,6.119673488082825,0.2833333333333333,80872.94117647059,2864.25,10.039546996943224,7.396948602621014,Standard  Niche
uvKDfSUL0XI,Ceylon Navigator,"A/L Arts , Commerce හරි O/L වලින් විතරක් නැවක කරන්න් පුළුවන්  Job  මොනවද | Ceylon Navigator",A/L Content,2023-09-20,11,432,False,19,34546,1886,240,16200,1071,6.15,32.26,2.13,September,Wednesday,A/L Arts  Commerce  O/L       Job   | Ceylon Navigator,Mixed / General,Standard / Niche,Morning (5AM - 12PM),14.39240433045794,4.244398289560448,7.2,4798.055555555556,1818.2105263157894,10.45007599474564,9.692828247710418,Standard  Niche
HheA_dhzvpI,Combined Maths | Janindu Rashmika,ශ්‍රේණි Summaryය | Series | A/L Combined Maths | Janindu Rashmika,A/L Content,2025-11-09,0,1508,False,29,9290,460,19,35100,290,5.16,32.03,0.26,November,Sunday, Summary | Series | A/L Combined Maths | Janindu Rashmika,Mixed / General,Standard / Niche,Night / Late (10PM - 5AM),10.92572658772874,2.232999188554951,25.133333333333333,369.62864721485414,320.3448275862069,9.136801468641313,10.465984899076615,Standard  Niche
DchWVyyl2BU,Epic Hiker,Sabaragamuwa University | Most beautiful university in Sri Lanka 🥰#travel#sabaragamuwa#nature,General Education,2025-03-28,7,19,False,0,16419,633,24,941,516,4.0,31.82,17.45,March,Friday,Sabaragamuwa University | Most beautiful university in Sri Lanka travelsabaragamuwanature,Mixed / General,Standard / Niche,Morning (5AM - 12PM),8.441439795359035,6.3212340131248395,0.31666666666666665,51849.47368421053,16419.0,9.70625538300642,6.848005274576363,Standard  Niche
nUWf_WnX_Es,Student Lanka,"A/L 2024 Z-Score අඩුද? Aptitude Test pass වෙලා Moratuwa University Architecture, Design උපාධි කරන්න",A/L Content,2025-05-01,14,209,False,20,15251,247,114,100000,482,2.37,31.64,0.15,May,Thursday,A/L 2024 ZScore  Aptitude Test pass  Moratuwa University Architecture Design  ,Mixed / General,Standard / Niche,Afternoon (12PM - 5PM),6.97659169890499,1.7485039605570978,3.4833333333333334,4378.277511961723,762.55,9.632465920977454,11.51293546492023,Standard  Niche
Y0dhbOZrCk0,KK Academy SL,A/L Commerce Sinhala 2025 – A/L Commerce කරලා වැඩක් තියෙනවද? | Commerce Stream Future Job Guide,A/L Content,2023-08-23,12,2432,False,20,34627,1143,306,123000,1099,4.18,31.51,0.28,August,Wednesday,A/L Commerce Sinhala 2025  A/L Commerce    | Commerce Stream Future Job Guide,Sinhala Medium,Standard / Niche,Afternoon (12PM - 5PM),11.020302076414358,2.2847062141067545,40.53333333333333,854.2845394736843,1731.35,10.452417882335665,11.719947764402807,Standard  Niche
50ynoIex-UA,Vehicle lanka,A/l Private කරන විදිය ❤️🫶#study #status #motivation #tech #maths #bio#hardwork,A/L Content,2025-07-25,7,76,False,0,12177,1004,9,57,397,8.32,30.67,213.63,July,Friday,A/l Private   study status motivation tech maths biohardwork,Mixed / General,Standard / Niche,Morning (5AM - 12PM),16.859653445019298,8.787683137547262,1.2666666666666666,9613.42105263158,12177.0,9.40738632416852,4.060443010546419,Standard  Niche
3dYx-eFH1t0,DP Education - Maths,2021 GCE Ordinary Level Mathematics Past Papers | Paper 01,O/L Content,2022-10-27,4,4671,False,10,42055,528,28,293000,1399,1.32,30.06,0.14,October,Thursday,2021 GCE Ordinary Level Mathematics Past Papers | Paper 01,Mixed / General,Standard / Niche,Night / Late (10PM - 5AM),2.8438948995363216,1.6502727068724363,77.85,540.2055234425177,4205.5,10.646757342499283,12.587931300962664,Standard  Niche
Nb963EIoR0Q,Edu Tips,How to select A/L Subjects - What are the A/L Streams,A/L Content,2021-09-27,2,1944,False,23,53930,1342,429,27300,1794,3.28,30.06,1.98,September,Monday,How to select A/L Subjects  What are the A/L Streams,Mixed / General,Above Average,Night / Late (10PM - 5AM),8.954199888744668,4.102954060567593,32.4,1664.5061728395062,2344.782608695652,10.895460730714525,10.214678610538817,Above Average
iT446LWh560,Nenasala Gampaha,How to get A pass in a Week for O/L ICT 2021/22 - Sri Lanka - Sinhala - KD Jayakody,O/L Content,2022-04-17,14,1095,False,0,47352,2141,210,1990,1592,4.96,29.74,23.79,April,Sunday,How to get A pass in a Week for O/L ICT 2021/22  Sri Lanka  Sinhala  KD Jayakody,Sinhala Medium,Standard / Niche,Afternoon (12PM - 5PM),11.26034803176212,6.563170665834435,18.25,2594.6301369863013,47352.0,10.765385454579738,7.596392304064196,Standard  Niche
WKYd89zkEZk,Hiruni Chandrasekara,As a apprentice in Sri Lanka Law College ⚖️✨🎓 #motivation #lawyer #utubeshorts #minivlog,Motivation & Tips,2024-08-23,9,19,False,0,21678,843,26,8180,733,4.01,29.57,2.65,August,Friday,As a apprentice in Sri Lanka Law College  motivation lawyer utubeshorts minivlog,Mixed / General,Standard / Niche,Morning (5AM - 12PM),8.377156564258694,4.374000763359995,0.31666666666666665,68456.84210526316,21678.0,9.984099329028517,9.009569671513699,Standard  Niche
LrvLx5jrAa0,Damii,මාස 6න් 3As | Tricks and tips | A/L in 6 months |9As in 2021(2020)| 3As in 2022(2021),A/L Content,2022-12-08,10,1212,False,0,39583,1712,144,1800,1357,4.69,29.17,21.99,December,Thursday, 6 3As | Tricks and tips | A/L in 6 months |9As in 20212020| 3As in 20222021,Mixed / General,Standard / Niche,Morning (5AM - 12PM),10.469140792764572,6.4652863466056685,20.2,1959.5544554455446,39583.0,10.586180275192214,7.496097345175956,Standard  Niche
6gPJ0JCviTw,Higher Education SriLanka,A/L මාස 6න් 3A ගන්න හොදම Study Plan එක | How to Get 3A's in 6 Months for A/L Exam,A/L Content,2026-02-02,12,781,False,0,5949,380,49,128000,205,7.21,29.02,0.05,February,Monday,A/L  6 3A   Study Plan  | How to Get 3As in 6 Months for A/L Exam,Mixed / General,Standard / Niche,Afternoon (12PM - 5PM),16.893595562279376,0.8964961045459756,13.016666666666667,457.0294494238156,5949.0,8.691146498539675,11.759793355371237,Standard  Niche
Z9YqbGDYmX8,Ravindu Bandaranayake,HISTORY OF THE COMPUTER - Advanced Level ICT,A/L Content,2022-07-06,17,10991,False,0,43481,2011,79,198000,1512,4.81,28.76,0.22,July,Wednesday,HISTORY OF THE COMPUTER  Advanced Level ICT,Mixed / General,Standard / Niche,Prime Time (5PM - 10PM),10.158460017018928,1.9915934511066409,183.18333333333334,237.36329724319899,43481.0,10.680102338337337,12.19602736016897,Standard  Niche
vt1AJXT3DS0,Happy with sapu,Mini study vlog 📝👌#studytips #studyvlog#srilanka,Motivation & Tips,2022-12-12,15,31,False,0,38710,1633,8,188,1353,4.24,28.61,205.9,December,Monday,Mini study vlog studytips studyvlogsrilanka,Mixed / General,Standard / Niche,Afternoon (12PM - 5PM),8.540428829759753,8.68131666294767,0.5166666666666667,74922.58064516129,38710.0,10.563879076356082,5.241747015059643,Standard  Niche
ihUroFFyuRc,KK Academy SL,A/L වලට commerce කරන්න ඔනේ qualifications,A/L Content,2024-05-30,2,520,False,19,23285,834,76,123000,818,3.91,28.47,0.19,May,Thursday,A/L  commerce   qualifications,Mixed / General,Standard / Niche,Night / Late (10PM - 5AM),8.795361820914751,1.8577500606011728,8.666666666666666,2686.7307692307695,1225.5263157894738,10.05560760059696,11.719947764402807,Standard  Niche
C4dLF_LLyIs,20 minutesLk,A/L පසු ගුරුවරයෙකු වෙන කෙටිම මග (Bachelor Education  in Natural Science Degree in Open University),A/L Content,2021-12-02,15,1148,True,22,49133,757,379,80100,1728,2.31,28.43,0.61,December,Thursday,A/L      Bachelor Education  in Natural Science Degree in Open University,Mixed / General,Standard / Niche,Afternoon (12PM - 5PM),6.938310300612622,2.9092098679074776,19.133333333333333,2567.9268292682927,2233.318181818182,10.802306538498243,11.291043617373028,Standard  Niche
FUwy0QMRhnw,KaviDX,2025 A/L ICT Short Notes PDF Download 📚 | Theory Notes | උසස් පෙළ කෙටි සටහන් නෝට්ස් #2025al #ict2025,A/L Content,2025-11-23,9,80,False,12,7840,211,48,17000,276,3.3,28.41,0.46,November,Sunday,2025 A/L ICT Short Notes PDF Download  | Theory Notes |      2025al ict2025,Mixed / General,Standard / Niche,Morning (5AM - 12PM),8.443877551020408,2.643945363688035,1.3333333333333333,5880.0,653.3333333333334,8.967121656230923,9.741027444837728,Standard  Niche
reizkvYdu8I,Com Maths,2025 AL | සීමාව | PART 02 | Combined Maths | Ruwan Darshana,A/L Content,2025-10-11,14,9726,False,4,9057,296,8,24300,319,3.36,28.39,0.37,October,Saturday,2025 AL |  | PART 02 | Combined Maths | Ruwan Darshana,Mixed / General,Standard / Niche,Afternoon (12PM - 5PM),6.978028044606383,2.4427208785246215,162.1,55.872917951881554,2264.25,9.111403624116159,10.098272780745283,Standard  Niche
egAs-vLPtoQ,KK Academy SL,Why External Degrees Are a Game Changer for A/L  Students,A/L Content,2024-06-19,12,623,False,17,22420,511,135,123000,798,2.88,28.1,0.18,June,Wednesday,Why External Degrees Are a Game Changer for A/L  Students,Mixed / General,Standard / Niche,Afternoon (12PM - 5PM),7.569134701159679,1.8013797126050455,10.383333333333333,2159.2295345104335,1318.8235294117646,10.017753298664472,11.719947764402807,Standard  Niche
_rNkuOBhMX8,TeamOne Learning LK,A/L Combined Maths Paper - Time Management (Exam tips in Sinhala) | TeamOne Learning,A/L Content,2020-01-28,20,292,False,29,67365,2587,69,191000,2402,3.94,28.05,0.35,January,Tuesday,A/L Combined Maths Paper  Time Management Exam tips in Sinhala | TeamOne Learning,Sinhala Medium,Above Average,Prime Time (5PM - 10PM),8.192681659615527,2.3811651931169027,4.866666666666666,13842.123287671235,2322.9310344827586,11.117895718583592,12.160033942617156,Above Average
DcsCPQAJrm8,ICT with Shashika Madhushan,ICT Speed Revision l Grade 11 l Lesson 3,General Education,2023-09-28,11,2091,False,0,29232,1112,76,11900,1063,4.06,27.5,2.46,September,Thursday,ICT Speed Revision l Grade 11 l Lesson 3,Mixed / General,Standard / Niche,Morning (5AM - 12PM),8.908045977011495,4.229021132213981,34.85,838.7948350071736,29232.0,10.283053487118604,9.38437770918244,Standard  Niche
0RO7NNZTI5s,IQ Labs,2018 OL ගණිතය II - Part A | 2018 O/L Mathematics II,O/L Content,2019-11-12,5,2245,False,9,67904,1130,64,116000,2479,1.76,27.39,0.59,November,Tuesday,2018 OL  II  Part A | 2018 O/L Mathematics II,Mixed / General,Above Average,Morning (5AM - 12PM),3.7994816211121587,2.842586921548664,37.416666666666664,1814.8062360801782,7544.888888888889,11.125864948538169,11.661354090741,Above Average
lamg5QlK-iE,KK Academy SL,Degrees offered for Advanced Level Commerce Students : 2024,A/L Content,2024-05-31,16,283,False,17,22285,646,66,123000,817,3.19,27.28,0.18,May,Friday,Degrees offered for Advanced Level Commerce Students  2024,Mixed / General,Standard / Niche,Afternoon (12PM - 5PM),7.2784384114875476,1.7767135110227839,4.716666666666667,4724.734982332156,1310.8823529411766,10.011713957606998,11.719947764402807,Standard  Niche
iDhoIzzP1sk,KK Academy SL,Entry-Level Job Opportunities After A/L Exams in Sri Lanka | Best Jobs for School Leavers 2024,A/L Content,2024-12-26,9,357,False,20,16502,430,45,123000,608,2.88,27.14,0.13,December,Thursday,EntryLevel Job Opportunities After A/L Exams in Sri Lanka | Best Jobs for School Leavers 2024,Mixed / General,Standard / Niche,Morning (5AM - 12PM),6.57496061083505,1.5103245095367406,5.95,2773.4453781512602,825.1,9.711297461543568,11.719947764402807,Standard  Niche
lhyO1daJER0,Combined Maths Ruwan Darshana,2025 THEORY | ශ්‍රිත ආරම්භ වේ.. | COMBINED MATHS | RUWAN DARSHANA,General Education,2024-03-28,4,6318,False,15,23719,1076,25,86900,881,4.64,26.92,0.27,March,Thursday,2025 THEORY |    | COMBINED MATHS | RUWAN DARSHANA,Mixed / General,Standard / Niche,Night / Late (10PM - 5AM),9.599898815295754,2.1124410199429438,105.3,225.25166191832858,1581.2666666666667,10.074073853111662,11.372524818667134,Standard  Niche
UNPKmejw9Nc,4 වටේ - 4 wate,ලංකාවේ පාස් වෙන්න අමාරුම විභාග. Most difficult exams in Sri Lanka.,General Education,2025-03-08,7,29,False,30,14394,351,6,2140,536,2.48,26.85,6.73,March,Saturday,     Most difficult exams in Sri Lanka,Mixed / General,Standard / Niche,Morning (5AM - 12PM),5.085452271779908,5.202359727187002,0.48333333333333334,29780.689655172413,479.8,9.574636203046277,7.669028288589683,Standard  Niche
fwRFEDxCwIM,SL GADGETS,A/L අසමත් වුනත් උපාධියක් ගන්න හැටි | Open University Foundation Course (OUSL පදනම් පාඨමාලා),A/L Content,2023-03-17,14,603,False,32,33696,1215,104,231000,1258,3.91,26.79,0.15,March,Friday,A/L      | Open University Foundation Course OUSL  ,Mixed / General,Standard / Niche,Afternoon (12PM - 5PM),8.754748338081672,1.613131084271718,10.05,3352.8358208955224,1053.0,10.425164091606355,12.35017731849889,Standard  Niche
GS1jEhkYXBE,IIC Lakshya [Tamil],"Best Job Opportunities for Commerce Students | Top Companies, Salary | IIC Lakshya [Tamil]",General Education,2024-07-15,15,212,False,17,20617,563,17,5950,772,2.81,26.71,3.47,July,Monday,Best Job Opportunities for Commerce Students | Top Companies Salary | IIC Lakshya Tamil,Tamil Medium,Standard / Niche,Afternoon (12PM - 5PM),5.873793471407091,4.53992421466664,3.533333333333333,5835.0,1212.764705882353,9.93391975965633,8.691314551644853,Standard  Niche
l3oHZJMICh0,Scipio 🦊,A/L කරන්න කලින් මේ දේවල් දැනගන්න‼️ | A/L subjects selection | by Scipio Guides🦊✅️,A/L Content,2025-07-23,11,807,False,43,10620,624,27,35000,399,6.13,26.62,0.3,July,Wednesday,A/L      | A/L subjects selection | by Scipio Guides,Mixed / General,Standard / Niche,Morning (5AM - 12PM),13.022598870056498,2.195667810647968,13.45,789.5910780669145,246.97674418604652,9.27058845232154,10.463131911491967,Standard  Niche
vAK0AbiKU-k,Digital Accounting in Tamil,A/L Business Studies in Tamil |Unit 1 - Introduction to Business | வணிகக்கல்வி அறிமுகம் - Class 21,A/L Content,2021-10-09,11,5662,False,28,46663,1588,154,36400,1782,3.73,26.19,1.28,October,Saturday,A/L Business Studies in Tamil |Unit 1  Introduction to Business |    Class 21,Tamil Medium,Standard / Niche,Morning (5AM - 12PM),8.456378715470501,3.541631561802984,94.36666666666666,494.4860473330979,1666.5357142857142,10.750728268433473,10.502351525774941,Standard  Niche
5We7iihWg9I,KK Academy SL,Best A-Level Subjects to Become a CEO | Career Guide for Future Leaders,General Education,2024-07-11,14,242,False,21,20176,775,37,123000,776,4.02,26.0,0.16,July,Thursday,Best ALevel Subjects to Become a CEO | Career Guide for Future Leaders,Mixed / General,Standard / Niche,Afternoon (12PM - 5PM),8.59932593180016,1.6409365794934714,4.033333333333333,5002.314049586777,960.7619047619048,9.912298620814678,11.719947764402807,Standard  Niche
k4NddRWtC98,Hasith Gunawardana,Baby Rats |වවුල් පැටව් #Shorts,General Education,2021-10-26,7,18,False,8,45641,1352,18,29400,1765,3.0,25.86,1.55,October,Tuesday,Baby Rats |  Shorts,Mixed / General,Standard / Niche,Morning (5AM - 12PM),6.121688832409456,3.715594410631511,0.3,152136.6666666667,5705.125,10.728583624225356,10.288783966353765,Standard  Niche
W1LpCSbrjH4,Digital Accounting in Tamil,A/L Accounting (Tamil) – Chapter 1: Introduction to Accounting | By Faizal Meeramohaideen,A/L Content,2025-08-13,8,5981,False,19,9517,327,32,36400,378,3.77,25.18,0.26,August,Wednesday,A/L Accounting Tamil  Chapter 1 Introduction to Accounting | By Faizal Meeramohaideen,Tamil Medium,Standard / Niche,Morning (5AM - 12PM),8.55311547756646,2.0211236323553208,99.68333333333334,95.47232904196622,500.89473684210526,9.160940021681055,10.502351525774941,Standard  Niche
oMF9AqnzBxw,Sciety,How to study physics for GCE A/L? Study tips,A/L Content,2020-05-12,4,517,False,6,57443,2563,186,28400,2297,4.79,25.01,2.02,May,Tuesday,How to study physics for GCE A/L Study tips,Mixed / General,Above Average,Night / Late (10PM - 5AM),10.542624862907578,3.941973963776141,8.616666666666667,6666.499032882011,9573.833333333334,10.95856583918051,10.254179634797001,Above Average
f5Z2Z0WSAgk,IMA,මාස 06න් A/L කරන්න පුළුවන්ද ?,A/L Content,2025-03-17,6,1442,False,0,12978,426,69,13500,527,3.81,24.63,0.96,March,Monday, 06 A/L   ,Mixed / General,Standard / Niche,Morning (5AM - 12PM),9.223300970873787,3.204565924888056,24.033333333333335,540.0,12978.0,9.471087945687758,9.510519035757246,Standard  Niche
_RCDTeJgn_k,IQ Labs,2018 OL ගණිතය I - Part A – Q-01 to 10 | 2018 O/L Mathematics I,O/L Content,2019-11-07,5,860,False,11,60762,1303,86,116000,2484,2.29,24.46,0.52,November,Thursday,2018 OL  I  Part A  Q01 to 10 | 2018 O/L Mathematics I,Mixed / General,Above Average,Morning (5AM - 12PM),4.996543892564432,2.6187963115598003,14.333333333333334,4239.209302325581,5523.818181818182,11.01473633007937,11.661354090741,Above Average
_Z5-DFyGVro,Days Of Taruuu,මම AL BS ➡ A ගන්න වැඩ කරපු විදිහ📚❤️| How I worked to get A/L Buisness Study A💖,A/L Content,2024-09-20,4,258,False,23,17223,716,151,874,705,5.03,24.43,19.71,September,Friday, AL BS  A    | How I worked to get A/L Buisness Study A,Mixed / General,Standard / Niche,Night / Late (10PM - 5AM),12.698136213203275,6.1790126301208534,4.3,4005.3488372093025,748.8260869565217,9.754059039044199,6.774223886357614,Standard  Niche
3B8AgoqtJ3o,Dileepa Dilshan,2020 A/L Engeneering Technology Drawing (time_lapse),A/L Content,2021-11-03,5,30,False,0,42734,1667,12,1430,1757,3.93,24.32,29.88,November,Wednesday,2020 A/L Engeneering Technology Drawing timelapse,Mixed / General,Standard / Niche,Morning (5AM - 12PM),7.9421537885524405,6.589863589888389,0.5,85468.0,42734.0,10.662773535600119,7.266128779556451,Standard  Niche
JrmxMs1MJmE,SL ACCOUNTING -Kalum Waduge,උසස් පෙළ Z score හැදෙන විදිය 100% ක් දැනගන්න|how to calculate z score in a/l|sl accounting,A/L Content,2022-06-07,9,646,False,20,37280,1447,107,33600,1541,4.17,24.19,1.11,June,Tuesday,  Z score   100  |how to calculate z score in a/l|sl accounting,Mixed / General,Standard / Niche,Morning (5AM - 12PM),9.197961373390557,3.3268652818295994,10.766666666666667,3462.538699690402,1864.0,10.526239092474103,10.422311107413181,Standard  Niche
6_Ttx7xaxAo,AL Kuppiya,A/L commerce ඔයාලට ඕනිම පොත් 10ක් මෙන්න | A/L commerce stream books | A/L kuppiya,A/L Content,2024-04-07,12,488,False,23,20813,853,82,119000,871,4.49,23.9,0.17,April,Sunday,A/L commerce    10  | A/L commerce stream books | A/L kuppiya,Mixed / General,Standard / Niche,Afternoon (12PM - 5PM),10.166722721376063,1.6219591929877721,8.133333333333333,2558.975409836066,904.9130434782609,9.943381116197804,11.686887175419702,Standard  Niche
9BgLMG8Cf3E,IMA,මාස 6න් උසස්පෙළ කඩිනම් පාඨමාලාව | Masa 6n AL | IMA,A/L Content,2023-01-13,2,96,False,0,31569,599,61,13500,1321,2.09,23.9,2.34,January,Friday, 6    | Masa 6n AL | IMA,Mixed / General,Standard / Niche,Night / Late (10PM - 5AM),4.760999714910197,4.0417521787695945,1.6,19730.625,31569.0,10.359962581552038,9.510519035757246,Standard  Niche
5mstUmqD5zU,Hence Proved Academy,After O/L: How to Choose A/L Subjects | ⚠️கட்டாயமாக பார்க்க வேண்டிய பதிவு | Hence Proved Academy 🎓🎲,A/L Content,2026-03-18,14,2360,False,8,3836,297,71,4410,161,9.59,23.83,0.87,March,Wednesday,After O/L How to Choose A/L Subjects |     | Hence Proved Academy ,Mixed / General,Standard / Niche,Afternoon (12PM - 5PM),24.739311783107404,3.0787904301879845,39.333333333333336,97.52542372881355,479.5,8.252446090246952,8.39185670010494,Standard  Niche
-OT_qlZk9jU,JANITH N ABERATHNA,RAVIDU SIR 😂,General Education,2023-09-23,19,31,False,0,25409,1210,12,35,1068,4.81,23.79,725.97,September,Saturday,RAVIDU SIR ,Mixed / General,Standard / Niche,Prime Time (5PM - 10PM),9.760321146050611,9.756831915404844,0.5166666666666667,49178.70967741935,25409.0,10.142898076314209,3.58351893845611,Standard  Niche
tRGNCSuuhYI,Janindu Leelananda - Physics,2027 A/L Class Plan | Janindu Leelananda Physics,A/L Content,2025-04-11,9,133,False,0,11944,412,5,12400,502,3.49,23.79,0.96,April,Friday,2027 A/L Class Plan | Janindu Leelananda Physics,Mixed / General,Standard / Niche,Morning (5AM - 12PM),7.1081714668452785,3.1712977258509376,2.216666666666667,5388.270676691729,11944.0,9.38806805975991,9.425532393502772,Standard  Niche
xYg093O8ZTo,MIHIN LIYANARACHCHI,Success Story | Galle District First ~ KAVINDU THEMIYA | 2020 AL,General Education,2021-05-08,1,395,False,4,45470,2266,106,96400,1936,5.22,23.49,0.47,May,Saturday,Success Story | Galle District First  KAVINDU THEMIYA | 2020 AL,Mixed / General,Standard / Niche,Night / Late (10PM - 5AM),11.132614910930284,2.4882593565137747,6.583333333333333,6906.835443037975,11367.5,10.724830039099766,11.476271853988816,Standard  Niche
PH2p9i7iuKE,DO the Duo,Uni Exam එකට ලෑස්ති වෙමු! (Sri Lanka Study Vlog) 📝📖#studyvlog #srilanka #sinhala #uni #exam #vlog,Motivation & Tips,2026-03-15,11,23,False,20,3844,128,9,120,164,3.56,23.44,32.03,March,Sunday,Uni Exam    Sri Lanka Study Vlog studyvlog srilanka sinhala uni exam vlog,Sinhala Medium,Standard / Niche,Morning (5AM - 12PM),7.830385015608742,6.622447984511679,0.38333333333333336,10027.82608695652,192.2,8.254528881939745,4.795790545596741,Standard  Niche
IbrOJ2nzuS8,Chishi and Anu Diaries 💌,How to get 3A’s in A/L Maths stream🏆⭐️| මාස කිහිපයකින් A/L Maths ගොඩදාගන්නේ කොහොමද? #viralvideo,A/L Content,2025-10-24,7,61,False,21,7071,301,4,321,306,4.31,23.11,22.03,October,Friday,How to get 3As in A/L Maths stream|   A/L Maths   viralvideo,Mixed / General,Standard / Niche,Morning (5AM - 12PM),8.796492716730308,6.234632857907935,1.0166666666666666,6955.081967213116,336.7142857142857,8.863898604317479,5.7745515455444085,Standard  Niche
3Z0zJtx345Y,Maths with Chathura Madushan ,O/L 2025 ඉවරයි 😳 | A/L Subject තෝරන්නේ කොහොමද? Sri Lanka Guide 2026,A/L Content,2026-02-26,13,736,False,14,4150,0,84,38600,181,2.02,22.93,0.11,February,Thursday,O/L 2025   | A/L Subject   Sri Lanka Guide 2026,Mixed / General,Standard / Niche,Afternoon (12PM - 5PM),10.120481927710843,1.2591141853221388,12.266666666666667,338.3152173913043,296.42857142857144,8.33110454805304,10.5610334618531,Standard  Niche
_j_vH-3fuos,Malith U.Wijewardhana,A/L subject thoranne kohomada,A/L Content,2023-06-15,11,60,False,6,26600,718,9,819,1168,2.73,22.77,32.48,June,Thursday,A/L subject thoranne kohomada,Mixed / General,Standard / Niche,Morning (5AM - 12PM),5.567669172932331,6.6074196198379465,1.0,26600.0,4433.333333333333,10.188704088048116,6.709304340258299,Standard  Niche
dgn1yeW751U,Madushan Neranjan Combined Maths | CM With MN,අන්තිම දවස් 12 ට Maths ගොඩදාගන්න Plan එකක් | 2022 AL | ඕනම Subject එකකට 12 Days Plan එකක් |CMwithMN|,A/L Content,2023-01-10,13,1254,False,5,29592,1818,191,76100,1324,6.79,22.35,0.39,January,Tuesday,  12  Maths  Plan  | 2022 AL |  Subject  12 Days Plan  |CMwithMN|,Mixed / General,Standard / Niche,Afternoon (12PM - 5PM),15.514328196809949,2.2738254713226214,20.9,1415.8851674641148,5918.4,10.295293125858327,11.239816684367907,Standard  Niche
blk-fSzKJuk,KK Academy SL,A/L Commerce Z Score Guide,A/L Content,2024-06-01,8,536,False,26,18216,362,74,123000,816,2.39,22.32,0.15,June,Saturday,A/L Commerce Z Score Guide,Mixed / General,Standard / Niche,Morning (5AM - 12PM),6.005709266578832,1.469715969258963,8.933333333333334,2039.1044776119402,700.6153846153846,9.81011050303083,11.719947764402807,Standard  Niche
vs-K-eBqRYM,Real Adventures ,ලංකාවේ අමාරුම විභාග|Difficult exams in Sri Lanka...😱 #shorts #top10 #viral,General Education,2025-03-30,1,38,False,0,10992,343,0,12700,514,3.12,21.39,0.87,March,Sunday,  |Difficult exams in Sri Lanka shorts top10 viral,Mixed / General,Standard / Niche,Night / Late (10PM - 5AM),6.240902474526928,2.976003943497703,0.6333333333333333,17355.78947368421,10992.0,9.305013985578864,9.44943600950432,Standard  Niche
qJeZRSMUXgw,Rifan's Guide,After O/L Courses  in srilanka || தமிழில் || Rifan Sahabdeen,O/L Content,2020-05-11,1,621,False,11,49010,2540,304,3420,2298,5.8,21.33,14.33,May,Monday,After O/L Courses  in srilanka ||  || Rifan Sahabdeen,Mixed / General,Standard / Niche,Night / Late (10PM - 5AM),13.46663946133442,5.725736054967309,10.35,4735.265700483092,4455.454545454545,10.799800041694619,8.137688184977605,Standard  Niche
8e3Ecm_-Q3o,DP Education - Maths,2017 GCE Ordinary Level Mathematics - Paper 02,O/L Content,2020-11-23,13,7198,False,19,44584,588,32,293000,2102,1.39,21.21,0.15,November,Monday,2017 GCE Ordinary Level Mathematics  Paper 02,Mixed / General,Standard / Niche,Afternoon (12PM - 5PM),2.996590705185717,1.4306700338394434,119.96666666666667,371.636565712698,2346.5263157894738,10.70515275856898,12.587931300962664,Standard  Niche
B00T6sWrsJQ,AL Kuppiya,12 වසරට ඕනිම පොත් 10ක්  | A/L science stream books for grade 12 | A/L kuppiya,A/L Content,2024-03-18,12,395,False,19,18641,625,49,119000,891,3.62,20.92,0.16,March,Monday,12    10  | A/L science stream books for grade 12 | A/L kuppiya,Mixed / General,Standard / Niche,Afternoon (12PM - 5PM),8.019956010943618,1.4695319596899463,6.583333333333333,2831.5443037974683,981.1052631578947,9.833172378621102,11.686887175419702,Standard  Niche
wyrdNbOuMFI,AL Kuppiya,"""ආර්ථික විද්‍යාවට ලංකාවෙන් පළවෙනියගෙන් උපදෙසක්""",General Education,2024-09-04,14,57,False,28,15036,699,6,119000,721,4.69,20.85,0.13,September,Wednesday,    ,Mixed / General,Standard / Niche,Afternoon (12PM - 5PM),9.497206703910614,1.3111666384280511,0.95,15827.368421052632,537.0,9.61826910952232,11.686887175419702,Standard  Niche
-o--e1jnkyM,UniSelector: No.1 A/L App,කොමස් කරන ලමයෙක්ගේ Z Score එක හදමු🤩 #results  #alevel #trending #uniselector,General Education,2025-01-16,1,51,False,0,12157,140,14,23900,587,1.27,20.71,0.51,January,Thursday,   Z Score   results  alevel trending uniselector,Mixed / General,Standard / Niche,Night / Late (10PM - 5AM),2.8789997532285927,2.4477325076455423,0.85,14302.35294117647,12157.0,9.405742668308667,10.081675578048475,Standard  Niche
WsImPiYzvT4,Digital Accounting in Tamil,A/L Commerce Subjects in Tamil medium  | A/L Commerce Lessons Tamil,A/L Content,2020-08-05,12,93,False,30,45601,1367,75,36400,2212,3.16,20.62,1.25,August,Wednesday,A/L Commerce Subjects in Tamil medium  | A/L Commerce Lessons Tamil,Tamil Medium,Standard / Niche,Afternoon (12PM - 5PM),6.817832942260038,3.2874686163338125,1.55,29420.0,1520.0333333333333,10.727706854189794,10.502351525774941,Standard  Niche
lrqv5EfFUDs,LAKEE'S DAYBOOK... 💐,Al students life in sri lanka 🇱🇰 #motivation #study,A/L Content,2026-05-29,8,23,False,0,1828,60,6,439,89,3.61,20.54,4.16,May,Friday,Al students life in sri lanka  motivation study,Mixed / General,Standard / Niche,Morning (5AM - 12PM),8.205689277899344,4.459524568694265,0.38333333333333336,4768.695652173913,1828.0,7.511524648390866,6.0867747269123065,Standard  Niche
S4-y1fOCQN8,Buddhipriya Madhavie,Most successful way to do past papers and score high marks,Past Papers & Revision,2022-12-07,8,298,False,17,27674,1154,0,45300,1358,4.17,20.38,0.61,December,Wednesday,Most successful way to do past papers and score high marks,Mixed / General,Standard / Niche,Morning (5AM - 12PM),8.33995808339958,2.597625029849019,4.966666666666667,5571.946308724832,1627.8823529411766,10.228284757576837,10.721084386282662,Standard  Niche
CyI7uhI6RkE,Wishmitha Lowa Wata - විශ්මිත ලොව වටා,ලංකාවේ හොඳම විශ්ව විද්‍යාල 10 | Sri Lanka Top Universities 🇱🇰 #shorts,General Education,2025-11-20,11,37,False,1,5582,150,1,8500,279,2.71,20.01,0.66,November,Thursday,    10 | Sri Lanka Top Universities  shorts,Mixed / General,Standard / Niche,Morning (5AM - 12PM),5.463991400931565,2.6537066453587843,0.6166666666666667,9051.891891891892,5582.0,8.62748154531036,9.04793908261736,Standard  Niche
cWWSEHvlKg4,Leeen Artist,A/L 2022 exam art...,A/L Content,2022-07-22,17,55,False,0,29555,0,0,863,1496,0.0,19.76,34.25,July,Friday,A/L 2022 exam art,Mixed / General,Standard / Niche,Prime Time (5PM - 10PM),0.0,6.518822751508333,0.9166666666666666,32241.818181818184,29555.0,10.294042047908539,6.761572768804055,Standard  Niche
KBDZ_bR0YPw,Maths with Chathura Madushan ,O/L ෆේල් උනාට A/L ප්‍රයිවට් ලියන්න පුලුවන්ද? සත්‍යය මෙන්න,A/L Content,2025-07-21,10,552,False,14,7863,0,361,38600,401,4.59,19.61,0.2,July,Monday,O/L   A/L     ,Mixed / General,Standard / Niche,Morning (5AM - 12PM),22.955614905252446,1.593714951968864,9.2,854.6739130434784,561.6428571428571,8.970050661827003,10.5610334618531,Standard  Niche
2TyLDN61n9c,ePapere,ICT මතකාවර්ජනා-11 ශ්‍රේණිය දෙවෙන වාර විභාග ඉලක්කගත ICT සම්පූර්ණ ආවරණය-2nd term seminar exam revision,General Education,2023-10-26,2,7850,False,24,19958,882,44,259000,1035,4.64,19.28,0.08,October,Thursday,ICT 11      ICT  2nd term seminar exam revision,Mixed / General,Standard / Niche,Night / Late (10PM - 5AM),9.940875839262452,0.9331085168003146,130.83333333333334,152.5452229299363,831.5833333333334,9.901435448409996,12.464587201678082,Standard  Niche
mH3k1g4oQC0,DP Education - Maths,2021 GCE Ordinary Level Mathematics Past Papers | Paper 02 - part 02,O/L Content,2022-10-27,4,4810,False,10,26593,334,14,293000,1399,1.31,19.01,0.09,October,Thursday,2021 GCE Ordinary Level Mathematics Past Papers | Paper 02  part 02,Mixed / General,Standard / Niche,Night / Late (10PM - 5AM),2.7751663971721885,0.9972806830785413,80.16666666666667,331.7214137214137,2659.3,10.188440905416652,12.587931300962664,Standard  Niche
UcBMY6S91jk,C ONLINE EDUCATION,O/L History Map Marking | ලේසියෙන් ලංකාවේ ගංඟා ලකුණු කරමු | Grade 10/11 ඉතිහාසය සිතියම් |2| #shorts,O/L Content,2022-09-25,7,16,False,22,27144,1298,7,1210000,1431,4.81,18.97,0.02,September,Sunday,O/L History Map Marking |      | Grade 10/11   |2| shorts,Mixed / General,Standard / Niche,Morning (5AM - 12PM),9.692749778956676,0.3216486220150538,0.26666666666666666,101790.0,1233.8181818181818,10.208948146339551,14.006131744018864,Standard  Niche
TOFXKRWCeLw,SL GADGETS,"O/L , A/L Fail වුන අයට ලංකාවේ කරන්න පුළුවන් පාඨමාලාවන් සියල්ලම | Best courses for After A/L and O/L",A/L Content,2022-12-29,9,730,False,33,25165,866,80,231000,1336,3.76,18.84,0.11,December,Thursday,O/L  A/L Fail        | Best courses for After A/L and O/L,Mixed / General,Standard / Niche,Morning (5AM - 12PM),8.472084243989668,1.1224590151423899,12.166666666666666,2068.356164383562,762.5757575757576,10.133249156151914,12.35017731849889,Standard  Niche
V_wRdq245-g,SL Maths Tamil,GCE OL Maths past paper 2025 (2026) 1st part A (13-25) discussion in Tamil medium / simple method,O/L Content,2026-05-17,3,3426,False,0,1897,47,4,60400,101,2.69,18.78,0.03,May,Sunday,GCE OL Maths past paper 2025 2026 1st part A 1325 discussion in Tamil medium / simple method,Tamil Medium,Standard / Niche,Night / Late (10PM - 5AM),6.009488666315234,0.446862936804093,57.1,33.22241681260946,1897.0,7.5485559791698735,11.008760940077243,Standard  Niche
DsOrwMApdXU,Prabath Chathuranga,A/L වලට පාඩම් කරන්න කම්මැලි ද?| Study Tips in Sinhala | #shorts,A/L Content,2022-01-21,11,39,False,28,31410,1610,33,19000,1678,5.23,18.72,1.65,January,Friday,A/L     | Study Tips in Sinhala | shorts,Sinhala Medium,Standard / Niche,Morning (5AM - 12PM),10.776822667940147,3.4622297634704386,0.65,48323.07692307692,1121.7857142857142,10.354913429020494,9.852246888342531,Standard  Niche
aPw92fZ1EfU,Pink Study Diaries,2025 A/L 3 months study plan | #sinhala #al2025 #studyplan,A/L Content,2025-07-30,12,403,False,16,7267,412,55,4690,392,6.43,18.54,1.55,July,Wednesday,2025 A/L 3 months study plan | sinhala al2025 studyplan,Sinhala Medium,Standard / Niche,Afternoon (12PM - 5PM),15.123159488096876,3.3923920617004173,6.716666666666667,1081.9354838709678,454.1875,8.891236429516061,8.453401058328458,Standard  Niche
tLA_P5LPcZQ,EIA - Science Park,2024 Pure Maths Explanation | GCE A/L Pure | Structure | Tamil Medium | EIA Science Park,A/L Content,2025-08-17,15,1155,False,0,6923,258,14,10900,374,3.93,18.51,0.64,August,Sunday,2024 Pure Maths Explanation | GCE A/L Pure | Structure | Tamil Medium | EIA Science Park,Tamil Medium,Standard / Niche,Afternoon (12PM - 5PM),8.464538494872166,2.5530636164482825,19.25,359.6363636363636,6923.0,8.8427489162961,9.296609807128359,Standard  Niche
0NMXs1wVfxk,ICT with Shashika Madhushan,OL ICT - Programming Revision🔴 Lesson 01,O/L Content,2025-07-19,19,20875,False,0,7375,323,20,11900,403,4.65,18.3,0.62,July,Saturday,OL ICT  Programming Revision Lesson 01,Mixed / General,Standard / Niche,Prime Time (5PM - 10PM),10.115254237288136,2.513332123971704,347.9166666666667,21.19760479041916,7375.0,8.90598676523643,9.38437770918244,Standard  Niche
FfwZHLqCDB8,Profession. lk,බැංකු රස්සාවකට එන්නේ කොහොමද? | Trainee Banking Assistant Sri Lanka (After A/L Guide 2026),A/L Content,2026-02-24,13,186,False,16,3344,77,5,896,183,2.45,18.27,3.73,February,Tuesday,    | Trainee Banking Assistant Sri Lanka After A/L Guide 2026,Mixed / General,Standard / Niche,Afternoon (12PM - 5PM),5.3528708133971294,4.236236119415011,3.1,1078.7096774193549,209.0,8.11522197256233,6.799055862058796,Standard  Niche
WS_3nzl_8iE,DrD Vlog,Online jobs at home Sri Lanka 2023 Small business ideas Sinhala #DailyTips #srilankajobs #drdvlog,Motivation & Tips,2023-02-09,5,13,False,8,22779,342,2,7180,1294,1.51,17.6,3.17,February,Thursday,Online jobs at home Sri Lanka 2023 Small business ideas Sinhala DailyTips srilankajobs drdvlog,Sinhala Medium,Standard / Niche,Morning (5AM - 12PM),3.046665788664998,4.039395470737085,0.21666666666666667,105133.84615384616,2847.375,10.033638237001172,8.879193928110318,Standard  Niche
3txjiBGbjTg,SL GADGETS,A/L අසමත් වුන අයටත් Open University එකෙන් උපාධියක් | Open University Foundation Courses | #ousl,A/L Content,2023-10-22,13,720,False,32,18254,787,122,231000,1039,4.98,17.57,0.08,October,Sunday,A/L    Open University   | Open University Foundation Courses | ousl,Mixed / General,Standard / Niche,Afternoon (12PM - 5PM),11.964500931302728,0.8777993526921822,12.0,1521.1666666666667,570.4375,9.812194294089737,12.35017731849889,Standard  Niche
jdehPx2lGgw,4 වටේ - 4 wate,ලංකාවේ ජනප්‍රියම කාන්තා පාසල්. Best Girl's schools in Sri Lanka.,General Education,2025-03-03,9,36,False,25,9479,328,14,2140,541,3.61,17.52,4.43,March,Monday,    Best Girls schools in Sri Lanka,Mixed / General,Standard / Niche,Morning (5AM - 12PM),7.659035763266167,4.364544712457366,0.6,15798.333333333334,379.16,9.156939595249067,7.669028288589683,Standard  Niche
I37llfqmEUI,Combined  maths | Maduwantha Hettiarachchi ,උසස්පෙළ සංඛ්‍යානය සම්පූර්ණ සිද්ධාන්ත  | AL Statistics | Mathematics Statistics | sinhala  AL,A/L Content,2025-09-01,12,8271,False,30,6273,241,15,6380,359,4.08,17.47,0.98,September,Monday,     | AL Statistics | Mathematics Statistics | sinhala  AL,Sinhala Medium,Standard / Niche,Afternoon (12PM - 5PM),8.879324087358519,2.8970494126494053,137.85,45.505984766050055,209.1,8.744169388750624,8.761080103868347,Standard  Niche
TeIgwUQIqE0,Top Ten Shorts,Top 10 Easiest Subjects in AL exam 🤓📚 #advancedlevel #easy #shorts,A/L Content,2023-02-20,12,40,False,7,22405,632,8,1800,1283,2.86,17.46,12.45,February,Monday,Top 10 Easiest Subjects in AL exam  advancedlevel easy shorts,Mixed / General,Standard / Niche,Afternoon (12PM - 5PM),5.820129435393885,5.3862229269698085,0.6666666666666666,33607.5,3200.714285714286,10.017084059118668,7.496097345175956,Standard  Niche
Ozc2narijnU,Physics Kuppi,A/L Physics Mechanics - ප්‍රක්ෂිප්ත (PROJECTILES) in Sinhala with example questions,A/L Content,2020-11-02,6,2315,False,27,37072,1030,52,32900,2123,2.92,17.46,1.13,November,Monday,A/L Physics Mechanics   PROJECTILES in Sinhala with example questions,Sinhala Medium,Standard / Niche,Morning (5AM - 12PM),6.2580923608113945,3.0315722785477948,38.583333333333336,960.829373650108,1373.037037037037,10.520644220844389,10.401258331428318,Standard  Niche
R2sff3ELZRk,Combined Maths | Janindu Rashmika,Matrix (න්‍යාස) - Part 1 - Combined Maths A/L in Sinhala - Janidu Rashmika,A/L Content,2020-03-23,6,1706,False,11,40951,1125,139,35100,2347,3.09,17.45,1.17,March,Monday,Matrix   Part 1  Combined Maths A/L in Sinhala  Janidu Rashmika,Sinhala Medium,Standard / Niche,Morning (5AM - 12PM),7.1915215745647245,3.0641616529757716,28.433333333333334,1440.2461899179366,3722.818181818182,10.62015592813742,10.465984899076615,Standard  Niche
oXn7qrVxgp8,WINNING PATH,"Open University Of Sri Lanka Degree programs , OUSL Courses for A/L completed Students",A/L Content,2022-02-08,14,363,False,0,28622,842,134,25900,1660,3.41,17.24,1.11,February,Tuesday,Open University Of Sri Lanka Degree programs  OUSL Courses for A/L completed Students,Mixed / General,Standard / Niche,Afternoon (12PM - 5PM),8.224442736356648,3.0025291225542636,6.05,4730.909090909091,28622.0,10.261965869419956,10.16203685698089,Standard  Niche
BC-WvIYFpns,DP Education - Maths,Watch 1000 Maths Questions Targeting O/L Exam,O/L Content,2023-03-15,5,45,False,0,21548,612,7,293000,1260,2.87,17.1,0.07,March,Wednesday,Watch 1000 Maths Questions Targeting O/L Exam,Mixed / General,Standard / Niche,Morning (5AM - 12PM),5.842769630592167,0.7870927934024733,0.75,28730.666666666668,21548.0,9.97808469074291,12.587931300962664,Standard  Niche
AEo1NtD4ePs,Sarasavi Saviya සරසවි සවිය,A/L වලට ICT කරනවද? Chemistry කරනවද? |  ICT or Chemistry ? | විශ්ව විද්‍යාල අත්පොත ඇසුරින්,A/L Content,2021-06-12,8,1796,False,22,32044,1065,339,15200,1901,4.38,16.86,2.11,June,Saturday,A/L  ICT  Chemistry  |  ICT or Chemistry  |    ,Mixed / General,Standard / Niche,Morning (5AM - 12PM),11.936712020971164,3.5993540104143955,29.933333333333334,1070.512249443207,1456.5454545454545,10.374896443938328,9.62911649414402,Standard  Niche
3uuQVAybric,Maths Hub,112  ගුණාකාරය  තප්පර දෙකෙන්  මනෝමයෙන්  ලියමු   Maths Tricks Sinhala   #SHORTS#,General Education,2023-08-18,16,37,False,26,18587,264,1,7340,1104,1.43,16.84,2.53,August,Friday,112            Maths Tricks Sinhala   SHORTS,Sinhala Medium,Standard / Niche,Afternoon (12PM - 5PM),2.867595631355248,3.775176409298404,0.6166666666666667,30141.08108108108,714.8846153846154,9.830271490204868,8.901230352110781,Standard  Niche
acQ2OxypBo0,KK Academy SL,Advance Level commerce : Full syllabus,General Education,2023-12-02,5,753,False,19,16799,465,37,123000,998,2.99,16.83,0.14,December,Saturday,Advance Level commerce  Full syllabus,Mixed / General,Standard / Niche,Morning (5AM - 12PM),6.637299839276148,1.2108093815849243,12.55,1338.5657370517927,884.1578947368421,9.72913416539135,11.719947764402807,Standard  Niche
_ebvdKOvXlY,EDUS Online Institute,G.C.E A/L Combined Maths Syllabus Discussion - Tamil & English Medium - EDUS Online Institute,A/L Content,2022-10-17,6,1048,False,15,23659,719,49,4830,1409,3.25,16.79,4.9,October,Monday,GCE A/L Combined Maths Syllabus Discussion  Tamil  English Medium  EDUS Online Institute,English Medium,Standard / Niche,Morning (5AM - 12PM),7.113572002197895,4.422100349302555,17.466666666666665,1354.5229007633588,1577.2666666666667,10.071541137532378,8.482808764554406,Standard  Niche
vYVVq-Rv-wk,Edu Tips,"Bachelor of Software Engineering (Honours) Degree, The Open University of Sri Lanka (OUSL)",General Education,2025-10-18,14,10,False,10,5199,72,7,27300,312,1.52,16.66,0.19,October,Saturday,Bachelor of Software Engineering Honours Degree The Open University of Sri Lanka OUSL,Mixed / General,Standard / Niche,Afternoon (12PM - 5PM),3.4429698018849777,1.4268123094227787,0.16666666666666666,31194.0,519.9,8.556413904569519,10.214678610538817,Standard  Niche
8H6_wyYrQEs,Dinushka Sadakelum,A/L Mathematics 07,A/L Content,2022-10-17,11,10,False,0,23418,403,20,637,1409,1.81,16.62,36.76,October,Monday,A/L Mathematics 07,Mixed / General,Standard / Niche,Morning (5AM - 12PM),3.868818857289265,6.416652540770946,0.16666666666666666,140508.0,23418.0,10.06130293769185,6.45833828334479,Standard  Niche
SNMjZZRuz3c,Rifan's Guide,AL Technology Stream in tamil | Job Vacancies For Technology| Tamil,A/L Content,2021-08-25,1,407,False,17,30251,1188,239,3420,1827,4.72,16.56,8.85,August,Wednesday,AL Technology Stream in tamil | Job Vacancies For Technology| Tamil,Tamil Medium,Standard / Niche,Night / Late (10PM - 5AM),11.80456844401838,4.994207764743816,6.783333333333333,4459.606879606879,1779.4705882352941,10.31731757697592,8.137688184977605,Standard  Niche
N2q8qhBo3wg,Malsha Tharusha | Maths,2022(2023) O/L Maths past paper 2nd question🤔 Answer 😍,O/L Content,2023-08-16,17,53,False,0,18267,739,6,9600,1106,4.08,16.52,1.9,August,Wednesday,20222023 O/L Maths past paper 2nd question Answer ,Mixed / General,Standard / Niche,Prime Time (5PM - 10PM),8.255323807959709,3.477787983823868,0.8833333333333333,20679.622641509435,18267.0,9.81290617430489,9.169622538697624,Standard  Niche
J3plSMeT5iw,Study TiPs With C.M.R.,how to select A/L Art subjects | 2023/2024 After O/L | Z score වැඩි කලා විෂයන් | Study tips with cmr,A/L Content,2024-09-29,4,413,False,5,11408,304,21,38400,696,2.85,16.39,0.3,September,Sunday,how to select A/L Art subjects | 2023/2024 After O/L | Z score    | Study tips with cmr,Mixed / General,Standard / Niche,Night / Late (10PM - 5AM),6.25,1.777829563694557,6.883333333333334,1657.3365617433412,2281.6,9.34215779659637,10.555838779903407,Standard  Niche
ytiK_bApUKc,EV Maths,2022(2023) O/L maths past papers ANSWERS,O/L Content,2023-06-07,8,16,False,0,19039,468,0,164,1176,2.46,16.19,116.09,June,Wednesday,20222023 O/L maths past papers ANSWERS,Mixed / General,Standard / Niche,Morning (5AM - 12PM),4.916224591627712,7.539291435766155,0.26666666666666666,71396.25,19039.0,9.854297308345357,5.10594547390058,Standard  Niche
SfSaXXIkOjM,Bandara Palipana,"2027 A/L Commerce Fast Track | Accounting, Economics & BS Revision (LK) #al2027 #alcommerce #alexam",A/L Content,2025-10-27,2,7,False,15,4851,42,1,328,303,0.89,16.01,14.79,October,Monday,2027 A/L Commerce Fast Track | Accounting Economics  BS Revision LK al2027 alcommerce alexam,Mixed / General,Standard / Niche,Night / Late (10PM - 5AM),1.8346732632446918,5.471379099867055,0.11666666666666667,41580.0,323.4,8.48714627006394,5.796057750765372,Standard  Niche
HBAU9T7tFS4,RiseForge,සාමාන්‍ය පෙලට මූණ දෙන අන්තිම දවස් ටික ol exam 2025 2026 sinhala maths english dp ict past papers,O/L Content,2026-02-06,17,1145,False,10,3208,114,5,17400,201,3.71,15.96,0.18,February,Friday,       ol exam 2025 2026 sinhala maths english dp ict past papers,Sinhala Medium,Standard / Niche,Prime Time (5PM - 10PM),7.886533665835412,1.3539777596433475,19.083333333333332,168.1048034934498,320.8,8.073714641109857,9.76428295481558,Standard  Niche
-txz5kDeJp8,Student Lanka,University Colleges - A/L S3 ට නොමිලේ NVQ ජාතික ඩිප්ලෝමා සහ උපාධි,A/L Content,2024-10-09,2,398,False,7,10908,349,44,100000,686,3.6,15.9,0.11,October,Wednesday,University Colleges  A/L S3   NVQ    ,Mixed / General,Standard / Niche,Night / Late (10PM - 5AM),8.415841584158416,1.0112372091831086,6.633333333333334,1644.4221105527638,1558.2857142857142,9.297343415597757,11.51293546492023,Standard  Niche
6STMqtxNBlk,WiDi Exam Hub,A/L වල අමාරුම Subject 10 😱🥹 #examstudy #study #studytipsandtricks,A/L Content,2025-03-09,13,37,False,51,8483,356,5,25800,535,4.26,15.86,0.33,March,Sunday,A/L   Subject 10  examstudy study studytipsandtricks,Mixed / General,Standard / Niche,Afternoon (12PM - 5PM),8.687964163621361,1.8299860987002494,0.6166666666666667,13756.216216216215,166.33333333333334,9.045937315684574,10.158168529848494,Standard  Niche
LK1OiCAPrfo,Kasun Godawatta,OL ICT MCQ පේපරේ 40 න් 40 ගොඩදාමු  Perfect Score in OL ICT: 40/40 Tips & Tricks!,O/L Content,2024-01-05,15,15,False,0,15267,408,17,192,964,2.78,15.84,79.52,January,Friday,OL ICT MCQ  40  40   Perfect Score in OL ICT 40/40 Tips  Tricks,Mixed / General,Standard / Niche,Afternoon (12PM - 5PM),5.901617868605489,7.139340538602045,0.25,61068.0,15267.0,9.63351441386512,5.262690188904886,Standard  Niche
MnAh0u4oemk,Isiwara Wedaduru,Best Boys Schools in Sri Lanka 2024,General Education,2024-05-11,5,47,False,2,13205,610,62,43,837,5.09,15.78,307.09,May,Saturday,Best Boys Schools in Sri Lanka 2024,Mixed / General,Standard / Niche,Morning (5AM - 12PM),11.586520257478227,8.48609051922055,0.7833333333333333,16857.44680851064,6602.5,9.488426550754516,3.784189633918261,Standard  Niche
RwCvm-vpdCg,Econ by Lucky Chathuranga,2027 A/L OPENING SEMINAR  || Economics ආර්ථික විද්‍යාව | අ.පො.ස උසස් පෙළ | Econ by Lucky Chathuranga,A/L Content,2025-04-22,4,4047,False,39,7661,300,10,69000,491,4.05,15.6,0.11,April,Tuesday,2027 A/L OPENING SEMINAR  || Economics   |    | Econ by Lucky Chathuranga,Mixed / General,Standard / Niche,Night / Late (10PM - 5AM),8.48453204542488,0.9991602096964497,67.45,113.58042994810971,196.43589743589743,8.944028325260595,11.141876276228,Standard  Niche
VPnqrqrTsOg,Kalika Tech Guide,A 🔥famous  place🔥 in 🇱🇰Sri Lanka🇱🇰 essay #essay #srilanka,General Education,2025-01-24,9,14,False,0,8867,138,10,691,579,1.67,15.31,12.83,January,Friday,A famous  place in Sri Lanka essay essay srilanka,Mixed / General,Standard / Niche,Morning (5AM - 12PM),3.6765535130258256,5.285370415309453,0.23333333333333334,38001.42857142857,8867.0,9.090204570736201,6.539585955617669,Standard  Niche
HlIxIA_rbDk,ICT with Shashika Madhushan,ICT Speed Revision l Grade 11 l Lesson 2,General Education,2023-09-27,22,2430,False,0,16167,524,26,11900,1064,3.4,15.19,1.36,September,Wednesday,ICT Speed Revision l Grade 11 l Lesson 2,Mixed / General,Standard / Niche,Night / Late (10PM - 5AM),7.286447702109235,3.075393369961671,40.5,399.18518518518516,16167.0,9.690789259083457,9.38437770918244,Standard  Niche
CCY-QBQ81xU,AMS Motivation ,Charaka Dhananjaya Sir Motivation 🖤🖤🖤 #popular #viral #2025 #srilanka,A/L Content,2025-07-15,6,56,False,0,6147,404,4,419,407,6.64,15.1,14.67,July,Tuesday,Charaka Dhananjaya Sir Motivation  popular viral 2025 srilanka,Mixed / General,Standard / Niche,Morning (5AM - 12PM),13.469985358711567,5.4050035031820025,0.9333333333333333,6586.071428571428,6147.0,8.723882104658486,6.040254711277414,Standard  Niche
580z3jTlyQ4,Maths With Teena,2021{2022} O/L MATHS PAPER SCHEME TAMIL MEDIUM2 #grade11maths #MATHS WITH TEENA  #MARKING SCHEME,O/L Content,2025-03-14,12,20,False,0,7914,0,0,100,530,0.0,14.93,79.14,March,Friday,20212022 O/L MATHS PAPER SCHEME TAMIL MEDIUM2 grade11maths MATHS WITH TEENA  MARKING SCHEME,Tamil Medium,Standard / Niche,Afternoon (12PM - 5PM),0.0,7.075437028161173,0.3333333333333333,23742.0,7914.0,8.976514972315112,4.61512051684126,Standard  Niche
_RBHlf-azmU,ManasirNexGen,Arts Stream Course Order for advanced level Students  | உயர்தர கலை துறைக்கான கற்கைநெறிகள் 🔕,A/L Content,2025-05-05,2,2625,True,26,7133,0,156,3890,478,2.19,14.92,1.83,May,Monday,Arts Stream Course Order for advanced level Students  |     ,Mixed / General,Standard / Niche,Night / Late (10PM - 5AM),10.935090424786205,3.3429890050394446,43.75,163.04,274.34615384615387,8.872627365918836,8.266421472984554,Standard  Niche
wMdX8pzzJQE,Kv Iroshan,Kv Maths - O/L Paper Discussing | Ganithaya padam |Kv Anumana prashna | keti prashna 25,O/L Content,2019-07-23,10,2199,False,39,38543,867,168,256000,2591,2.69,14.88,0.15,July,Tuesday,Kv Maths  O/L Paper Discussing | Ganithaya padam |Kv Anumana prashna | keti prashna 25,Mixed / General,Standard / Niche,Morning (5AM - 12PM),6.678255454946423,1.173101140658849,36.65,1051.6507503410642,988.2820512820513,10.559555724854652,12.45293662970407,Standard  Niche
24vP2JvijSQ,LAKEE'S DAYBOOK... 💐,“A/L student life in Sri Lanka”🥺♥️ #motivation#education #study #foryou #exam #fypシ,A/L Content,2026-05-13,8,23,False,0,1554,56,8,439,105,4.12,14.8,3.54,May,Wednesday,A/L student life in Sri Lanka motivationeducation study foryou exam fyp,Mixed / General,Standard / Niche,Morning (5AM - 12PM),9.78120978120978,3.977660922009018,0.38333333333333336,4053.9130434782605,1554.0,7.349230824613334,6.0867747269123065,Standard  Niche
18IYfmrjH50,Jamzith Hasan,பல்கலைக்கழகத்திற்கு எவ்வாறு தெரிவு செய்யப்படுகிறீர்!| A/Lயின் பின் அடுத்த கட்டம் என்ன!|Jamzith Hasan,A/L Content,2022-09-02,3,701,False,14,21449,840,189,24900,1454,4.8,14.75,0.86,September,Friday,   | A/L    |Jamzith Hasan,Mixed / General,Standard / Niche,Night / Late (10PM - 5AM),12.238332789407432,2.6163003424926425,11.683333333333334,1835.8630527817404,1532.0714285714287,9.973479924356162,10.122663242288953,Standard  Niche
KIt7U_z34tY,SL YT SHORTS BOY,Kingswood  #shorts #Kingswood #srilanka,General Education,2022-07-02,6,15,False,0,22350,877,20,477,1516,4.01,14.74,46.86,July,Saturday,Kingswood  shorts Kingswood srilanka,Mixed / General,Standard / Niche,Morning (5AM - 12PM),8.295302013422818,6.539176045026206,0.25,89400.0,22350.0,10.014626341770095,6.169610732491456,Standard  Niche
kC5tYnDMBko,Expert Tutor,How to choose AL subject stream after your OLs? | Bio / Maths / Commerce / Arts | Tamil,A/L Content,2021-10-05,1,625,False,0,25901,882,138,40900,1786,3.94,14.5,0.63,October,Tuesday,How to choose AL subject stream after your OLs | Bio / Maths / Commerce / Arts | Tamil,Tamil Medium,Standard / Niche,Night / Late (10PM - 5AM),9.474537662638507,2.3159947799039635,10.416666666666666,2486.496,25901.0,10.162075464783532,10.61890979160975,Standard  Niche
s3oSkHDN2LM,Pluton Academy,How to Score Good Marks in History,General Education,2021-11-04,14,572,False,5,25182,1742,124,78500,1756,7.41,14.34,0.32,November,Thursday,How to Score Good Marks in History,Mixed / General,Standard / Niche,Afternoon (12PM - 5PM),16.29735525375268,1.7207645950704304,9.533333333333333,2641.4685314685316,5036.4,10.133924442677802,11.270866642542865,Standard  Niche
69DtaneVgAg,Sudheera Peiris ,A/L maths stream වලට 3As දාන secret stratergy එක,A/L Content,2025-08-07,3,54,False,0,5459,250,2,8070,384,4.62,14.22,0.68,August,Thursday,A/L maths stream  3As  secret stratergy ,Mixed / General,Standard / Niche,Night / Late (10PM - 5AM),9.3423703975087,2.367398576326048,0.9,6065.555555555556,5459.0,8.605204068738951,8.996032669324372,Standard  Niche
0UEPvkpz96w,TeamOne Learning LK,Sri Lankan YouTube Channels for A/L Arts Students | Online Education | TeamOne Learning,A/L Content,2020-04-19,12,219,False,26,32951,1144,216,191000,2320,4.13,14.2,0.17,April,Sunday,Sri Lankan YouTube Channels for A/L Arts Students | Online Education | TeamOne Learning,Mixed / General,Standard / Niche,Afternoon (12PM - 5PM),10.22123759521714,1.227884624372249,3.65,9027.671232876712,1267.3461538461538,10.402807236115917,12.160033942617156,Standard  Niche
DUcpKct5muQ,DP Education - ගණිතය,පාඩම 05 - A/L Maths | Science පදනම් පාඨමාලාව,A/L Content,2020-05-23,5,9624,False,22,32430,362,23,929000,2286,1.19,14.19,0.03,May,Saturday, 05  A/L Maths | Science  ,Mixed / General,Standard / Niche,Morning (5AM - 12PM),2.5871106999691644,0.3546629211777782,160.4,202.18204488778053,1474.090909090909,10.386870034471961,13.74186509422166,Standard  Niche
nyUZN2MPHN8,Math Vibes,ලංකාවේ  අමාරුම විභාග| most difficult exams in sri lanka 🇱🇰 #shortvideo #srilanka #education,General Education,2025-03-16,13,28,False,0,7478,196,2,14500,528,2.65,14.16,0.52,March,Sunday,   | most difficult exams in sri lanka  shortvideo srilanka education,Mixed / General,Standard / Niche,Afternoon (12PM - 5PM),5.375768922171704,2.12384112897652,0.4666666666666667,16024.285714285714,7478.0,8.919854372191667,9.581972891547895,Standard  Niche
MLpKsfS_kVU,Daily Mirror Online,Top A/L achievers to get foreign university scholarships,A/L Content,2025-07-02,7,117,False,32,5941,148,16,144000,420,2.76,14.15,0.04,July,Wednesday,Top A/L achievers to get foreign university scholarships,Mixed / General,Standard / Niche,Morning (5AM - 12PM),6.32890085844134,0.4485245975686114,1.95,3046.6666666666665,185.65625,8.689801056022553,11.87757552297847,Standard  Niche
07uBDgecx5g,Techsic World,How to apply A/L exam private 2023 | 2023 al online application | A/L 2023 Private application,A/L Content,2023-07-19,9,60,False,13,16003,0,24,1430,1134,0.15,14.11,11.19,July,Wednesday,How to apply A/L exam private 2023 | 2023 al online application | A/L 2023 Private application,Mixed / General,Standard / Niche,Morning (5AM - 12PM),0.7498594013622446,5.068217803180287,1.0,16003.0,1231.0,9.680593969977126,7.266128779556451,Standard  Niche
y2noT292c5A,Mr Dar,grade 10 & 11 i.c.t tamil medium data base | G.C.E O/L ICT | தரவுத்தளம் | Unit 09 | alighar n.s,O/L Content,2020-12-12,6,1720,False,8,29295,994,103,9710,2083,3.74,14.06,3.02,December,Saturday,grade 10  11 ict tamil medium data base | GCE O/L ICT |  | Unit 09 | alighar ns,Tamil Medium,Standard / Niche,Morning (5AM - 12PM),8.544120157023382,3.7718685860439614,28.666666666666668,1021.9186046511627,3661.875,10.285206266914292,9.181014542594355,Standard  Niche
JTSHsF5OWCU,DReam A Level,මොකටද A/L 😎☝☝🏃#medicine#universityofperadeniya#physics#trending#perera#sandaruwan#education,A/L Content,2025-09-09,15,75,False,0,4903,371,16,91200,351,7.89,13.97,0.05,September,Tuesday, A/L medicineuniversityofperadeniyaphysicstrendingpererasandaruwaneducation,Mixed / General,Standard / Niche,Afternoon (12PM - 5PM),16.765245767897206,0.5297455086185017,1.25,3922.4,4903.0,8.497806477616047,11.420821140914589,Standard  Niche
J1p5bd4UlgQ,National Career Guidance Podcast,A/L වලට Arts කරපු ඔබට රාජ්‍ය විශ්වවිද්‍යාල මගින් පිරිනමන උපාධි පාඨමාලා - State University Guide,A/L Content,2024-02-20,4,988,False,0,12368,365,9,1710,918,3.02,13.47,7.23,February,Tuesday,A/L  Arts          State University Guide,Mixed / General,Standard / Niche,Night / Late (10PM - 5AM),6.2661707632600265,4.588919861785636,16.466666666666665,751.093117408907,12368.0,9.42294862137501,7.444833273892193,Standard  Niche
FJ8cpx6jNf8,SL Maths Tamil,GCE OL Maths past paper 2024(2025) 2nd part  Q12 / தொடை /discussion in Tamil medium / zoom class ,O/L Content,2025-12-30,7,997,False,0,3200,85,12,60400,239,3.03,13.39,0.05,December,Tuesday,GCE OL Maths past paper 20242025 2nd part  Q12 /  /discussion in Tamil medium / zoom class ,Tamil Medium,Standard / Niche,Morning (5AM - 12PM),7.187499999999999,0.5125241804015722,16.616666666666667,192.57773319959878,3200.0,8.071218539969863,11.008760940077243,Standard  Niche
WOe853wvj_c,Accounting with PW,How to Select Subjects in A/L Commerce ,A/L Content,2025-08-22,15,182,False,0,4909,153,0,1660,369,3.12,13.3,2.96,August,Friday,How to Select Subjects in A/L Commerce ,Mixed / General,Standard / Niche,Afternoon (12PM - 5PM),6.23344876756977,3.698037391898702,3.033333333333333,1618.3516483516485,4909.0,8.499029220788566,7.415175109613295,Standard  Niche
DdsFmOMKo0U,O/L මැත with RV,O/L maths | Past paper Question 🤔✍️ | 2020 Past paper |  #Maths #o/l #shorts #🇱🇰 #O/L මැත,O/L Content,2024-02-14,17,51,False,11,12198,527,6,1100,924,4.37,13.2,11.09,February,Wednesday,O/L maths | Past paper Question  | 2020 Past paper |  Maths o/l shorts  O/L ,Mixed / General,Standard / Niche,Prime Time (5PM - 10PM),8.886702738153796,4.993068565314983,0.85,14350.588235294119,1108.909090909091,9.409109260148737,7.00397413672268,Standard  Niche
aFP713fal_4,Nadeesha Koralage,Nadeesha Koralage | Advanced Level Business Studies #shorts #nadeeshakoralage #bs #advancedlevel,A/L Content,2022-10-20,11,34,False,0,18317,636,5,26000,1406,3.5,13.03,0.7,October,Thursday,Nadeesha Koralage | Advanced Level Business Studies shorts nadeeshakoralage bs advancedlevel,Mixed / General,Standard / Niche,Morning (5AM - 12PM),7.080853851613256,2.314612473206764,0.5666666666666667,32324.117647058825,18317.0,9.815639461962933,10.165890277802454,Standard  Niche
b4EDgu3PR1Q,Mathematics World Tamil,Maths 🅰️➰🅱️ | Sets |Mathematics World Tamil | Maths Tamil,General Education,2022-07-03,12,52,False,21,19730,741,7,522,1515,3.79,13.02,37.8,July,Sunday,Maths  | Sets |Mathematics World Tamil | Maths Tamil,Tamil Medium,Standard / Niche,Afternoon (12PM - 5PM),7.688798783578307,6.200825554009554,0.8666666666666667,22765.384615384613,939.5238095238095,9.889946281969461,6.259581464064923,Standard  Niche
yG5Vb4TBdOs,KK Academy SL,🎓 University Admission 2024/25 | Courses & Universities for A/L Commerce Students in Sri Lanka,A/L Content,2025-05-06,6,467,False,20,6153,176,61,123000,477,3.85,12.9,0.05,May,Tuesday, University Admission 2024/25 | Courses  Universities for A/L Commerce Students in Sri Lanka,Mixed / General,Standard / Niche,Morning (5AM - 12PM),10.67771818625061,0.49774038421733524,7.783333333333333,790.5353319057816,307.65,8.724857555881988,11.719947764402807,Standard  Niche
l_cGW4pBHfc,Motivations for A/Ls,"Arts , Commerce අමාරුයි | A/L Combined Maths | Ajantha Dissanayake",A/L Content,2024-07-05,12,83,False,44,9639,375,48,47600,782,4.39,12.33,0.2,July,Friday,Arts  Commerce  | A/L Combined Maths | Ajantha Dissanayake,Mixed / General,Standard / Niche,Afternoon (12PM - 5PM),10.270774976657329,1.2430011912934145,1.3833333333333333,6967.951807228916,219.0681818181818,9.17367638760459,10.7706090484022,Standard  Niche
PY7UCpB0D54,ICT with Shashika Madhushan,2024 OL Full Revision l 3rd Term Exam 🔴 Part 01,O/L Content,2025-01-13,8,15923,False,0,7224,351,21,11900,590,5.15,12.24,0.61,January,Monday,2024 OL Full Revision l 3rd Term Exam  Part 01,Mixed / General,Standard / Niche,Morning (5AM - 12PM),11.17109634551495,2.1361053887973775,265.3833333333333,27.22100106763801,7224.0,8.885302512980633,9.38437770918244,Standard  Niche
d7APpEzTSLs,Murshid Master Academy - MMA,"A/L Technology  Official Intro | Tamil | SFT , ICT & E-Tech | Niyas M. Murshid",A/L Content,2020-06-13,23,440,False,5,27351,1532,182,4280,2265,6.27,12.08,6.39,June,Saturday,A/L Technology  Official Intro | Tamil | SFT  ICT  ETech | Niyas M Murshid,Tamil Medium,Standard / Niche,Night / Late (10PM - 5AM),14.52963328580308,4.359157109249759,7.333333333333333,3729.6818181818185,5470.2,10.216544931319138,8.361941906144946,Standard  Niche
u-iLqQ1QK8o,mentor of motivation ,sri lanka school of Agriculture - Kundasale❤️🇱🇰 #dream #school #agricultura #future #proud #student,O/L Content,2025-07-20,7,42,False,0,4809,154,0,1560,402,3.2,11.96,3.08,July,Sunday,sri lanka school of Agriculture  Kundasale dream school agricultura future proud student,Mixed / General,Standard / Niche,Morning (5AM - 12PM),6.404657933042213,3.633282174011527,0.7,6870.0,4809.0,8.478452363099807,7.353081920515432,Standard  Niche
5IDSf2Mokmk,Cards Club,ශ්‍රී ලංකාවේ ප්‍රසිද්ධම පාසල්😱 most famous schools in Sri Lanka#srilanka #school#schoollife#shorts,General Education,2025-07-16,15,37,False,26,4840,88,1,35000,406,1.84,11.92,0.14,July,Wednesday,    most famous schools in Sri Lankasrilanka schoolschoollifeshorts,Mixed / General,Standard / Niche,Afternoon (12PM - 5PM),3.7396694214876036,0.9816289331822906,0.6166666666666667,7848.648648648648,186.15384615384616,8.484876589939695,10.463131911491967,Standard  Niche
wFY1EA86m40,Guru Niwasa Institute - Sri Lanka,🧑‍🏫👩‍🏫 2027 A/L කලා අංශය සියලු ම නව පන්ති ආරම්භය මාර්තු 29 සිට - Art Stream 🎨🖌️,A/L Content,2025-03-26,11,117,False,17,6094,257,8,7450,518,4.35,11.76,0.82,March,Wednesday, 2027 A/L         29   Art Stream ,Mixed / General,Standard / Niche,Morning (5AM - 12PM),9.090909090909092,2.3649211905764167,1.95,3125.128205128205,358.47058823529414,8.715224041915372,8.916103530553727,Standard  Niche
xq5ZB0tj6v8,Bandara Palipana,O/L Commerce Online Classes | Grade 10 & 11 | Sinhala & English #OL2025 #OL2026 #olcommerce #grade10,O/L Content,2025-09-01,2,8,False,20,4205,40,1,328,359,0.98,11.71,12.82,September,Monday,O/L Commerce Online Classes | Grade 10  11 | Sinhala  English OL2025 OL2026 olcommerce grade10,Sinhala Medium,Standard / Niche,Night / Late (10PM - 5AM),2.0214030915576697,5.018088781054466,0.13333333333333333,31537.5,210.25,8.344267356262645,5.796057750765372,Standard  Niche
QgRw8Ww-RWM,Sanjaya Elvitigala,A/L Commerce කරපු අයට IT පැත්තෙන් යන්බ පුලුවන් fields මොනවද? #shorts,A/L Content,2021-11-14,5,60,False,0,20375,967,8,102000,1746,4.79,11.67,0.2,November,Sunday,A/L Commerce   IT    fields  shorts,Mixed / General,Standard / Niche,Morning (5AM - 12PM),9.68834355828221,1.2041727843286023,1.0,20375.0,20375.0,9.922113016659292,11.532737896139919,Standard  Niche
CEOxbFLu7mM,Rifan's Guide,A/L Bio System Technology Jobs in Sri lanka Tamil | உயிர் முறைமைகள் தொழினுட்பம் |,A/L Content,2023-06-13,14,672,False,23,13601,491,107,3420,1170,4.4,11.62,3.98,June,Tuesday,A/L Bio System Technology Jobs in Sri lanka Tamil |    |,Tamil Medium,Standard / Niche,Afternoon (12PM - 5PM),11.153591647672965,3.855401858998917,11.2,1214.375,591.3478260869565,9.517972119735584,8.137688184977605,Standard  Niche
6Ytna3X6H6Q,Maths with venu,G.C.E (O/L)  2023(2024)  Maths Paper Class For Tamil Medium Students💯🔥💥#gceol #mathematics #maths,O/L Content,2024-04-01,8,61,False,0,10049,285,2,3020,877,2.86,11.46,3.33,April,Monday,GCE O/L  20232024  Maths Paper Class For Tamil Medium Studentsgceol mathematics maths,Tamil Medium,Standard / Niche,Morning (5AM - 12PM),5.771718578963081,3.6677017818766235,1.0166666666666666,9884.262295081968,10049.0,9.215327913487222,8.013343181386672,Standard  Niche
GUq_A0h3Nlg,O/L මැත with RV,O/L maths | Past paper Question 🤔✍️ | 2022 Past paper |   #Maths #o/l #shorts #🇱🇰 #O/L මැත,O/L Content,2024-02-15,5,59,False,13,10392,438,5,1100,923,4.26,11.26,9.45,February,Thursday,O/L maths | Past paper Question  | 2022 Past paper |   Maths o/l shorts  O/L ,Mixed / General,Standard / Niche,Morning (5AM - 12PM),8.670130869899923,4.676625356859594,0.9833333333333333,10568.135593220339,799.3846153846154,9.248887781588422,7.00397413672268,Standard  Niche
nQQm6pyD5d0,Maths With Teena,2022(2023)  GCE OL MATHS PAPER MARKING SCHEME TAMIL MEDIUM #grade11maths #education,O/L Content,2025-03-10,5,21,False,0,5877,0,1,100,534,0.02,11.01,58.77,March,Monday,20222023  GCE OL MATHS PAPER MARKING SCHEME TAMIL MEDIUM grade11maths education,Tamil Medium,Standard / Niche,Morning (5AM - 12PM),0.08507742045261188,6.47397973559804,0.35,16791.428571428572,5877.0,8.678971846978863,4.61512051684126,Standard  Niche
1IoUwzyR1II,Maths Guru,A/L Combined maths | වර්ගජ සමීකරණ (Quadratic equations) - Maths Guru,A/L Content,2020-04-03,0,1610,False,23,25168,725,52,6510,2336,3.09,10.77,3.87,April,Friday,A/L Combined maths |   Quadratic equations  Maths Guru,Mixed / General,Standard / Niche,Night / Late (10PM - 5AM),6.794342021614749,3.7537280834130007,26.833333333333332,937.9378881987578,1094.2608695652175,10.133368357503002,8.781248333236862,Standard  Niche
3eHXRgvhKns,MathHub,2024 (2025) Ordinary level Mathematics I - Part A discussion-English medium,O/L Content,2025-09-24,2,6016,False,20,3602,94,12,120,336,2.94,10.72,30.02,September,Wednesday,2024 2025 Ordinary level Mathematics I  Part A discussionEnglish medium,English Medium,Standard / Niche,Night / Late (10PM - 5AM),6.885063853414769,5.7770775450662395,100.26666666666667,35.924202127659576,180.1,8.189522110748094,4.795790545596741,Standard  Niche
LsU10u2OORg,Praveen Randeniya,A Level වලට subjects තෝරගන්න ක්‍රමය | How to select a stream for your A Levels,General Education,2022-10-03,7,143,False,21,15098,339,58,51600,1423,2.63,10.61,0.29,October,Monday,A Level  subjects   | How to select a stream for your A Levels,Mixed / General,Standard / Niche,Morning (5AM - 12PM),6.41144522453305,1.4053368956972065,2.3833333333333333,6334.825174825175,718.952380952381,9.62238379544447,10.851296331126829,Standard  Niche
gRyAspWTSIk,Sudheera Peiris ,ඔයාටත් A/L Second Shy මේ විදියට අතාරින්නේ නැතුව ඉගෙන ගන්න පුළුවන්,A/L Content,2025-08-02,13,493,False,31,4103,121,2,8070,389,3.0,10.55,0.51,August,Saturday, A/L Second Shy       ,Mixed / General,Standard / Niche,Afternoon (12PM - 5PM),6.141847428710699,1.853246464191894,8.216666666666667,499.35091277890467,132.3548387096774,8.319717386850606,8.996032669324372,Standard  Niche
0rCfphvca88,Ashen Viduranga,Medicine මිස් නම් මේවා කරන්න | After A/L Biology in Sri Lanka | Best Career Paths Biology Students,A/L Content,2025-11-27,12,753,False,16,2866,104,7,4170,272,3.87,10.54,0.69,November,Thursday,Medicine     | After A/L Biology in Sri Lanka | Best Career Paths Biology Students,Mixed / General,Standard / Niche,Afternoon (12PM - 5PM),8.47871598046057,2.1129488489847503,12.55,228.36653386454182,179.125,7.96102146588337,8.335911094196945,Standard  Niche
QUUpV9f7UoI,Exams Efficient,After G.C.E A/L? || For get a Government Job|| For get a Degree|| Exams Efficient,A/L Content,2019-12-28,12,354,False,7,25353,663,87,65200,2433,2.96,10.42,0.39,December,Saturday,After GCE A/L || For get a Government Job|| For get a Degree|| Exams Efficient,Mixed / General,Standard / Niche,Afternoon (12PM - 5PM),6.9459235593420905,1.622117189591174,5.9,4297.118644067797,3621.8571428571427,10.140691787498673,11.08523008522044,Standard  Niche
F_13cijtf0Q,EDUS Online Institute,"G.C.E A/L Combined Maths - Tamil Medium - S.Mayooran B.Sc Eng, CMA, CIMA  - EDUS Online Institute",A/L Content,2022-06-11,13,1034,False,15,15731,427,28,4830,1537,2.89,10.23,3.26,June,Saturday,GCE A/L Combined Maths  Tamil Medium  SMayooran BSc Eng CMA CIMA   EDUS Online Institute,Tamil Medium,Standard / Niche,Afternoon (12PM - 5PM),6.318733710507915,3.5365961962351053,17.233333333333334,912.8239845261121,1048.7333333333333,9.6634521335517,8.482808764554406,Standard  Niche
4az7ZsmSRJk,JR Maths,A/L Maths Syllabus in tamil | Applied Mathematics | Pure Mathematics | Tamil,A/L Content,2021-11-02,13,553,False,6,17813,591,50,3760,1758,3.6,10.13,4.74,November,Tuesday,A/L Maths Syllabus in tamil | Applied Mathematics | Pure Mathematics | Tamil,Tamil Medium,Standard / Niche,Afternoon (12PM - 5PM),8.039072587436143,3.8921508557153395,9.216666666666667,1932.6943942133814,2968.8333333333335,9.787739943991815,8.232440158470336,Standard  Niche
S88_Q9uXzDw,Gayan Iddamalgoda,මාස 6 න් A/L කරන්න මොකක්ද කරන්න ඕනේ ???,A/L Content,2025-09-15,12,28,False,0,3473,121,3,1500,345,3.57,10.07,2.32,September,Monday, 6  A/L     ,Mixed / General,Standard / Niche,Afternoon (12PM - 5PM),7.39994241289951,3.193040960156194,0.4666666666666667,7442.142857142857,3473.0,8.153061946801051,7.313886831633462,Standard  Niche
P8QsINA5ELQ,Sri Lanka Education Network,Maths Stream Education Path - After A/L,A/L Content,2019-09-09,20,832,False,5,25521,646,28,1210,2543,2.64,10.04,21.09,September,Monday,Maths Stream Education Path  After A/L,Mixed / General,Standard / Niche,Prime Time (5PM - 10PM),5.611065397123937,5.360087684744834,13.866666666666667,1840.4567307692307,5104.2,10.147296104293922,7.099201743553092,Standard  Niche
Bq5m2It9pM8,Combined Maths | Janindu Rashmika,අවකලනය භාවිතය (Differentiation) - 2019 Past Paper Discussion - Combined Maths A/L in Sinhala,A/L Content,2020-10-28,9,2296,False,32,21181,748,109,35100,2128,4.05,9.95,0.6,October,Wednesday,  Differentiation  2019 Past Paper Discussion  Combined Maths A/L in Sinhala,Sinhala Medium,Standard / Niche,Morning (5AM - 12PM),9.635994523393608,1.9416152247724325,38.266666666666666,553.5104529616725,661.90625,9.960907043403614,10.465984899076615,Standard  Niche
0Wa4quOrRVg,PTE Mastery Lab,PTE exam center in Sri Lanka| PTE exam center noice #pte #ptestudent #exam,General Education,2024-07-01,5,55,False,12,7640,190,4,3450,786,2.54,9.72,2.21,July,Monday,PTE exam center in Sri Lanka| PTE exam center noice pte ptestudent exam,Mixed / General,Standard / Niche,Morning (5AM - 12PM),5.2356020942408374,3.112679404383705,0.9166666666666666,8334.545454545454,636.6666666666666,8.941283763647567,8.146419323098003,Standard  Niche
F6P1gb9yfb4,AL Kuppiya,😍 ජාතික අධ්‍යාපන ආයතනයේ පොත් ගෙදරටම | NIE A/L books,A/L Content,2022-05-24,11,23,False,41,15058,180,66,119000,1555,1.63,9.68,0.13,May,Tuesday,      | NIE A/L books,Mixed / General,Standard / Niche,Morning (5AM - 12PM),4.582281843538318,0.8146565979571425,0.38333333333333336,39281.73913043478,367.2682926829268,9.61973109808682,11.686887175419702,Standard  Niche
8rPZz1xLxOA,IIC Lakshya [Tamil],Commerce After 10th | Why You Should Choose Commerce | IIC Lakhsya Tamil,General Education,2024-08-30,13,186,False,21,7013,208,8,5950,726,3.08,9.66,1.18,August,Friday,Commerce After 10th | Why You Should Choose Commerce | IIC Lakhsya Tamil,Tamil Medium,Standard / Niche,Afternoon (12PM - 5PM),6.5022101810922575,2.5175996937345184,3.1,2262.258064516129,333.95238095238096,8.855663430700123,8.691314551644853,Standard  Niche
JV4I4QZcZ7g,Yapa Bandara (six months A/L course),මාස 06න් උසස්පෙළ ARTS - යාපාබණ්ඩාර - නම නගරය 071 32 90000  WhatsApp කරන්න,General Education,2024-05-26,9,151,False,0,7928,192,50,2720,822,3.05,9.64,2.91,May,Sunday, 06  ARTS      071 32 90000  WhatsApp ,Mixed / General,Standard / Niche,Morning (5AM - 12PM),7.996972754793139,3.3691010960643935,2.5166666666666666,3150.198675496689,7928.0,8.978282203272398,7.908754738783246,Standard  Niche
5eJCqyM8Aiw,O/L History English,2022 O/L History English Medium | Map Marking/Figures /Studying Special Tricks  | FREE MODEL PAPER,A/L Content,2021-02-19,20,906,False,0,19368,656,104,4040,2014,3.92,9.62,4.79,February,Friday,2022 O/L History English Medium | Map Marking/Figures /Studying Special Tricks  | FREE MODEL PAPER,English Medium,Standard / Niche,Prime Time (5PM - 10PM),9.45890128046262,3.8518440342946927,15.1,1282.6490066225165,19368.0,9.871429128842239,8.304247465078474,Standard  Niche
KcSNBpt1U3I,MyPath,ACCA or CIMA After A/L,A/L Content,2023-02-12,6,60,False,0,12357,414,0,7930,1291,3.35,9.57,1.56,February,Sunday,ACCA or CIMA After A/L,Mixed / General,Standard / Niche,Morning (5AM - 12PM),6.700655498907501,2.7681539029496687,1.0,12357.0,12357.0,9.422058905620926,8.97853441008332,Standard  Niche
1cYGesZ1l4Y,IQ Labs,2018 OL ගණිතය II - Part B - Q 07 & 08 | 2018 O/L Mathematics II,O/L Content,2019-11-16,15,943,False,11,23659,339,9,116000,2475,1.47,9.56,0.2,November,Saturday,2018 OL  II  Part B  Q 07  08 | 2018 O/L Mathematics II,Mixed / General,Standard / Niche,Afternoon (12PM - 5PM),3.055919523225834,1.0688401303344395,15.716666666666667,1505.3446447507954,2150.818181818182,10.071541137532378,11.661354090741,Standard  Niche
SJawrRdNbRI,Science and Technology ,z score එක වැඩි A/L subject තෝරන්නෙ කොහොමද?,A/L Content,2022-12-10,7,1751,False,48,12854,234,48,5230,1355,2.19,9.49,2.46,December,Saturday,z score   A/L subject  ,Mixed / General,Standard / Niche,Morning (5AM - 12PM),5.508013069861522,3.1923429199782234,29.183333333333334,440.45688178183894,267.7916666666667,9.46148811969999,8.562357743370612,Standard  Niche
W6KelgQO19o,Study with CKN,GCE O/L MATHS || 2019/I/A || TAMIL MEDIUM,O/L Content,2021-01-20,14,2162,False,0,19376,795,136,13200,2044,4.8,9.48,1.47,January,Wednesday,GCE O/L MATHS || 2019/I/A || TAMIL MEDIUM,Tamil Medium,Standard / Niche,Afternoon (12PM - 5PM),11.715524360033031,2.7037476249488295,36.03333333333333,537.7243293246994,19376.0,9.871842074700583,9.488047863280759,Standard  Niche
15eV2BVR18E,Prasanna Ekanayaka,AL in 7 months - Commerce/Arts 2025 - 2026,A/L Content,2025-04-06,10,28,True,4,4777,49,1,2500,507,1.05,9.42,1.91,April,Sunday,AL in 7 months  Commerce/Arts 2025  2026,Mixed / General,Standard / Niche,Morning (5AM - 12PM),2.156164957086037,2.9440283685616535,0.4666666666666667,10236.42857142857,1194.25,8.471777327885755,7.824445930877619,Standard  Niche
p8CSnMxIJC4,Damith Rathnayaka,2022(2023) O/L Maths Paper Answers,O/L Content,2023-06-13,19,45,False,4,10799,0,3,89,1170,0.03,9.23,121.34,June,Tuesday,20222023 O/L Maths Paper Answers,Mixed / General,Standard / Niche,Prime Time (5PM - 10PM),0.13890175016205206,7.021948055140802,0.75,14398.666666666666,2699.75,9.287301413112312,4.499809670330265,Standard  Niche
1G_NjKcv7KA,Neba's journal 🔥,study with me#motivation #daily study#sinhala #sri lanka#education#2028 A/L,A/L Content,2026-03-16,14,17,False,0,1456,28,5,36,163,2.27,8.93,40.44,March,Monday,study with memotivation daily studysinhala sri lankaeducation2028 A/L,Sinhala Medium,Standard / Niche,Afternoon (12PM - 5PM),5.563186813186813,5.892001054227295,0.2833333333333333,5138.823529411765,1456.0,7.284134806195205,3.6109179126442243,Standard  Niche
_TFHqtPt0RE,World infor,Top 10 schools in Sri Lanka🏫#top10 #school,General Education,2025-09-13,19,41,False,20,3077,63,2,695,347,2.11,8.87,4.43,September,Saturday,Top 10 schools in Sri Lankatop10 school,Mixed / General,Standard / Niche,Prime Time (5PM - 10PM),4.41988950276243,3.696205056249709,0.6833333333333333,4502.926829268293,153.85,8.032035314398824,6.54534966033442,Standard  Niche
k2a9THmnSz4,Pluton Academy,O/L ICT-Data & Information(english/sinhala medium),O/L Content,2020-04-07,13,210,False,8,20652,568,32,78500,2332,2.91,8.86,0.26,April,Tuesday,O/L ICTData  Informationenglish/sinhala medium,Sinhala Medium,Standard / Niche,Afternoon (12PM - 5PM),6.275421266705404,1.1950127829544248,3.5,5900.571428571428,2581.5,9.93561586628765,11.270866642542865,Standard  Niche
jVMiwqH7yXA,KK Academy SL,Best A/L Stream in Sri Lanka for 2025 | Science vs Commerce vs Arts vs Technology | What to Choose,A/L Content,2025-03-28,11,582,False,23,4515,127,20,123000,516,3.26,8.75,0.04,March,Friday,Best A/L Stream in Sri Lanka for 2025 | Science vs Commerce vs Arts vs Technology | What to Choose,Mixed / General,Standard / Niche,Morning (5AM - 12PM),7.840531561461795,0.3001045924503381,9.7,465.46391752577324,196.30434782608697,8.415381925269553,11.719947764402807,Standard  Niche
9TU4apqt8yA,KuppiyaLK,Sri Lankan A/L vs. London A-Level: Which is Tougher? නොදන්න කමට ඔයත්  රැවටුනාද ? .#AL #sinhalanews,A/L Content,2024-12-18,11,298,False,22,5252,0,42,385,616,0.8,8.53,13.64,December,Wednesday,Sri Lankan A/L vs London ALevel Which is Tougher       AL sinhalanews,Sinhala Medium,Standard / Niche,Morning (5AM - 12PM),3.998476770753998,4.765154105060331,4.966666666666667,1057.4496644295302,238.72727272727272,8.566554620953962,5.955837369464831,Standard  Niche
1htOGl4bfKU,Rehansa Dewdini,Best YouTube Channels for A/L commerce students #shorts #al #study #studymotivation,A/L Content,2024-01-29,4,17,False,0,7685,334,17,22300,940,4.57,8.18,0.34,January,Monday,Best YouTube Channels for A/L commerce students shorts al study studymotivation,Mixed / General,Standard / Niche,Night / Late (10PM - 5AM),9.798308392973325,1.3300414195690922,0.2833333333333333,27123.529411764706,7685.0,8.94715577112479,10.012386799492118,Standard  Niche
i1xSsopvk4s,Madhuranga D. Vidanapathirana ,🔴  LIVE | 2024 / 2025 O/L ICT සත්කාරය | කෙටි ක්‍රම එක්ක exam එකට යමු,O/L Content,2025-03-21,14,3798,False,16,4219,146,50,2640,523,4.65,8.07,1.6,March,Friday,  LIVE | 2024 / 2025 O/L ICT  |    exam  ,Mixed / General,Standard / Niche,Afternoon (12PM - 5PM),12.846646124674093,2.632751777051982,63.3,66.65086887835703,263.6875,8.347590407030058,7.878912912297132,Standard  Niche
qKgndJsnqjg,O/L මැත with RV,Fractions | වීජීය භාග | 2019 | Past paper question | baga | vijiya baga | O/L #ol #maths #shorts,O/L Content,2024-03-01,16,52,False,12,7316,316,6,1100,908,4.4,8.06,6.65,March,Friday,Fractions |   | 2019 | Past paper question | baga | vijiya baga | O/L ol maths shorts,Mixed / General,Standard / Niche,Afternoon (12PM - 5PM),9.048660470202297,4.000015567564822,0.8666666666666667,8441.538461538461,609.6666666666666,8.89795568688403,7.00397413672268,Standard  Niche
R6YlZ6cATk8,Bee Hive,O/L-PAST PAPER-(S) -ගණිතය-Mathematics -2024-@BeeHive696   #sinhalamedium,O/L Content,2025-07-15,19,89,False,25,3243,144,1,1140,407,4.47,7.97,2.84,July,Tuesday,O/LPAST PAPERS Mathematics 2024BeeHive696   sinhalamedium,Sinhala Medium,Standard / Niche,Prime Time (5PM - 10PM),9.034844279987665,3.162720202182741,1.4833333333333334,2186.2921348314608,129.72,8.084562415235304,7.039660349862076,Standard  Niche
e7g9z4g1hwg,KK Academy SL,Career Paths for Advanced Level Commerce Students in Sri Lanka | Ultimate Guide 2024,A/L Content,2024-06-03,3,841,False,17,6464,276,57,123000,814,5.15,7.94,0.05,June,Monday,Career Paths for Advanced Level Commerce Students in Sri Lanka | Ultimate Guide 2024,Mixed / General,Standard / Niche,Night / Late (10PM - 5AM),12.948638613861386,0.3343270802748248,14.016666666666667,461.16527942925086,380.2352941176471,8.774158291205957,11.719947764402807,Standard  Niche
MY--tRfWXgA,Just_Nawangi,Realistic study vlog 📚|Sri Lankan A/L student 🇱🇰 |මතක හිටින්න පාඩම් කරමු ✅🧠|#studyvlog #trending ,A/L Content,2026-01-20,19,288,False,1,1720,94,46,1420,218,8.14,7.89,1.21,January,Tuesday,Realistic study vlog |Sri Lankan A/L student  |    |studyvlog trending ,Mixed / General,Standard / Niche,Prime Time (5PM - 10PM),24.302325581395348,2.355831977880419,4.8,358.33333333333337,1720.0,7.450660796211539,7.259116128097101,Standard  Niche
OYirWeyXgl8,mentor of motivation ,Sri lanka law college  🇱🇰❤️#dream #college #law #proud #fypp  #motivation,Motivation & Tips,2025-08-29,9,33,False,0,2805,128,4,1560,362,4.71,7.75,1.8,August,Friday,Sri lanka law college  dream college law proud fypp  motivation,Mixed / General,Standard / Niche,Morning (5AM - 12PM),9.83957219251337,2.7047112998366956,0.55,5100.0,2805.0,7.939515260662406,7.353081920515432,Standard  Niche
rFBB_zD-mgk,Free ICT Tutorials Tamil,🇱🇰G.C.E (O/L) 2023(2024)🇱🇰 Final Exam Timetable 🇱🇰  #shorts #short #trending #viral #tamil,A/L Content,2024-03-19,8,10,False,0,6861,285,0,11400,890,4.15,7.71,0.6,March,Tuesday,GCE O/L 20232024 Final Exam Timetable   shorts short trending viral tamil,Tamil Medium,Standard / Niche,Morning (5AM - 12PM),8.307826847398339,1.727398710067665,0.16666666666666666,41166.0,6861.0,8.833754223418396,9.34145634983372,Standard  Niche
lF98FrrKG1Y,lyricsලිරික්ස්,sri lanka AL results science stream,A/L Content,2024-07-02,13,23,False,0,6018,84,0,926,785,1.4,7.67,6.5,July,Tuesday,sri lanka AL results science stream,Mixed / General,Standard / Niche,Afternoon (12PM - 5PM),2.7916251246261217,3.9289784460775596,0.38333333333333336,15699.130434782608,6018.0,8.70267641154777,6.831953565565855,Standard  Niche
bR5FxgcbqI0,ICT learning point ,උසස්පෙළ තොරතුරු තාක්ෂණවේදය පිළිබඳව හදුනාගනිමු.Introduction of A/L ICT Subject,A/L Content,2023-01-02,23,27,False,1,10205,325,4,24,1332,3.22,7.66,425.21,January,Monday,    Introduction of A/L ICT Subject,Mixed / General,Standard / Niche,Night / Late (10PM - 5AM),6.565409113179814,8.08890212193978,0.45,22677.777777777777,10205.0,9.230731061623917,3.2188758248682006,Standard  Niche
kXW7hqln8D4,Study Abroad With Raeez,Which School Produced the Most Test Cricketers for Sri Lanka? 🏏,O/L Content,2025-08-06,11,130,False,0,2942,23,2,17200,385,0.85,7.64,0.17,August,Wednesday,Which School Produced the Most Test Cricketers for Sri Lanka ,Mixed / General,Standard / Niche,Morning (5AM - 12PM),1.9034670292318152,0.8323872476514493,2.1666666666666665,1357.846153846154,2942.0,7.987184748233473,9.75272280064639,Standard  Niche
HZdLo-YtvG8,Vishwaroo,O/L Chitha Kalawa Revision | art paper discussion​​ | O/L ප්‍රශ්න පත්‍ර | nie sha art | grade 11,O/L Content,2021-10-15,17,1291,False,29,13445,354,0,10600,1776,2.63,7.57,1.27,October,Friday,O/L Chitha Kalawa Revision | art paper discussion | O/L   | nie sha art | grade 11,Mixed / General,Standard / Niche,Prime Time (5PM - 10PM),5.265898103384157,2.3621644628425718,21.516666666666666,624.864446165763,463.62068965517244,9.506436943028982,9.268703615273097,Standard  Niche
BitNunel814,Mr Rulz Streaming,Introduction of GCE A/L Combined Mathematics for beginners - Edutalkhub.lk,A/L Content,2018-11-14,19,361,False,12,21402,674,38,3210,2842,3.33,7.53,6.67,November,Wednesday,Introduction of GCE A/L Combined Mathematics for beginners  Edutalkhublk,Mixed / General,Standard / Niche,Prime Time (5PM - 10PM),7.1862442762358665,3.936229646294849,6.016666666666667,3557.119113573407,1783.5,9.971286378100563,8.074337694089515,Standard  Niche
GiBOxpuiqVE,IMA,මාස 06 න් O/L සහ A/L - කලා /වාණිජ,A/L Content,2021-09-10,15,26,False,8,13446,162,11,13500,1811,1.29,7.42,1.0,September,Friday, 06  O/L  A/L   /,Mixed / General,Standard / Niche,Afternoon (12PM - 5PM),2.8186821359512124,2.130609828254235,0.43333333333333335,31029.23076923077,1680.75,9.50651131182387,9.510519035757246,Standard  Niche
IG5ttPSLOuE,O/L Short  Notes. lk,Grade 10 o/l information and cominication technology lesson 1 short note(ict short note sinhala),O/L Content,2023-09-02,8,79,False,8,8051,154,10,178,1089,2.04,7.39,45.23,September,Saturday,Grade 10 o/l information and cominication technology lesson 1 short noteict short note sinhala,Sinhala Medium,Standard / Niche,Morning (5AM - 12PM),4.446652589740404,5.814875627306801,1.3166666666666667,6114.683544303797,1006.375,8.993675786759683,5.187385805840755,Standard  Niche
M23sVrkt3J0,MathHub,2024 (2025) Ordinary level Mathematics I - Part B discussion-English medium,O/L Content,2025-12-05,14,3357,False,19,1944,36,11,120,264,2.42,7.36,16.2,December,Friday,2024 2025 Ordinary level Mathematics I  Part B discussionEnglish medium,English Medium,Standard / Niche,Afternoon (12PM - 5PM),6.532921810699587,4.789423209631793,55.95,34.74530831099195,102.3157894736842,7.573017256052546,4.795790545596741,Standard  Niche
-OUAsjpUCMg,lifetruths,A/L ICT -What happens if you learn  ICT on G.C.E. A/L ?,A/L Content,2020-03-10,3,378,False,11,17243,457,40,228,2360,2.88,7.31,75.63,March,Tuesday,A/L ICT What happens if you learn  ICT on GCE A/L ,Mixed / General,Standard / Niche,Night / Late (10PM - 5AM),6.460592704285798,6.316903461295146,6.3,2736.984126984127,1567.5454545454545,9.755219535867026,5.43372200355424,Standard  Niche
LK638j2da_0,SL GADGETS,After A/L Commerce Degrees in Sri Lanka | A/L Commerce කරපු අයට ලංකාවේ හොදම උපාධි,A/L Content,2024-06-02,12,753,False,19,5863,256,26,231000,815,4.81,7.19,0.03,June,Sunday,After A/L Commerce Degrees in Sri Lanka | A/L Commerce     ,Mixed / General,Standard / Niche,Afternoon (12PM - 5PM),10.950025584171925,0.19532004257961122,12.55,467.1713147410358,308.57894736842104,8.676587243566487,12.35017731849889,Standard  Niche
K6382fVvlXs,LMDM Unit,Science for Technology | மீட்டல் - புள்ளிவிபரவியல் | A/L | Tamil Medium | LMDM Unit,A/L Content,2020-06-17,2,3308,False,7,16073,393,13,82900,2261,2.53,7.11,0.19,June,Wednesday,Science for Technology |    | A/L | Tamil Medium | LMDM Unit,Tamil Medium,Standard / Niche,Night / Late (10PM - 5AM),5.294593417532508,0.8547982335618394,55.13333333333333,291.5296251511487,2296.1428571428573,9.684958338772663,11.325402403776808,Standard  Niche
_X-BpvV5upA,Digital Accounting in Tamil,A/L Tamil Medium Commerce Students  | Success Mindset for commerce Students | Live Webinar,A/L Content,2021-08-21,8,4416,False,22,12849,731,71,36400,1831,6.24,7.02,0.35,August,Saturday,A/L Tamil Medium Commerce Students  | Success Mindset for commerce Students | Live Webinar,Tamil Medium,Standard / Niche,Morning (5AM - 12PM),14.14117830181337,1.2404011609394874,73.6,174.5788043478261,584.0454545454545,9.461099090323366,10.502351525774941,Standard  Niche
zbH9JeW5kIA,School Paper Bank,A/L Books | Biology | Physics | Chemistry | Maths,A/L Content,2025-03-26,15,52,False,0,3606,159,0,62,518,4.41,6.96,58.16,March,Wednesday,A/L Books | Biology | Physics | Chemistry | Maths,Mixed / General,Standard / Niche,Afternoon (12PM - 5PM),8.818635607321132,6.005844655951426,0.8666666666666667,4160.7692307692305,3606.0,8.19063168090354,4.143134726391533,Standard  Niche
LpM-yk39BaI,Anu Maths,G.C.E. A/L Sri Lanka Combined Maths 2020 II (B) - Part 06 Past Paper Discussion Sinhala Medium,A/L Content,2024-06-13,16,1288,False,0,5421,28,1,1900,804,0.53,6.74,2.85,June,Thursday,GCE A/L Sri Lanka Combined Maths 2020 II B  Part 06 Past Paper Discussion Sinhala Medium,Sinhala Medium,Standard / Niche,Afternoon (12PM - 5PM),1.1252536432392548,3.006128049736111,21.466666666666665,252.53105590062114,5421.0,8.598220030058611,7.550135342488429,Standard  Niche
rCojGy2dhXs,Mr Rulz Streaming,Introduction of GCE A/L Chemistry for beginners -  Edutalkhub.lk,A/L Content,2019-01-11,10,226,False,8,18644,545,27,3210,2784,3.07,6.7,5.81,January,Friday,Introduction of GCE A/L Chemistry for beginners   Edutalkhublk,Mixed / General,Standard / Niche,Morning (5AM - 12PM),6.570478438103411,3.687052786772529,3.7666666666666666,4949.734513274337,2330.5,9.833333292612922,8.074337694089515,Standard  Niche
2JBQ3ki5s_o,Uni Life,Q/A For A/L Subject matters || Uni Life| #sinhala #study #al #ol,A/L Content,2022-06-11,7,467,False,25,10193,305,44,37400,1537,3.42,6.63,0.27,June,Saturday,Q/A For A/L Subject matters || Uni Life| sinhala study al ol,Sinhala Medium,Standard / Niche,Morning (5AM - 12PM),8.142843127636613,1.0260774374848614,7.783333333333333,1309.593147751606,407.72,9.229554590899987,10.529452721013085,Standard  Niche
gx6YVR1A67A,O/LMaths DalaAththu,OL 2023/2024 Maths Paper Discussion |O/l Maths|Nirmana|2023Maths PeparAnswer|MathsDalaAththu|Sinhala,O/L Content,2025-09-10,23,1049,False,14,2214,93,10,440,350,4.65,6.33,5.03,September,Wednesday,OL 2023/2024 Maths Paper Discussion |O/l Maths|Nirmana|2023Maths PeparAnswer|MathsDalaAththu|Sinhala,Sinhala Medium,Standard / Niche,Night / Late (10PM - 5AM),10.659439927732612,3.4916442395126,17.483333333333334,126.63489037178265,158.14285714285714,7.703007682479236,6.089044875446846,Standard  Niche
YlyLP4Yn7A4,Bee Hive,O/L-PAST PAPER- கணிதம்  Mathematics-2024(2025)-@BeeHive696,O/L Content,2025-06-28,4,78,False,23,2523,92,1,1140,424,3.69,5.95,2.21,June,Saturday,O/LPAST PAPER   Mathematics20242025BeeHive696,Mixed / General,Standard / Niche,Night / Late (10PM - 5AM),7.491082045184304,2.6496792877758804,1.3,1940.7692307692307,109.69565217391305,7.8336002236611035,7.039660349862076,Standard  Niche
caNKeJP7G4o,Mr Rulz Streaming,Introduction of GCE A/L Physics for beginners -  Edutalkhub.lk,A/L Content,2018-11-14,19,195,False,9,16846,516,17,3210,2842,3.16,5.93,5.25,November,Wednesday,Introduction of GCE A/L Physics for beginners   Edutalkhublk,Mixed / General,Standard / Niche,Prime Time (5PM - 10PM),6.630654161225216,3.46986797900215,3.25,5183.384615384615,1871.7777777777778,9.731927878386204,8.074337694089515,Standard  Niche
5NAI5KogHkc,Jamzith Hasan,How To Choice A/L Stream | க.பொ.உயர்தர பிரிவினை இலகுவாக தெரிவு செய்வது எவ்வாறு! | Jamzith Hasan,A/L Content,2021-09-24,14,1028,False,14,10568,424,27,24900,1797,4.27,5.88,0.42,September,Friday,How To Choice A/L Stream |       | Jamzith Hasan,Mixed / General,Standard / Niche,Afternoon (12PM - 5PM),9.301665404996214,1.2440393135390193,17.133333333333333,616.8093385214008,754.8571428571429,9.265680467009346,10.122663242288953,Standard  Niche
9s86ZoDO4Ro,TK VLOG,What course should be do after A/l??? SLIATE  HND TAMIL Short introduction in தமிழ்TAMIL 2019,A/L Content,2019-08-18,3,654,False,14,14725,604,107,2270,2565,4.83,5.74,6.49,August,Sunday,What course should be do after A/l SLIATE  HND TAMIL Short introduction in TAMIL 2019,Tamil Medium,Standard / Niche,Night / Late (10PM - 5AM),11.837011884550085,3.644211531818636,10.9,1350.9174311926606,1051.7857142857142,9.597369917928662,7.7279755421055585,Standard  Niche
v12oozfoDv8,Pradeep Wijesiriwardana,EPS-TOPIK EXAM TIPS SRI LANKA | EPS-TOPIK පේපරයේ එන ප්‍රශ්ණ කරන ලේසි ක්‍රම  | KOREAN EXAM SHORT CUTS,Motivation & Tips,2023-02-23,18,59,False,22,7346,490,21,107000,1280,6.96,5.74,0.07,February,Thursday,EPSTOPIK EXAM TIPS SRI LANKA | EPSTOPIK        | KOREAN EXAM SHORT CUTS,Mixed / General,Standard / Niche,Prime Time (5PM - 10PM),14.769942826027771,0.3377571250840874,0.9833333333333333,7470.5084745762715,333.90909090909093,8.902047345620277,11.580593459194764,Standard  Niche
Kgs4mEkozlE,Knowledge Box SL,GRADE 10 ICT - UNIT-01 |Grade 10 ICT in Tamil| Data | Information |OL ICT| Introduction to Computers,O/L Content,2023-09-18,11,5080,False,28,6069,170,15,7700,1073,3.05,5.66,0.79,September,Monday,GRADE 10 ICT  UNIT01 |Grade 10 ICT in Tamil| Data | Information |OL ICT| Introduction to Computers,Tamil Medium,Standard / Niche,Morning (5AM - 12PM),6.83802932937881,1.6995345251855378,84.66666666666667,71.68110236220473,216.75,8.711113884053544,8.94910546953925,Standard  Niche
IKFrFp4JoVk,Praveen Mathugamage,2023 A/L | Physics | MCQ - 42,A/L Content,2024-10-28,9,157,False,30,3724,143,10,989,667,4.11,5.58,3.77,October,Monday,2023 A/L | Physics | MCQ  42,Mixed / General,Standard / Niche,Morning (5AM - 12PM),9.022556390977442,3.092704707411872,2.6166666666666667,1423.1847133757963,124.13333333333334,8.22282213081366,6.897704943128636,Standard  Niche
lCQ1-02xwy8,Anu Maths,G.C.E. A/L Sri Lanka Combined Maths 2018 II (A) - Part 01 Past Paper Discussion Sinhala Medium,A/L Content,2020-12-10,1,1225,False,0,11511,109,9,1900,2085,1.03,5.52,6.06,December,Thursday,GCE A/L Sri Lanka Combined Maths 2018 II A  Part 01 Past Paper Discussion Sinhala Medium,Sinhala Medium,Standard / Niche,Night / Late (10PM - 5AM),2.28477108852402,3.539543829944446,20.416666666666668,563.804081632653,11511.0,9.351145248567203,7.550135342488429,Standard  Niche
ESkxV2qgvgA,O/LMaths DalaAththu,OL 2021/2022 Maths Paper Discussion |O/l Maths|Nirmana|2021Maths PeparAnswer|MathsDalaAththu|Sinhala,O/L Content,2025-09-14,2,1212,False,22,1908,73,7,440,346,4.19,5.51,4.34,September,Sunday,OL 2021/2022 Maths Paper Discussion |O/l Maths|Nirmana|2021Maths PeparAnswer|MathsDalaAththu|Sinhala,Sinhala Medium,Standard / Niche,Night / Late (10PM - 5AM),9.48637316561845,3.215405811328918,20.2,94.45544554455446,86.72727272727273,7.554334823725748,6.089044875446846,Standard  Niche
D8qPZ3PxLpY,Kasun Gunasekara ( Clear Biology),📚🔥 Best Biology Class in Sri Lanka | Student Motivation & Teamwork #srilanka #biologyclass #study,Motivation & Tips,2025-09-29,1,9,False,0,1789,46,2,2640,331,2.68,5.4,0.68,September,Monday, Best Biology Class in Sri Lanka | Student Motivation  Teamwork srilanka biologyclass study,Mixed / General,Standard / Niche,Night / Late (10PM - 5AM),5.701509223029626,1.541587245525926,0.15,11926.666666666668,1789.0,7.489970898834801,7.878912912297132,Standard  Niche
6u-PpbCcWCY,O/LMaths DalaAththu,2021 ol Maths Paper Answers | O/L Maths | Sinhala | 2021 Maths | Samanthara Shreni |Maths DalaAththu,O/L Content,2025-07-29,2,1150,False,18,1991,0,7,440,393,0.35,5.07,4.53,July,Tuesday,2021 ol Maths Paper Answers | O/L Maths | Sinhala | 2021 Maths | Samanthara Shreni |Maths DalaAththu,Sinhala Medium,Standard / Niche,Night / Late (10PM - 5AM),1.757910597689603,3.176682056563032,19.166666666666668,103.87826086956521,110.61111111111111,7.596894438144544,6.089044875446846,Standard  Niche
HMEOCiAIy7w,Expert Tutor,Physics | How to Choose Essay Questions in A/L ? | Advise with personal experiences | Srilanka,A/L Content,2020-08-20,13,2178,False,14,11019,426,50,40900,2197,4.32,5.02,0.27,August,Thursday,Physics | How to Choose Essay Questions in A/L  | Advise with personal experiences | Srilanka,Mixed / General,Standard / Niche,Afternoon (12PM - 5PM),10.000907523368726,0.856710564425311,36.3,303.55371900826447,787.0714285714286,9.307467082706905,10.61890979160975,Standard  Niche
2bqZeTKRVxg,Diary of Brain,ශ්‍රී ලංකාවේ හොදම පෞද්ගලික විශ්වවිද්‍යාල|Top10 private universities in Sri Lanka|@DiaryofBrain,General Education,2024-06-09,3,36,False,7,3972,51,1,7400,808,1.31,4.92,0.54,June,Sunday,    |Top10 private universities in Sri Lanka|DiaryofBrain,Mixed / General,Standard / Niche,Night / Late (10PM - 5AM),2.6938569989929504,1.2965884480353975,0.6,6620.0,567.4285714285714,8.287276755814599,8.909370405197466,Standard  Niche
kPQoEL4bhoQ,National Savings Bank,National Savings Bank Sri Lanka,A/L Content,2025-09-10,4,12,False,0,1704,3,0,5730,350,0.18,4.87,0.3,September,Wednesday,National Savings Bank Sri Lanka,Mixed / General,Standard / Niche,Night / Late (10PM - 5AM),0.35211267605633806,0.9005677714089189,0.2,8520.0,1704.0,7.4413203897176174,8.653645314551737,Standard  Niche
XMAny61OdnQ,Cards Club,ශ්‍රී ලංකාවේ ප්‍රසිද්ධම පාසල්😱 most famous schools in Sri Lanka#srilanka #school#schoollife#shorts,General Education,2025-08-17,7,37,False,26,1821,46,0,35000,374,2.53,4.87,0.05,August,Sunday,    most famous schools in Sri Lankasrilanka schoolschoollifeshorts,Mixed / General,Standard / Niche,Morning (5AM - 12PM),5.052169137836353,0.21792998426132232,0.6166666666666667,2952.972972972973,70.03846153846153,7.507690077819904,10.463131911491967,Standard  Niche
BXCRvSXFFiY,University of Sri Jayewardenepura,GCE A/L Combined Mathematics Major changes of the new syllabus By Mr. Kapila Silva,A/L Content,2017-03-08,7,1697,False,12,16812,134,6,104000,3458,0.83,4.86,0.16,March,Wednesday,GCE A/L Combined Mathematics Major changes of the new syllabus By Mr Kapila Silva,Mixed / General,Standard / Niche,Morning (5AM - 12PM),1.7725434213656914,0.5752641399032286,28.283333333333335,594.413671184443,1401.0,9.729907675678929,11.552155793461898,Standard  Niche
zftlWD39xME,WINNING PATH,Free education opportunities after GCE A/L and learn the University admission systems in Sri Lanka,A/L Content,2025-04-16,14,250,False,0,2412,87,31,25900,497,4.89,4.85,0.09,April,Wednesday,Free education opportunities after GCE A/L and learn the University admission systems in Sri Lanka,Mixed / General,Standard / Niche,Afternoon (12PM - 5PM),13.640132669983416,0.36220959943720715,4.166666666666667,578.88,2412.0,7.7886260656250315,10.16203685698089,Standard  Niche
OP1wyZx9b9Q,Kalvi kan,Math Olympiad Questions in Tamil / A nice algebraic problems / Kalvikan,General Education,2023-07-14,12,129,False,12,5397,83,6,165000,1139,1.65,4.74,0.03,July,Friday,Math Olympiad Questions in Tamil / A nice algebraic problems / Kalvikan,Tamil Medium,Standard / Niche,Afternoon (12PM - 5PM),3.631647211413749,0.1329562272486255,2.15,2510.232558139535,449.75,8.59378379357795,12.013706813470414,Standard  Niche
T67gDvnTCjw,KaviDX,GCE A/L Physical Science Stream with ICT in Sri Lanka | Maths එක්ක ICT හදාරන ඔබ දැන්ම බලන්න,A/L Content,2025-07-25,5,223,False,16,1866,50,8,17000,397,3.11,4.7,0.11,July,Friday,GCE A/L Physical Science Stream with ICT in Sri Lanka | Maths  ICT    ,Mixed / General,Standard / Niche,Morning (5AM - 12PM),7.502679528403002,0.4167347003663952,3.716666666666667,502.0627802690583,116.625,7.532088143541722,9.741027444837728,Standard  Niche
Tz2HY0Hgago,LMDM Unit,Science for Technology | பரப்பளவும் கனவளவும் மீட்டல்   | A/L | Tamil Medium | LMDM Unit,A/L Content,2020-05-28,4,3207,False,7,10675,329,17,82900,2281,3.24,4.68,0.13,May,Thursday,Science for Technology |      | A/L | Tamil Medium | LMDM Unit,Tamil Medium,Standard / Niche,Night / Late (10PM - 5AM),6.960187353629976,0.4752398960409819,53.45,199.71936389148735,1525.0,9.275753510524416,11.325402403776808,Standard  Niche
4iseXyuokS8,Learn ICT - Dasun Nilanjana Sirimevan,Grade 6 ICT   Introduction to Computer and History   Part 1 English,General Education,2020-11-02,13,398,False,15,9933,90,11,11400,2123,1.02,4.68,0.87,November,Monday,Grade 6 ICT   Introduction to Computer and History   Part 1 English,English Medium,Standard / Niche,Afternoon (12PM - 5PM),2.3658512030605054,1.6236563496716558,6.633333333333334,1497.4371859296482,662.2,9.203718495667296,9.34145634983372,Standard  Niche
R-d4WdlnjuI,Science Topper,"2024(2025) O/L SCIENCE PAST PAPER EXPLANATION (PART 1) | TAMIL MEDIUM | OLEVEL SCIENCE| GRADE 10,11 ",O/L Content,2025-10-07,20,1947,False,10,1501,35,2,6330,323,2.47,4.65,0.24,October,Tuesday,20242025 O/L SCIENCE PAST PAPER EXPLANATION PART 1 | TAMIL MEDIUM | OLEVEL SCIENCE| GRADE 1011 ,Tamil Medium,Standard / Niche,Prime Time (5PM - 10PM),5.329780146568954,0.749527513996053,32.45,46.25577812018489,150.1,7.31455283232408,8.753213480544126,Standard  Niche
2r0aLpQrCNM,Maths Crew,A/L  කරන ගමන් O/L කරන්නේ  කොහොමද ? ‍|| How do O/L while doing A/L ?  || O/L results for A/L,A/L Content,2025-09-28,13,291,False,25,1536,92,64,54100,332,10.16,4.63,0.03,September,Sunday,A/L    O/L     || How do O/L while doing A/L   || O/L results for A/L,Mixed / General,Standard / Niche,Afternoon (12PM - 5PM),32.8125,0.13006288429816837,4.85,316.70103092783506,61.44,7.337587743538596,10.898607948952096,Standard  Niche
lQ1ZArS_Lh0,O/LMaths DalaAththu,OL 2022 Maths Paper Discussion |OL Maths|Samagami Samikarana| O/LMaths DalaAththu|Sinhala|Sri Lanka,O/L Content,2025-12-26,2,1822,False,19,1112,35,4,440,243,3.51,4.58,2.53,December,Friday,OL 2022 Maths Paper Discussion |OL Maths|Samagami Samikarana| O/LMaths DalaAththu|Sinhala|Sri Lanka,Sinhala Medium,Standard / Niche,Night / Late (10PM - 5AM),8.093525179856115,2.5326963136238487,30.366666666666667,36.619099890230515,58.526315789473685,7.014814351275545,6.089044875446846,Standard  Niche
anRNb3lNLkE,O/L History English,O/L History English Medium | Sri Lanka Map marking important ports and cities part 1,O/L Content,2022-04-22,18,2481,False,0,7204,136,6,4040,1587,1.97,4.54,1.78,April,Friday,O/L History English Medium | Sri Lanka Map marking important ports and cities part 1,English Medium,Standard / Niche,Prime Time (5PM - 10PM),4.19211549139367,2.2062063424713334,41.35,174.22007255139056,7204.0,8.882530508433623,8.304247465078474,Standard  Niche
YMUSq3dU08Q,Creative Thinker SL,grade 11 history lesson 2 | 11 ඉතිහාසය ප්‍රශ්නෝත්තර 2 | grade 11 history 3rd term | o/l history,O/L Content,2025-11-13,7,2264,False,24,1294,53,1,190000,286,4.17,4.52,0.01,November,Thursday,grade 11 history lesson 2 | 11   2 | grade 11 history 3rd term | o/l history,Mixed / General,Standard / Niche,Morning (5AM - 12PM),8.578052550231838,0.044208254664320365,37.733333333333334,34.293286219081274,53.916666666666664,7.166265974133638,12.154784614286667,Standard  Niche
T0rcJQtPvO8,Educate Lk by Yuveen ,top 10 sri lankan best boys schools in sri lanka  #fact,General Education,2023-10-05,13,61,False,0,4758,181,12,90,1056,4.06,4.51,52.87,October,Thursday,top 10 sri lankan best boys schools in sri lanka  fact,Mixed / General,Standard / Niche,Afternoon (12PM - 5PM),8.869272803699033,5.478318316148072,1.0166666666666666,4680.0,4758.0,8.46779284112111,4.51085950651685,Standard  Niche
LPlYTJHMaJw,WIBHAHAGA,GCE 2019 OL ගණිතය I - Part A | 2019 O/L Mathematics | Ganithaya | sinhala | paper sinhala medium,O/L Content,2020-12-20,5,3750,False,26,9278,214,26,932,2075,2.59,4.47,9.95,December,Sunday,GCE 2019 OL  I  Part A | 2019 O/L Mathematics | Ganithaya | sinhala | paper sinhala medium,Sinhala Medium,Standard / Niche,Morning (5AM - 12PM),6.014227204138823,3.817195709016867,62.5,148.448,356.84615384615387,9.13550906135318,6.838405200847344,Standard  Niche
7twAfVPys88,O/LMaths DalaAththu,OL 2021 Maths Paper Discussion |OL Maths|Samagami Samikarana| O/LMaths DalaAththu|Sinhala|Sri Lanka,O/L Content,2026-01-01,2,1504,False,19,1038,39,6,440,237,4.34,4.38,2.36,January,Thursday,OL 2021 Maths Paper Discussion |OL Maths|Samagami Samikarana| O/LMaths DalaAththu|Sinhala|Sri Lanka,Sinhala Medium,Standard / Niche,Night / Late (10PM - 5AM),10.404624277456648,2.4280540715285235,25.066666666666666,41.409574468085104,54.63157894736842,6.946013991099227,6.089044875446846,Standard  Niche
5_xBYF0nAp8,Kv Iroshan,O/L Mathematics Past Papers Discussion | KULAKA |  G.E.E. O/L 2016 Examination Kv Maths sets,O/L Content,2019-10-26,13,779,False,46,10502,291,60,256000,2496,3.34,4.21,0.04,October,Saturday,O/L Mathematics Past Papers Discussion | KULAKA |  GEE O/L 2016 Examination Kv Maths sets,Mixed / General,Standard / Niche,Afternoon (12PM - 5PM),8.398400304703866,0.15563529153144884,12.983333333333333,808.8831835686779,228.30434782608697,9.259416209622776,12.45293662970407,Standard  Niche
4ryP_tu_ZOk,Maths with venu,G.C.E(O/L)2022(2023) Maths Final Exam Part -01 Answers #gceol #maths #jaffna #srilanka #tamil #gceol,A/L Content,2023-06-08,18,25,False,0,4929,214,0,3020,1175,4.34,4.19,1.63,June,Thursday,GCEO/L20222023 Maths Final Exam Part 01 Answers gceol maths jaffna srilanka tamil gceol,Tamil Medium,Standard / Niche,Prime Time (5PM - 10PM),8.683302901196997,2.05792419509246,0.4166666666666667,11829.6,4929.0,8.503094267036737,8.013343181386672,Standard  Niche
5Zv7__x33Mo,PHYSICS 4U ONLINE ACADEMY,Guide for a/l science stream beginner,A/L Content,2020-06-30,7,934,False,0,9408,398,49,33800,2248,4.75,4.19,0.28,June,Tuesday,Guide for a/l science stream beginner,Mixed / General,Standard / Niche,Morning (5AM - 12PM),11.065051020408163,0.7762007356952311,15.566666666666666,604.3683083511777,9408.0,9.149421957006766,10.428245666832275,Standard  Niche
hsYtWhtAbxE,Anu Maths,G.C.E. A/L Sri Lanka Combined Maths 2019 II (A) - Part 01 Past Paper Discussion Sinhala Medium,A/L Content,2020-09-27,1,1393,False,0,9043,90,6,1900,2159,1.06,4.19,4.76,September,Sunday,GCE A/L Sri Lanka Combined Maths 2019 II A  Part 01 Past Paper Discussion Sinhala Medium,Sinhala Medium,Standard / Niche,Night / Late (10PM - 5AM),2.3222381952891737,3.0418713075336794,23.216666666666665,389.5046661880833,9043.0,9.10985683339786,7.550135342488429,Standard  Niche
xe2I2KEnNFY,Namal k.aranayake,"O/L Commerce ,A/L Accounting #accounting #ol #al #commerce",A/L Content,2023-04-26,8,9,False,0,4958,78,1,49,1218,1.59,4.07,101.18,April,Wednesday,O/L Commerce A/L Accounting accounting ol al commerce,Mixed / General,Standard / Niche,Morning (5AM - 12PM),3.247277127874143,6.022969512597131,0.15,33053.333333333336,4958.0,8.508959386489133,3.912023005428146,Standard  Niche
Ua2hiludf-k,Uni Life,Don't giveup on your dreams💯⚠️#sinhala 📚📍#motivation #srilanka #doctor,Motivation & Tips,2023-11-23,13,22,False,0,4023,289,4,37400,1007,7.28,4.0,0.11,November,Thursday,Dont giveup on your dreamssinhala motivation srilanka doctor,Sinhala Medium,Standard / Niche,Afternoon (12PM - 5PM),14.864528958488691,0.36464311358790924,0.36666666666666664,10971.818181818182,4023.0,8.300031711779575,10.529452721013085,Standard  Niche
ridtHiJ2_GY,korean with shani,“How to Pass the Korean EPS Exam – Sri Lanka 2025” “Korean EPS Test Tips & Tricks for Sri Lankan Job,Motivation & Tips,2025-07-27,12,20,False,40,1540,84,0,1200,395,5.45,3.9,1.28,July,Sunday,How to Pass the Korean EPS Exam  Sri Lanka 2025 Korean EPS Test Tips  Tricks for Sri Lankan Job,Mixed / General,Standard / Niche,Afternoon (12PM - 5PM),10.909090909090908,1.7904252462149184,0.3333333333333333,4620.0,38.5,7.340186835320115,7.0909098220799835,Standard  Niche
XKSsuzNERXI,Top 10 SL,ශ්‍රී ලංකාවේ හොදම විශ්වවිද්‍යාල 10 | Top 10 Universities in Sri Lanka #shorts #viral,General Education,2023-09-23,15,38,False,27,4161,107,2,6080,1068,2.62,3.9,0.68,September,Saturday,    10 | Top 10 Universities in Sri Lanka shorts viral,Mixed / General,Standard / Niche,Afternoon (12PM - 5PM),5.383321316991108,1.295274962732722,0.6333333333333333,6570.0,154.11111111111111,8.33375100695358,8.71292443512011,Standard  Niche
G8gnixykUmw,Mahesh Gayantha  ,A/L Combined  Maths -: ( වර්ගජ ශ්‍රිත )pure mathematics,A/L Content,2019-05-24,10,1252,False,9,10061,201,49,14500,2651,2.48,3.8,0.69,May,Friday,A/L Combined  Maths     pure mathematics,Mixed / General,Standard / Niche,Morning (5AM - 12PM),6.430772289036875,1.2870263594612217,20.866666666666667,482.15654952076676,1117.888888888889,9.216521231051264,9.581972891547895,Standard  Niche
XiVKWMCjPZ8,Accounting For You,A/L Commerce - උසස් පෙළ කොමර්ස් තෝරගන්න කලින් බලන්න,A/L Content,2025-03-11,3,741,False,0,2015,87,30,184,533,5.81,3.78,10.95,March,Tuesday,A/L Commerce       ,Mixed / General,Standard / Niche,Night / Late (10PM - 5AM),16.07940446650124,3.7469360755557455,12.35,163.1578947368421,2015.0,7.60887062919126,5.220355825078325,Standard  Niche
TZ8cTzk7yRs,ICT GURUWARAYA,OL ict revision 2022 pass paper  Discuss | ICT grade 11 2022 revision | grade 11 ict sinhala,O/L Content,2022-02-28,12,1767,False,25,6122,189,11,17400,1640,3.27,3.73,0.35,February,Monday,OL ict revision 2022 pass paper  Discuss | ICT grade 11 2022 revision | grade 11 ict sinhala,Sinhala Medium,Standard / Niche,Afternoon (12PM - 5PM),7.072852009147337,0.8352975726646231,29.45,207.87775891341258,244.88,8.719807451477955,9.76428295481558,Standard  Niche
TXI-m5KjbaI,Excellent Teaching,"2016 O/L Maths/Mathematics Paper 1 - Part B, Qusetion 4 - Answer Discussion",O/L Content,2020-12-05,4,712,False,14,7694,202,13,1140,2090,2.79,3.68,6.75,December,Saturday,2016 O/L Maths/Mathematics Paper 1  Part B Qusetion 4  Answer Discussion,Mixed / General,Standard / Niche,Night / Late (10PM - 5AM),6.095658955029894,3.2519236789144013,11.866666666666667,648.3707865168539,549.5714285714286,8.94832604627298,7.039660349862076,Standard  Niche
AwbMx9h0XBs,We 4,"After A/L/Undergraduate studies/Bio, Maths,Commerce,Arts/ apply කරන්න පුලුවන් Japanese  universities",A/L Content,2023-01-23,2,877,False,0,4799,125,85,2600,1311,4.38,3.66,1.85,January,Monday,After A/L/Undergraduate studies/Bio MathsCommerceArts/ apply   Japanese  universities,Mixed / General,Standard / Niche,Night / Late (10PM - 5AM),14.065430297978745,2.050398856227105,14.616666666666667,328.32383124287344,4799.0,8.476371196895983,7.8636512654486515,Standard  Niche
uGWJO4LaEss,Anu Maths,G.C.E. A/L Sri Lanka Combined Maths 2020 II (B) - Part 07 Past Paper Discussion Sinhala Medium,A/L Content,2024-06-13,16,1171,False,0,2940,26,2,1900,804,0.95,3.66,1.55,June,Thursday,GCE A/L Sri Lanka Combined Maths 2020 II B  Part 07 Past Paper Discussion Sinhala Medium,Sinhala Medium,Standard / Niche,Afternoon (12PM - 5PM),2.1088435374149657,1.8980695339214695,19.516666666666666,150.6404782237404,2940.0,7.9865049385539955,7.550135342488429,Standard  Niche
NHpd2PBV3LM,combined maths TV,Combined mathematics English medium for 2027 | First day introduction,General Education,2025-04-04,13,7751,False,0,1861,50,16,172,509,3.55,3.66,10.82,April,Friday,Combined mathematics English medium for 2027 | First day introduction,English Medium,Standard / Niche,Afternoon (12PM - 5PM),9.672219236969372,3.703797622821144,129.18333333333334,14.405883111856534,1861.0,7.529406457837013,5.153291594497779,Standard  Niche
d_CELedhG98,Samartha Edu center ,2018 OL  pass paper part  A #maths #olmaths #paper,O/L Content,2025-10-17,12,48,False,0,1142,36,0,122,313,3.15,3.65,9.36,October,Friday,2018 OL  pass paper part  A maths olmaths paper,Mixed / General,Standard / Niche,Afternoon (12PM - 5PM),6.304728546409807,3.560022831988932,0.8,1427.5,1142.0,7.04141166379481,4.812184355372417,Standard  Niche
JafUPQZhRmQ,CSEL College,A/L Economics | பொருளியலுக்கான அறிமுகம்.,A/L Content,2020-04-29,5,2161,False,9,8378,283,33,4940,2310,3.77,3.63,1.7,April,Wednesday,A/L Economics |  ,Mixed / General,Standard / Niche,Morning (5AM - 12PM),8.725232752446885,1.9700451149004377,36.016666666666666,232.61453031004166,930.8888888888889,9.033483854613287,8.50532301884575,Standard  Niche
BB6PaRzndbU,Northern Uni,Future-Ready IT Degree at Northern UNI | Study in Sri Lanka | 100% Placement Assured!,Motivation & Tips,2025-04-29,7,15,False,0,1686,9,0,770,484,0.53,3.48,2.19,April,Tuesday,FutureReady IT Degree at Northern UNI | Study in Sri Lanka | 100 Placement Assured,Mixed / General,Standard / Niche,Morning (5AM - 12PM),1.0676156583629894,2.1542242861235215,0.25,6744.0,1686.0,7.430707082545968,6.647688373563329,Standard  Niche
bmRLcZgmsaQ,ICT Revision,AL ICT Lesson 2 - History of computer,A/L Content,2020-06-06,14,347,False,4,7531,159,4,802,2272,2.16,3.31,9.39,June,Saturday,AL ICT Lesson 2  History of computer,Mixed / General,Standard / Niche,Afternoon (12PM - 5PM),4.488115788075953,3.4682608374676263,5.783333333333333,1302.1902017291065,1882.75,8.926915889777042,6.688354713946762,Standard  Niche
aIINYPVG3ss,So Sri Lankan,නව රජයේ මංගල අයවැය Government Budget for 2025 in Sri Lanka News Today #newslk #srilanka #newsl #akd,General Education,2025-02-17,8,7,False,11,1821,38,0,12800,555,2.09,3.28,0.14,February,Monday,    Government Budget for 2025 in Sri Lanka News Today newslk srilanka newsl akd,Mixed / General,Standard / Niche,Morning (5AM - 12PM),4.173531026908292,0.3778883403379299,0.11666666666666667,15608.571428571428,165.54545454545453,7.507690077819904,9.45727857185611,Standard  Niche
Ab8iN8nfPx0,AutoGen Studios,Top 10 Universities in Sri Lanka 📚🖋️📍 #uoj #uop #university #srilanka,General Education,2025-07-31,13,34,False,20,1278,11,2,37,391,1.02,3.27,34.54,July,Thursday,Top 10 Universities in Sri Lanka  uoj uop university srilanka,Mixed / General,Standard / Niche,Afternoon (12PM - 5PM),2.503912363067293,4.735722896741239,0.5666666666666667,2255.294117647059,63.9,7.153833801578843,3.6375861597263857,Standard  Niche
fIjJ5AjdEXU,Prabuddha Sampath,2018 O/L MATHS PAST PAPER DISCUSSION FREE WEBINAR,O/L Content,2021-05-31,18,7543,False,0,6210,340,31,58400,1913,5.97,3.25,0.11,May,Monday,2018 O/L MATHS PAST PAPER DISCUSSION FREE WEBINAR,Mixed / General,Standard / Niche,Prime Time (5PM - 10PM),13.446054750402576,0.3056447728259534,125.71666666666667,49.3967917274294,6210.0,8.734077192559303,10.975088291957388,Standard  Niche
C4SMVN4QRL4,ICT with Pamal,AL ICT Unit 02 - පරිගණක යුගයන් - History of Computer,A/L Content,2021-02-21,17,702,False,21,6294,164,6,996,2012,2.7,3.13,6.32,February,Sunday,AL ICT Unit 02     History of Computer,Mixed / General,Standard / Niche,Prime Time (5PM - 10PM),5.687956784238958,3.034067979819564,11.7,537.948717948718,299.7142857142857,8.747510946478448,6.904750769961838,Standard  Niche
8CkGVPUwWpw,Cambridge Commerce - Sri Lanka 0712218587,A/L Commerce In 6 months,A/L Content,2021-06-07,15,11,False,0,5951,62,1,103,1906,1.06,3.12,57.78,June,Monday,A/L Commerce In 6 months,Mixed / General,Standard / Niche,Afternoon (12PM - 5PM),2.1677029070744416,5.200007492155153,0.18333333333333332,32460.000000000004,5951.0,8.691482576512929,4.6443908991413725,Standard  Niche
010Sm9fNrgE,mentor of motivation ,vavuniya National College of Education sri lanka 🇱🇰❤️ (වව්නියා විද්‍යාපීඨය) #dream #teacher #proud,A/L Content,2025-06-22,6,49,False,0,1318,38,0,1560,430,2.88,3.07,0.84,June,Sunday,vavuniya National College of Education sri lanka    dream teacher proud,Mixed / General,Standard / Niche,Morning (5AM - 12PM),5.7663125948406675,1.2750275486913039,0.8166666666666667,1613.8775510204082,1318.0,7.1846291527173145,7.353081920515432,Standard  Niche
U6-NLwN6lh8,mr_vidu_official,India vs Sri Lanka,General Education,2025-07-14,1,13,False,0,1208,30,2,28,408,2.65,2.96,43.14,July,Monday,India vs Sri Lanka,Mixed / General,Standard / Niche,Night / Late (10PM - 5AM),5.7947019867549665,4.857440601611892,0.21666666666666667,5575.384615384615,1208.0,7.097548850614793,3.367295829986474,Standard  Niche
vLvXvwT_H8A,Tutr V,OL ICT Tamil Medium Past paper | G.C.E. O/L,O/L Content,2020-11-11,4,225,False,27,6163,114,11,1900,2114,2.03,2.92,3.24,November,Wednesday,OL ICT Tamil Medium Past paper | GCE O/L,Tamil Medium,Standard / Niche,Night / Late (10PM - 5AM),4.591919519714425,2.3476349375477543,3.75,1643.4666666666667,228.25925925925927,8.726481196440007,7.550135342488429,Standard  Niche
GpGuMryBCy0,varuni wijesundara,O/L ICT Revision 1,O/L Content,2017-10-18,12,1205,False,0,9310,89,8,212,3234,1.04,2.88,43.92,October,Wednesday,O/L ICT Revision 1,Mixed / General,Standard / Niche,Afternoon (12PM - 5PM),2.3415682062298604,4.848034792644128,20.083333333333332,463.5684647302905,9310.0,9.138951775888529,5.3612921657094255,Standard  Niche
YdmPEmk1tuw,Vishwaroo,O/L Chitha Kalawa Revision | Chithra kalawa grade 11 | art short note grade 11 | nie sha art,O/L Content,2021-10-10,17,702,False,31,5069,144,0,10600,1781,2.84,2.85,0.48,October,Sunday,O/L Chitha Kalawa Revision | Chithra kalawa grade 11 | art short note grade 11 | nie sha art,Mixed / General,Standard / Niche,Prime Time (5PM - 10PM),5.681594002761886,0.8620457170217593,11.7,433.2478632478633,163.51612903225808,8.531096096585228,9.268703615273097,Standard  Niche
f_ElyqS95OQ,Padiyathalawa National School,1st Place in all Sri Lanka | Padiyathalawa National School | Sinhala language Competition | Amasha,A/L Content,2024-10-24,10,51,False,3,1914,113,6,395,671,6.22,2.85,4.85,October,Thursday,1st Place in all Sri Lanka | Padiyathalawa National School | Sinhala language Competition | Amasha,Sinhala Medium,Standard / Niche,Morning (5AM - 12PM),13.375130616509928,2.6961462965993856,0.85,2251.764705882353,638.0,7.557472901614746,5.981414211254481,Standard  Niche
eQi0r79MfuY,University of Sri Jayewardenepura,A model paper for combined mathematics - G.C.E  A/L  2016,A/L Content,2016-07-11,8,2547,False,10,10310,46,4,104000,3698,0.48,2.79,0.1,July,Monday,A model paper for combined mathematics  GCE  A/L  2016,Mixed / General,Standard / Niche,Morning (5AM - 12PM),1.0863239573229873,0.24607852259670565,42.45,242.87396937573615,1031.0,9.240966565517944,11.552155793461898,Standard  Niche
aXFbFycdCNw,Diary of Brain,ශ්‍රී ලංකාවේ හොදම රාජ්‍ය විශ්වවිද්‍යාල 10 | top 10 universities in Sri Lanka | @DiaryofBrain,General Education,2024-06-07,10,36,False,8,2261,31,0,7400,810,1.37,2.79,0.31,June,Friday,     10 | top 10 universities in Sri Lanka | DiaryofBrain,Mixed / General,Standard / Niche,Morning (5AM - 12PM),2.7421494913754976,0.6232074323552635,0.6,3768.3333333333335,282.625,7.724004656676065,8.909370405197466,Standard  Niche
lTSVTAe4gYM,Maths lock,2022(2023) O/L Maths- part A discussion #ol #maths #discussion #2022,O/L Content,2023-07-05,18,34,False,0,3175,143,2,3070,1148,4.57,2.77,1.03,July,Wednesday,20222023 O/L Maths part A discussion ol maths discussion 2022,Mixed / General,Standard / Niche,Prime Time (5PM - 10PM),9.32283464566929,1.3488780191094585,0.5666666666666667,5602.941176470588,3175.0,8.063377822367027,8.029758520440822,Standard  Niche
kuzV6S7f0tY,Colombo Academy of Hospitality Management,Become a Pastry Chef | Study Australian Patisserie Courses in Sri Lanka 🇱🇰,Motivation & Tips,2025-05-27,9,28,False,11,1221,23,0,2490,456,1.88,2.68,0.49,May,Tuesday,Become a Pastry Chef | Study Australian Patisserie Courses in Sri Lanka ,Mixed / General,Standard / Niche,Morning (5AM - 12PM),3.7674037674037675,0.8386318473019262,0.4666666666666667,2616.4285714285716,111.0,7.108244139731541,7.820439515262181,Standard  Niche
0HdtOEyFAyU,Channel NIE,NIE Guru Gedara | A/L Combined Maths - Lesson 01 - Tamil Medium - 2020.04.28 - 04.00PM,A/L Content,2020-04-28,10,3136,False,7,6058,85,2,617000,2311,1.44,2.62,0.01,April,Tuesday,NIE Guru Gedara | A/L Combined Maths  Lesson 01  Tamil Medium  20200428  0400PM,Tamil Medium,Standard / Niche,Morning (5AM - 12PM),2.9712776493892377,0.02586265952572737,52.266666666666666,115.90561224489797,865.4285714285714,8.70930004894499,13.332625923631754,Standard  Niche
LMPanYF_5Q8,Bee Hive,O/L-PAST PAPER- (S)කෘෂි හා ආහාර තාක්ෂණය-Agriculture and Food Techno-2024-@BeeHive696 #sinhalamedium,O/L Content,2025-07-17,16,77,False,25,1040,48,0,1140,405,4.62,2.57,0.91,July,Thursday,O/LPAST PAPER S   Agriculture and Food Techno2024BeeHive696 sinhalamedium,Sinhala Medium,Standard / Niche,Afternoon (12PM - 5PM),9.230769230769232,1.205581509665352,1.2833333333333334,810.3896103896103,41.6,6.947937068614969,7.039660349862076,Standard  Niche
rpM8qjQX6sM,Samitha Dilshan,ICT Revision 6 අන්තර්ජාලයේ ඉතිහාසය   | AL ICT | OL ICT |,A/L Content,2020-05-17,2,198,False,12,5800,179,10,71500,2292,3.26,2.53,0.08,May,Sunday,ICT Revision 6     | AL ICT | OL ICT |,Mixed / General,Standard / Niche,Night / Late (10PM - 5AM),7.03448275862069,0.18431955945662767,3.3,1757.5757575757577,483.3333333333333,8.665785595466064,11.177466714598282,Standard  Niche
tdLOQSMZ0Ck,Uplift Education - Sri Lanka,Circle - Part 1 | A/L Maths | Pure Maths | வட்டம் பகுதி  1| உயர்தர தூய கணிதம்,A/L Content,2020-05-19,14,985,False,0,5566,168,25,12800,2290,3.47,2.43,0.43,May,Tuesday,Circle  Part 1 | A/L Maths | Pure Maths |    1|   ,Mixed / General,Standard / Niche,Afternoon (12PM - 5PM),8.282429033417175,0.7153488885436319,16.416666666666668,339.0456852791878,5566.0,8.624611588183507,9.45727857185611,Standard  Niche
TJceyjaN3Ks,Learn ICT - Dasun Nilanjana Sirimevan,Term Test Paper Discussion and Revision Grade 10 ICT   Sinhala Medium Part 1,Past Papers & Revision,2021-04-23,17,2152,False,15,4731,89,6,11400,1951,2.01,2.42,0.42,April,Friday,Term Test Paper Discussion and Revision Grade 10 ICT   Sinhala Medium Part 1,Sinhala Medium,Standard / Niche,Prime Time (5PM - 10PM),4.396533502430776,0.7013137432263387,35.86666666666667,131.90520446096653,315.4,8.462103225098277,9.34145634983372,Standard  Niche
ylb93CHIol4,Srilanka Stickman,10 most difficult exam in Sri lanka | ලංකාවෙ සමත් විමට අමාරැම විභාග👀👀,General Education,2024-05-23,8,18,False,1,2000,91,5,5030,825,4.8,2.42,0.4,May,Thursday,10 most difficult exam in Sri lanka |     ,Mixed / General,Standard / Niche,Morning (5AM - 12PM),10.35,0.6770177986300616,0.3,6666.666666666667,2000.0,7.601402334583733,8.523374050491318,Standard  Niche
BO6Ch6to4LA,Anu Maths,G.C.E. A/L Sri Lanka Combined Maths 2020 II (B) - Part 01 Past Paper Discussion Sinhala Medium,A/L Content,2024-06-09,16,1482,False,0,1930,23,1,1900,808,1.24,2.39,1.02,June,Sunday,GCE A/L Sri Lanka Combined Maths 2020 II B  Part 01 Past Paper Discussion Sinhala Medium,Sinhala Medium,Standard / Niche,Afternoon (12PM - 5PM),2.6424870466321244,1.2348317319119195,24.7,78.13765182186235,1930.0,7.565793282428515,7.550135342488429,Standard  Niche
DqgC7yAFnwQ,Edu Pedia ,ශ්‍රී ලංකාවෙ හොදම පාසල් 05 | Top 05 Best schools in sri lanka #shorts,General Education,2024-06-30,5,20,False,0,1863,51,2,12100,787,2.84,2.37,0.15,June,Sunday,    05 | Top 05 Best schools in sri lanka shorts,Mixed / General,Standard / Niche,Morning (5AM - 12PM),6.011808910359635,0.30417038995658313,0.3333333333333333,5589.0,1863.0,7.530479995245536,9.401043372798053,Standard  Niche
DCjhVT_m21g,Online Accounting,Why Commerce for A/Ls | A/L Commerce Benefits | Advantages of Commerce | Alternatives,A/L Content,2022-05-30,11,1986,False,22,3488,91,13,101000,1549,2.98,2.25,0.03,May,Monday,Why Commerce for A/Ls | A/L Commerce Benefits | Advantages of Commerce | Alternatives,Mixed / General,Standard / Niche,Morning (5AM - 12PM),7.081422018348624,0.06531946612064257,33.1,105.37764350453172,158.54545454545453,8.157370441186774,11.522885696764481,Standard  Niche
O13VoSBuoWg,Nisha creations💛,Dream university #university #Sri Lanka #logo #shorts #photos #mortivation #matara #colombo #kandy,General Education,2024-09-30,9,20,False,0,1550,0,4,744,695,0.26,2.23,2.08,September,Monday,Dream university university Sri Lanka logo shorts photos mortivation matara colombo kandy,Mixed / General,Standard / Niche,Morning (5AM - 12PM),1.2903225806451613,1.7296003373196687,0.3333333333333333,4650.0,1550.0,7.346655163176539,6.61338421837956,Standard  Niche
oeFJ8Nx09ds,Anu Maths,G.C.E. A/L Sri Lanka Combined Maths 2020 II (B) - Part 05 Past Paper Discussion Sinhala Medium,A/L Content,2024-06-13,16,1850,False,0,1770,24,1,1900,804,1.41,2.2,0.93,June,Thursday,GCE A/L Sri Lanka Combined Maths 2020 II B  Part 05 Past Paper Discussion Sinhala Medium,Sinhala Medium,Standard / Niche,Afternoon (12PM - 5PM),2.994350282485876,1.1138292544729702,30.833333333333332,57.40540540540541,1770.0,7.479299637782834,7.550135342488429,Standard  Niche
Vv62R3FQwIo,Anu Maths,G.C.E. A/L Sri Lanka Combined Maths 2019 I (A) - Part 02 Past Paper Discussion Sinhala Medium,A/L Content,2020-09-15,5,1480,False,0,4663,72,6,1900,2171,1.67,2.15,2.45,September,Tuesday,GCE A/L Sri Lanka Combined Maths 2019 I A  Part 02 Past Paper Discussion Sinhala Medium,Sinhala Medium,Standard / Niche,Morning (5AM - 12PM),3.7315033240403173,1.8353775510503114,24.666666666666668,189.04054054054052,4663.0,8.447628728030327,7.550135342488429,Standard  Niche
PAkmVwIxNmE,Science with Anpu,"Trigonometry | திரிகோண கணிதம் | Sin, Cos, Tan | Basic | Mathematics | Physics | Tamil | Sri Lanka |",General Education,2023-07-16,14,809,False,18,2448,78,3,768,1137,3.31,2.15,3.19,July,Sunday,Trigonometry |   | Sin Cos Tan | Basic | Mathematics | Physics | Tamil | Sri Lanka |,Tamil Medium,Standard / Niche,Afternoon (12PM - 5PM),6.985294117647059,2.061595748534247,13.483333333333333,181.55747836835602,136.0,7.803435056952168,6.645090969505644,Standard  Niche
SdWJ4QRnF_Y,SPS Aura,#Believer #Ringtone l #Sri #Lankan #Version l #Sandaru #Sathsara l #Sp #Screaming #Globally,General Education,2021-07-25,16,57,False,0,3997,73,0,443,1858,1.83,2.15,9.02,July,Sunday,Believer Ringtone l Sri Lankan Version l Sandaru Sathsara l Sp Screaming Globally,Mixed / General,Standard / Niche,Afternoon (12PM - 5PM),3.6527395546659993,3.01519170471021,0.95,4207.368421052632,3997.0,8.293549515060345,6.095824562432225,Standard  Niche
UgCSxvc8NZc,Sameera Widanagedara Education,O/L History Seminar @ Kegalle | සා. පෙළ එක් දින ඉතිහාසය වැඩ මුලුව. - කෑගල්ල.,O/L Content,2022-03-28,13,235,False,15,3406,164,34,110000,1612,5.81,2.11,0.03,March,Monday,O/L History Seminar  Kegalle |         ,Mixed / General,Standard / Niche,Afternoon (12PM - 5PM),14.62125660598943,0.06137727967490342,3.9166666666666665,869.6170212765958,227.06666666666666,8.133587417660966,11.608244735642321,Standard  Niche
vbn3iuyP8_I,Anu Maths,G.C.E. A/L Sri Lanka Combined Maths 2019 II (B) -Part 02 Past Paper Discussion Sinhala Medium,A/L Content,2020-10-06,1,1318,False,0,4434,60,7,1900,2150,1.51,2.06,2.33,October,Tuesday,GCE A/L Sri Lanka Combined Maths 2019 II B Part 02 Past Paper Discussion Sinhala Medium,Sinhala Medium,Standard / Niche,Night / Late (10PM - 5AM),3.4957149300857013,1.757823434199209,21.966666666666665,201.85128983308044,4434.0,8.39728289474368,7.550135342488429,Standard  Niche
X2F3U7G2F64,Nahaar’s dream diary 📔💖 2M views • 1 day,Mini study vlog ☕️📚 ||A/L 2023📖 |productivity vlog #shorts #shortfeed #study,A/L Content,2023-09-10,11,16,False,11,2199,84,2,61,1081,3.91,2.03,36.05,September,Sunday,Mini study vlog  ||A/L 2023 |productivity vlog shorts shortfeed study,Mixed / General,Standard / Niche,Morning (5AM - 12PM),8.094588449295134,4.306514792940852,0.26666666666666666,8246.25,199.9090909090909,7.696212639346407,4.127134385045092,Standard  Niche
yMd9zfG8nG0,Dr Shakir,A/L in Sri Lanka Bio/Math Class Introduction at City College Mawanella for 2026 Batch Dr. Shakir,A/L Content,2024-05-21,16,2117,False,0,1670,76,8,4930,827,5.03,2.02,0.34,May,Tuesday,A/L in Sri Lanka Bio/Math Class Introduction at City College Mawanella for 2026 Batch Dr Shakir,Mixed / General,Standard / Niche,Afternoon (12PM - 5PM),11.497005988023952,0.5228332428902678,35.28333333333333,47.33112895606991,1670.0,7.421177528595393,8.503297086224126,Standard  Niche
8fjRScs-hdc,day2day,ශ්‍රී ලංකා පදනම  Sri Lanka Foundation #srilanka #slf #colombo,General Education,2024-08-03,14,6,False,0,1510,19,0,1810,753,1.26,2.01,0.83,August,Saturday,    Sri Lanka Foundation srilanka slf colombo,Mixed / General,Standard / Niche,Afternoon (12PM - 5PM),2.5165562913907285,0.9814415655101604,0.1,15100.0,1510.0,7.32052696227274,7.501634457883413,Standard  Niche
tSKMl8r1jto,EDU TECH,🔥EDU TECH🔥COMMERCE சில்லறை காசேடு O/L 2016-23 past paper #shorts  #pastpaper #tamilmedium #gceol,O/L Content,2024-02-04,4,6,False,31,1853,33,0,2570,934,1.78,1.98,0.72,February,Sunday,EDU TECHCOMMERCE   O/L 201623 past paper shorts  pastpaper tamilmedium gceol,Tamil Medium,Standard / Niche,Night / Late (10PM - 5AM),3.5617916891527255,0.8860789164659155,0.1,18530.0,59.774193548387096,7.5251007461258,7.852050207265889,Standard  Niche
z2QRvw9kFK4,Expert Tutor,Sri Lanka GCE A/L Physics Practicals 4 | How to Calculate Percentage Error? | in Tamil,A/L Content,2020-05-21,2,737,False,0,4459,98,11,40900,2288,2.44,1.95,0.11,May,Thursday,Sri Lanka GCE A/L Physics Practicals 4 | How to Calculate Percentage Error | in Tamil,Tamil Medium,Standard / Niche,Night / Late (10PM - 5AM),5.629064812738282,0.19433246946009014,12.283333333333333,363.0122116689281,4459.0,8.40290404501411,10.61890979160975,Standard  Niche
dil1j3ofYn0,Anu Maths,G.C.E. A/L Sri Lanka Combined Maths 2019 II (B) - Part 07 Past Paper Discussion Sinhala Medium,A/L Content,2020-10-06,5,1093,False,0,4192,85,14,1900,2150,2.36,1.95,2.21,October,Tuesday,GCE A/L Sri Lanka Combined Maths 2019 II B  Part 07 Past Paper Discussion Sinhala Medium,Sinhala Medium,Standard / Niche,Morning (5AM - 12PM),5.7251908396946565,1.669497668861763,18.216666666666665,230.11893870082343,4192.0,8.341171747170762,7.550135342488429,Standard  Niche
i_mKOgw2Vuo,Anu Maths,G. C .E . A/L Sri Lanka Combined Maths 2017 II (A) Past Paper Discussion Sinhala Medium-Part 02,A/L Content,2020-08-24,1,1144,False,0,4240,58,5,1900,2193,1.49,1.93,2.23,August,Monday,G C E  A/L Sri Lanka Combined Maths 2017 II A Past Paper Discussion Sinhala MediumPart 02,Sinhala Medium,Standard / Niche,Night / Late (10PM - 5AM),3.3254716981132075,1.668442399010504,19.066666666666666,222.37762237762237,4240.0,8.352554369474591,7.550135342488429,Standard  Niche
I9pH9cJGvvo,Expert Tutor,Sri Lanka GCE A/L Physics Practicals 3 | Question regarding Percentage Error in Tamil,A/L Content,2020-05-21,2,423,False,0,4293,89,5,40900,2288,2.19,1.88,0.1,May,Thursday,Sri Lanka GCE A/L Physics Practicals 3 | Question regarding Percentage Error in Tamil,Tamil Medium,Standard / Niche,Night / Late (10PM - 5AM),4.728627999068251,0.1722712209404532,7.05,608.936170212766,4293.0,8.364973978438726,10.61890979160975,Standard  Niche
0vULKOBBxSo,Anu Maths,G.C.E. A/L Sri Lanka Combined Maths 2017 I (B)-Part 02 Past Paper Discussion Sinhala Medium,A/L Content,2020-08-14,1,1058,False,0,4125,82,7,1900,2203,2.16,1.87,2.17,August,Friday,GCE A/L Sri Lanka Combined Maths 2017 I BPart 02 Past Paper Discussion Sinhala Medium,Sinhala Medium,Standard / Niche,Night / Late (10PM - 5AM),4.824242424242424,1.6209513773919912,17.633333333333333,233.9319470699433,4125.0,8.325063693631197,7.550135342488429,Standard  Niche
iN8W9qNEqCk,Anu Maths,G.C.E. A/L Sri Lanka Combined Maths 2017 II (B) - Part 02 Past Paper Discussion Sinhala Medium,A/L Content,2020-09-09,1,1148,False,0,3927,50,8,1900,2177,1.48,1.8,2.07,September,Wednesday,GCE A/L Sri Lanka Combined Maths 2017 II B  Part 02 Past Paper Discussion Sinhala Medium,Sinhala Medium,Standard / Niche,Night / Late (10PM - 5AM),3.5650623885918007,1.553079178764716,19.133333333333333,205.2439024390244,3927.0,8.275885669474356,7.550135342488429,Standard  Niche
ncmdpOmpYiI,Iklid Learning - English Medium Academy,OL ICT 2019 PASTPAPER - English medium (Part 1),O/L Content,2023-05-12,10,2313,False,0,2165,42,8,10600,1202,2.31,1.8,0.2,May,Friday,OL ICT 2019 PASTPAPER  English medium Part 1,English Medium,Standard / Niche,Morning (5AM - 12PM),5.727482678983834,0.30748469974796067,38.55,56.16083009079119,2165.0,7.680637427560936,9.268703615273097,Standard  Niche
rZp9_SQu8OM,Muslim Majlis USJ,A_L Guidance Program - Commerce Stream (Tamil Medium) 2022,General Education,2022-06-17,13,1479,False,0,2678,91,7,4540,1531,3.66,1.75,0.59,June,Friday,AL Guidance Program  Commerce Stream Tamil Medium 2022,Tamil Medium,Standard / Niche,Afternoon (12PM - 5PM),8.103061986557131,0.7092665624398286,24.65,108.64097363083165,2678.0,7.893198869544609,8.420902531097951,Standard  Niche
M-ol6g46iUE,Anu Maths,G.C.E. A/L Sri Lanka Combined Maths 2018 II (B) - Part 02 Past Paper Discussion Sinhala Medium,A/L Content,2020-12-14,0,1222,False,0,3591,75,3,1900,2081,2.17,1.73,1.89,December,Monday,GCE A/L Sri Lanka Combined Maths 2018 II B  Part 02 Past Paper Discussion Sinhala Medium,Sinhala Medium,Standard / Niche,Night / Late (10PM - 5AM),4.594820384294068,1.4515435671611103,20.366666666666667,176.31751227495909,3591.0,8.18646442942209,7.550135342488429,Standard  Niche
xhKF3pR3fHc,Al Esa News Channel,GCE O/L ICT Grade 10 Lesson 01,O/L Content,2015-05-05,20,1222,False,0,6849,25,1,46,4131,0.38,1.66,148.89,May,Tuesday,GCE O/L ICT Grade 10 Lesson 01,Mixed / General,Standard / Niche,Prime Time (5PM - 10PM),0.8030369396992261,5.514063222261802,20.366666666666667,336.2847790507365,6849.0,8.83200393125627,3.8501476017100584,Standard  Niche
x-DedUd_3Kk,Anu Maths,G.C.E. A/L Sri Lanka Combined Maths 2020 I (B) - Part 01 Past Paper Discussion Sinhala Medium,A/L Content,2024-05-28,13,1695,False,0,1349,27,3,1900,820,2.22,1.65,0.71,May,Tuesday,GCE A/L Sri Lanka Combined Maths 2020 I B  Part 01 Past Paper Discussion Sinhala Medium,Sinhala Medium,Standard / Niche,Afternoon (12PM - 5PM),5.114899925871016,0.7754181729927395,28.25,47.75221238938053,1349.0,7.2078598714324755,7.550135342488429,Standard  Niche
HkBsjwNXV1Y,Expert Tutor,Sri Lanka GCE A/L Physics Experiment 28 | Determine the Focal Length of the Lens in Tamil | part 2,A/L Content,2020-06-23,2,1313,False,0,3670,106,8,40900,2255,3.11,1.63,0.09,June,Tuesday,Sri Lanka GCE A/L Physics Experiment 28 | Determine the Focal Length of the Lens in Tamil | part 2,Tamil Medium,Standard / Niche,Night / Late (10PM - 5AM),6.866485013623978,0.13688825206212166,21.883333333333333,167.70753998476772,3670.0,8.208219383496834,10.61890979160975,Standard  Niche
MCqIitWlicw,Mrs tech motivational tamil,Competitive examination in Sri Lanka.  SLEAS exam . highest study.  #shorts #study #motivation,Motivation & Tips,2023-07-06,4,15,False,0,1871,0,0,141,1147,0.0,1.63,13.27,July,Thursday,Competitive examination in Sri Lanka  SLEAS exam  highest study  shorts study motivation,Mixed / General,Standard / Niche,Night / Late (10PM - 5AM),0.0,3.11928087854863,0.25,7484.0,1871.0,7.534762657037537,4.955827057601261,Standard  Niche
YXywwGhvfj4,SL SCIENCE,ශ්‍රීලංකාවේ හොඳම විශ්ව විද්‍යාල 7 | top 7 best universities in Sri Lanka😍,General Education,2024-06-16,9,15,False,17,1270,33,0,8350,801,2.6,1.59,0.15,June,Sunday,    7 | top 7 best universities in Sri Lanka,Mixed / General,Standard / Niche,Morning (5AM - 12PM),5.196850393700787,0.2139009699472772,0.25,5080.0,74.70588235294117,7.147559271189454,9.03013657115323,Standard  Niche
dlCb2_E4xLk,Anu Maths,G.C.E. A/L Sri Lanka Combined Maths 2019 II (A) - Part 02 Past Paper Discussion Sinhala Medium,A/L Content,2020-09-27,2,1471,False,0,3432,56,8,1900,2159,1.86,1.59,1.81,September,Sunday,GCE A/L Sri Lanka Combined Maths 2019 II A  Part 02 Past Paper Discussion Sinhala Medium,Sinhala Medium,Standard / Niche,Night / Late (10PM - 5AM),4.428904428904429,1.3552937700001026,24.516666666666666,139.98640380693408,3432.0,8.141189793457691,7.550135342488429,Standard  Niche
R0wrrJv9EFU,commerce iskole,O/L වලින් පසුව A/L වලට Commerce කරන එකේ වැදගත්කම / Seminar 01 / Commerce iskole,A/L Content,2021-10-14,8,3194,False,29,2764,107,29,13000,1777,4.92,1.56,0.21,October,Thursday,O/L   A/L  Commerce    / Seminar 01 / Commerce iskole,Mixed / General,Standard / Niche,Morning (5AM - 12PM),12.988422575976847,0.2833728008636825,53.233333333333334,51.922354414527234,95.3103448275862,7.9247959139564355,9.472781556562168,Standard  Niche
2iOG5W5_16I,Anu Maths,G.C.E. A/L Sri Lanka Combined Maths 2018 I (B) - Part 04 Past Paper Discussion Sinhala Medium,A/L Content,2020-12-01,1,1273,False,0,3240,53,3,1900,2094,1.73,1.55,1.71,December,Tuesday,GCE A/L Sri Lanka Combined Maths 2018 I B  Part 04 Past Paper Discussion Sinhala Medium,Sinhala Medium,Standard / Niche,Night / Late (10PM - 5AM),3.734567901234568,1.2948641445140034,21.216666666666665,152.71013354281226,3240.0,8.083637203141548,7.550135342488429,Standard  Niche
EbsDFw2wtUg,Anu Maths,G.C.E. A/L Sri Lanka Combined Maths 2018 II (B) - Part 03 Past Paper Discussion Sinhala Medium,A/L Content,2020-12-14,0,1129,False,0,3203,54,5,1900,2081,1.84,1.54,1.69,December,Monday,GCE A/L Sri Lanka Combined Maths 2018 II B  Part 03 Past Paper Discussion Sinhala Medium,Sinhala Medium,Standard / Niche,Night / Late (10PM - 5AM),4.152357165157665,1.281655807007321,18.816666666666666,170.22143489813996,3203.0,8.07215530818825,7.550135342488429,Standard  Niche
kXs-qarm5Qk,Anu Maths,G.C.E. A/L Sri Lanka Combined Maths 2020 II (A) - Part 02 Past Paper Discussion Sinhala Medium,A/L Content,2024-06-07,14,1432,False,0,1232,8,1,1900,810,0.73,1.52,0.65,June,Friday,GCE A/L Sri Lanka Combined Maths 2020 II A  Part 02 Past Paper Discussion Sinhala Medium,Sinhala Medium,Standard / Niche,Afternoon (12PM - 5PM),1.7045454545454544,0.6871291082343823,23.866666666666667,51.62011173184357,1232.0,7.117205503164344,7.550135342488429,Standard  Niche
i9K0n43p-fs,Legal Eye - නීතිමය ඇස,Traffic Rules Sri Lanka | law for all,General Education,2024-03-09,14,32,False,29,1372,29,12,17,900,2.99,1.52,80.71,March,Saturday,Traffic Rules Sri Lanka | law for all,Mixed / General,Standard / Niche,Afternoon (12PM - 5PM),8.60058309037901,4.817691116512888,0.5333333333333333,2572.5,47.310344827586206,7.224753405767971,2.8903717578961645,Standard  Niche
258RubJNrvE,Jeewantha Herath,නව දැක්මක පෙරගමන්කරු....   Jeewantha Herath | 2024 | Sri Lanka,General Education,2024-11-06,10,31,False,29,1003,36,3,3450,658,3.89,1.52,0.29,November,Wednesday,     Jeewantha Herath | 2024 | Sri Lanka,Mixed / General,Standard / Niche,Morning (5AM - 12PM),8.673978065802594,0.36519851487960925,0.5166666666666667,1941.290322580645,34.58620689655172,6.911747300251674,8.146419323098003,Standard  Niche
4463uE2xf4Y,LMDM Unit,Agricultural Science -  மீட்டல் 5 - கூட்டெரு தயாரிப்பு   | A/L | Tamil Medium | LMDM Unit,A/L Content,2020-06-05,1,3171,False,9,3461,99,2,82900,2273,2.92,1.52,0.04,June,Friday,Agricultural Science    5      | A/L | Tamil Medium | LMDM Unit,Tamil Medium,Standard / Niche,Night / Late (10PM - 5AM),6.009823750361167,0.05902334044946101,52.85,65.4872280037843,384.55555555555554,8.149601735736155,11.325402403776808,Standard  Niche
P56t6F7OCLQ,Anu Maths,G.C.E. A/L Sri Lanka Combined Maths 2020 II (B) - Part 03 Past Paper Discussion Sinhala Medium,A/L Content,2024-06-09,17,1101,False,0,1227,16,1,1900,808,1.39,1.52,0.65,June,Sunday,GCE A/L Sri Lanka Combined Maths 2020 II B  Part 03 Past Paper Discussion Sinhala Medium,Sinhala Medium,Standard / Niche,Prime Time (5PM - 10PM),3.015484922575387,0.6871291082343823,18.35,66.86648501362397,1227.0,7.113142108707088,7.550135342488429,Standard  Niche
W7ZQ8vMIBCY,Kasun Godawatta,"O/L  ICT ‌ගොඩදාන හැටි  ""Mastering OL ICT in 4 Months: Your Ultimate Exam Success Blueprint! 🚀",O/L Content,2024-01-09,16,53,False,0,1437,64,2,192,960,4.59,1.5,7.48,January,Tuesday,O/L  ICT    Mastering OL ICT in 4 Months Your Ultimate Exam Success Blueprint ,Mixed / General,Standard / Niche,Afternoon (12PM - 5PM),9.603340292275574,2.503073953743449,0.8833333333333333,1626.7924528301887,1437.0,7.271008538280992,5.262690188904886,Standard  Niche
F1IrGrR2aT4,Anu Maths,G.C.E. A/L Sri Lanka Combined Maths 2017 II (B) - Part 05 Past Paper Discusiion Sinhala Medium,A/L Content,2020-09-09,2,1124,False,0,3196,51,7,1900,2177,1.81,1.47,1.68,September,Wednesday,GCE A/L Sri Lanka Combined Maths 2017 II B  Part 05 Past Paper Discusiion Sinhala Medium,Sinhala Medium,Standard / Niche,Night / Late (10PM - 5AM),4.286608260325407,1.2440393135390193,18.733333333333334,170.60498220640568,3196.0,8.069968149059841,7.550135342488429,Standard  Niche
BRm1l3apmSw,Learning Lanka,Jathika Pasala OL History 2014 Revision 1,O/L Content,2014-11-25,11,2422,False,0,6258,25,2,20300,4292,0.43,1.46,0.31,November,Tuesday,Jathika Pasala OL History 2014 Revision 1,Mixed / General,Standard / Niche,Morning (5AM - 12PM),0.9587727708533078,0.37335505418993076,40.36666666666667,155.02890173410404,6258.0,8.7417757069247,9.918425424900335,Standard  Niche
_lFQUfNvNWc,ICT GURUWARAYA,OL ICT Revision 2022 /2023 pass paper discussing |ICT O/L 2022 revision |grade11 ICT sinhala medium,O/L Content,2022-12-23,0,2742,False,17,1948,50,9,17400,1342,3.03,1.45,0.11,December,Friday,OL ICT Revision 2022 /2023 pass paper discussing |ICT O/L 2022 revision |grade11 ICT sinhala medium,Sinhala Medium,Standard / Niche,Night / Late (10PM - 5AM),7.443531827515401,0.1479888777134493,45.7,42.625820568927786,114.58823529411765,7.575071699507561,9.76428295481558,Standard  Niche
83OZ0YNybhA,Jude Kathurusingha,O/L ICT HTML Seminar | HTML සම්මන්ත්‍රණය,O/L Content,2022-04-24,17,2147,False,28,2207,114,8,73600,1585,5.53,1.39,0.03,April,Sunday,O/L ICT HTML Seminar | HTML ,Mixed / General,Standard / Niche,Prime Time (5PM - 10PM),12.143180788400544,0.040853994008266045,35.78333333333333,61.6767582673498,78.82142857142857,7.699842407396986,11.206413891581187,Standard  Niche
iAOMzJ-3_sQ,Anu Maths,G.C.E. A/L Sri Lanka Combined Maths 2017 II (B) - Part 03 Past Paper Discussion Sinhala Medium,A/L Content,2020-09-09,1,935,False,0,2950,42,2,1900,2177,1.49,1.36,1.55,September,Wednesday,GCE A/L Sri Lanka Combined Maths 2017 II B  Part 03 Past Paper Discussion Sinhala Medium,Sinhala Medium,Standard / Niche,Night / Late (10PM - 5AM),3.186440677966101,1.1339794325054011,15.583333333333334,189.3048128342246,2950.0,7.989899374942939,7.550135342488429,Standard  Niche
RZrzFBghDno,TOP 10 SRI LANKA,Top 10 campuses in Sri Lanka🥰😊|ලංකාවෙව් හොදම කැම්පස් 10😊🥰,General Education,2023-08-02,9,37,False,5,1508,47,0,14,1120,3.12,1.35,107.71,August,Wednesday,Top 10 campuses in Sri Lanka|   10,Mixed / General,Standard / Niche,Morning (5AM - 12PM),6.23342175066313,4.9864006599510775,0.6166666666666667,2445.4054054054054,301.6,7.319202458767849,2.70805020110221,Standard  Niche
tK-2xi1e1Xw,Anu Maths,G.C.E. A/L Sri Lanka Combined Maths 2018 II (B) - Part 05 Past Paper Discussion Sinhala Medium,A/L Content,2020-12-14,1,1039,False,0,2774,38,4,1900,2081,1.51,1.33,1.46,December,Monday,GCE A/L Sri Lanka Combined Maths 2018 II B  Part 05 Past Paper Discussion Sinhala Medium,Sinhala Medium,Standard / Niche,Night / Late (10PM - 5AM),3.460706560922855,1.0790216389031055,17.316666666666666,160.19249278152068,2774.0,7.928406026180535,7.550135342488429,Standard  Niche
395DmhyRmRw,Anu Maths,G.C.E. A/L Sri Lanka Combined Maths 2020 I (B) - Part 02 Past Paper Discussion Sinhala Medium,A/L Content,2024-05-28,14,1205,False,0,1082,21,6,1900,820,2.5,1.32,0.57,May,Tuesday,GCE A/L Sri Lanka Combined Maths 2020 I B  Part 02 Past Paper Discussion Sinhala Medium,Sinhala Medium,Standard / Niche,Afternoon (12PM - 5PM),6.654343807763401,0.5609862769576064,20.083333333333332,53.87551867219917,1082.0,6.9874902470009905,7.550135342488429,Standard  Niche
8Aktv612_9Y,meucherrii 므체리,"The 90th TOPIK Exam 2023 Colombo, Sri Lanka - Registration PART 01 #topik #90thTOPIK #topikexam",General Education,2023-07-21,21,58,False,0,1466,28,10,774,1132,2.59,1.3,1.89,July,Friday,The 90th TOPIK Exam 2023 Colombo Sri Lanka  Registration PART 01 topik 90thTOPIK topikexam,Mixed / General,Standard / Niche,Prime Time (5PM - 10PM),7.230559345156889,1.2404011609394874,0.9666666666666667,1516.551724137931,1466.0,7.2909747781429814,6.652863029353347,Standard  Niche
zoo-mwoUpNI,EDUCATION WAMH,o/l 2022 | o/l maths paper | revision | 11 wasara ganithaya | education wamh,O/L Content,2023-05-23,14,53,False,28,1531,76,0,15100,1191,4.96,1.29,0.1,May,Tuesday,o/l 2022 | o/l maths paper | revision | 11 wasara ganithaya | education wamh,Mixed / General,Standard / Niche,Afternoon (12PM - 5PM),9.928151534944481,0.12133228516752496,0.8833333333333333,1733.2075471698113,54.67857142857143,7.3343293503005365,9.62251624577579,Standard  Niche
NgO6CItsseA,Mr Dhammika,වසර 170 ක්‌ පැරණි ඈපා ලිත: Oldest Publisher in Ceylon | Sri Lanka,General Education,2023-07-16,3,20,False,0,1422,14,0,85400,1137,0.98,1.25,0.02,July,Sunday, 170     Oldest Publisher in Ceylon | Sri Lanka,Mixed / General,Standard / Niche,Night / Late (10PM - 5AM),1.969057665260197,0.0246926125903715,0.3333333333333333,4266.0,1422.0,7.260522598089852,11.355113089309977,Standard  Niche
J-jR8MPMbf4,Anu Maths,G.C.E. A/L Sri Lanka Combinned Maths 2017 II (B) - Part 06 Past Paper Discussion Sinhala Medium,A/L Content,2020-09-09,3,1241,False,0,2704,44,8,1900,2177,1.92,1.24,1.42,September,Wednesday,GCE A/L Sri Lanka Combinned Maths 2017 II B  Part 06 Past Paper Discussion Sinhala Medium,Sinhala Medium,Standard / Niche,Night / Late (10PM - 5AM),4.733727810650888,1.0155204928016566,20.683333333333334,130.73327961321516,2704.0,7.902857191280582,7.550135342488429,Standard  Niche
eswHQty9p4s,Tutor Sureshkumar,#Science for Technology || A/L || Chapter 1 .1 || தள உருவங்களின் பரப்பளவு,A/L Content,2021-06-02,17,1645,False,6,2372,123,18,1800,1911,5.94,1.24,1.32,June,Wednesday,Science for Technology || A/L || Chapter 1 1 ||   ,Mixed / General,Standard / Niche,Prime Time (5PM - 10PM),14.165261382799327,0.9695660607330155,27.416666666666668,86.51671732522796,395.3333333333333,7.771910256435763,7.496097345175956,Standard  Niche
YTgD7OJGXdE,Anu Maths,G.C.E. A/L Sri Lanka Combined Maths 2019 I (B) - Part 02 Past Paper Discussion Sinhala Medium,A/L Content,2020-09-18,4,1288,False,0,2683,34,5,1900,2168,1.45,1.24,1.41,September,Friday,GCE A/L Sri Lanka Combined Maths 2019 I B  Part 02 Past Paper Discussion Sinhala Medium,Sinhala Medium,Standard / Niche,Night / Late (10PM - 5AM),3.4662691017517706,1.0110189241747838,21.466666666666665,124.98447204968944,2683.0,7.895063498091573,7.550135342488429,Standard  Niche
0_FbisWr8Nc,Channel NIE,NIE Guru Gedara | A/L Combined Maths - Lesson 02 - Tamil Medium - 2020.04.28 - 05.00PM,A/L Content,2020-04-28,11,3304,False,7,2859,34,7,617000,2311,1.43,1.24,0.0,April,Tuesday,NIE Guru Gedara | A/L Combined Maths  Lesson 02  Tamil Medium  20200428  0500PM,Tamil Medium,Standard / Niche,Morning (5AM - 12PM),3.60265827212312,0.0,55.06666666666667,51.91888619854721,408.42857142857144,7.958576903813898,13.332625923631754,Standard  Niche
GMgCXcd_Cvw,Anura Sampath,ශ්‍රී ලංකාවේ විශ්ව විදයාල 10ක්.10 Universities in Sri Lanka 🏘️👩‍🎓 #srilanka #university #viral,General Education,2023-09-08,6,56,False,10,1315,34,0,980,1083,2.59,1.21,1.34,September,Friday,    1010 Universities in Sri Lanka  srilanka university viral,Mixed / General,Standard / Niche,Morning (5AM - 12PM),5.171102661596958,0.963708526203308,0.9333333333333333,1408.9285714285713,131.5,7.182352111885263,6.8885724595653635,Standard  Niche
l9q2RH-sEdE,Online Panthiya,O/L 2016 Mathematics Past Paper Discussion Part 1-B (English Medium) | (o/l) | Ordinary  Level,O/L Content,2020-04-02,23,2202,False,0,2807,49,10,1850,2337,2.1,1.2,1.52,April,Thursday,O/L 2016 Mathematics Past Paper Discussion Part 1B English Medium | o/l | Ordinary  Level,English Medium,Standard / Niche,Night / Late (10PM - 5AM),5.272532953330958,1.0381543196309955,36.7,76.48501362397819,2807.0,7.940227765145702,7.523481312573497,Standard  Niche
Eec7mLSqwtk,Anu Maths,G.C.E. A/L Sri Lanka Combined Maths 2019 II (B) - Part 03 Past Paper Discussion Sinhala Medium,A/L Content,2020-10-06,2,1204,False,0,2555,38,3,1900,2150,1.6,1.19,1.34,October,Tuesday,GCE A/L Sri Lanka Combined Maths 2019 II B  Part 03 Past Paper Discussion Sinhala Medium,Sinhala Medium,Standard / Niche,Night / Late (10PM - 5AM),3.5616438356164384,0.953432362154775,20.066666666666666,127.32558139534883,2555.0,7.846198815497425,7.550135342488429,Standard  Niche
FOMiwEVnKfk,Muslim Majlis USJ,A/L Combined Maths | Session 1 | Past Paper Explanation - 2016 | English Medium,A/L Content,2021-07-20,0,8306,False,0,2210,51,8,4540,1863,2.67,1.19,0.49,July,Tuesday,A/L Combined Maths | Session 1 | Past Paper Explanation  2016 | English Medium,English Medium,Standard / Niche,Night / Late (10PM - 5AM),6.4253393665158365,0.4593849500975948,138.43333333333334,15.964363111004094,2210.0,7.701200180857446,8.420902531097951,Standard  Niche
pJvG0NyZBvw,Blooming Minds,අනුමාන ප්‍රශ්න | ලෝක මහා සංග්‍රාම | O/L History lessons -Part 3,O/L Content,2020-05-22,5,680,False,20,2678,97,16,1910,2287,4.22,1.17,1.4,May,Friday,  |    | O/L History lessons Part 3,Mixed / General,Standard / Niche,Morning (5AM - 12PM),10.231516056758776,0.9700210542951229,11.333333333333334,236.2941176470588,133.9,7.893198869544609,7.555381944240273,Standard  Niche
z2yLHo_KiVM,Digital Accounting in Tamil,Free Webinar - Tamil Medium G.C.E A/L Commerce Students,A/L Content,2020-11-07,16,50,False,30,2382,80,6,36400,2118,3.61,1.12,0.07,November,Saturday,Free Webinar  Tamil Medium GCE A/L Commerce Students,Tamil Medium,Standard / Niche,Afternoon (12PM - 5PM),7.976490344248531,0.07547846117590555,0.8333333333333334,2858.4,79.4,7.776115477098742,10.502351525774941,Standard  Niche
oig5_-N6MsA,Anu Maths,G.C.E. A/L Sri Lanka Combined Maths 2017 I (B)-Part 04 Past Paper Discussion Sinhala Medium,A/L Content,2020-08-18,1,771,False,0,2460,31,5,1900,2199,1.46,1.12,1.29,August,Tuesday,GCE A/L Sri Lanka Combined Maths 2017 I BPart 04 Past Paper Discussion Sinhala Medium,Sinhala Medium,Standard / Niche,Night / Late (10PM - 5AM),3.536585365853658,0.8939633199900643,12.85,191.4396887159533,2460.0,7.8083230503910555,7.550135342488429,Standard  Niche
9HhHkLSIUbk,SHARK ENTERTAINMENT,2015 O/L Maths Exam past paper|Tamil medium|#maths #mathshorts #grade11 #tamil #trending #education,O/L Content,2023-04-20,11,28,False,0,1367,0,1,917,1224,0.07,1.12,1.49,April,Thursday,2015 O/L Maths Exam past paper|Tamil medium|maths mathshorts grade11 tamil trending education,Tamil Medium,Standard / Niche,Morning (5AM - 12PM),0.36576444769568395,0.9816289331822906,0.4666666666666667,2929.285714285714,1367.0,7.221105098182496,6.822197390620491,Standard  Niche
87_agVyPpDw,Channel NIE,NIE Guru Gedara | A/L Combined Maths - Lesson 12 - Tamil Medium - 2020.05.19 - 18.00 p.m,A/L Content,2020-05-19,14,3506,False,8,2547,44,3,617000,2290,1.85,1.11,0.0,May,Tuesday,NIE Guru Gedara | A/L Combined Maths  Lesson 12  Tamil Medium  20200519  1800 pm,Tamil Medium,Standard / Niche,Afternoon (12PM - 5PM),4.043973301923832,0.0,58.43333333333333,43.58813462635482,318.375,7.843064016692054,13.332625923631754,Standard  Niche
FBdHlnX8Rmw,Anu Maths,G.C.E. A/L Sri Lanka Combined Maths 2019 II (B) -Part 05 Past Paper Discussion Sinhala Medium,A/L Content,2020-10-06,3,1366,False,0,2295,31,3,1900,2150,1.48,1.07,1.21,October,Tuesday,GCE A/L Sri Lanka Combined Maths 2019 II B Part 05 Past Paper Discussion Sinhala Medium,Sinhala Medium,Standard / Niche,Night / Late (10PM - 5AM),3.355119825708061,0.830602116013793,22.766666666666666,100.80527086383603,2295.0,7.738923757439457,7.550135342488429,Standard  Niche
FRwjoe7qZIQ,Maths Easy,G.C.E O/L Maths Past Paper 2011- Paper 1- Sinhala Lessons,O/L Content,2021-04-08,12,777,False,13,2112,29,3,503,1966,1.52,1.07,4.2,April,Thursday,GCE O/L Maths Past Paper 2011 Paper 1 Sinhala Lessons,Sinhala Medium,Standard / Niche,Afternoon (12PM - 5PM),3.4564393939393936,1.7036565876730823,12.95,163.0888030888031,162.46153846153845,7.655864017616056,6.222576268071369,Standard  Niche
6cTqZA3ATSA,Anu Maths,G.C.E. A/L Sri Lanka Combined Maths 2019 I (B) - Part 03 Past Paper Discussion Sinhala Medium,A/L Content,2020-09-18,4,2160,False,0,2296,26,5,1900,2168,1.35,1.06,1.21,September,Friday,GCE A/L Sri Lanka Combined Maths 2019 I B  Part 03 Past Paper Discussion Sinhala Medium,Sinhala Medium,Standard / Niche,Night / Late (10PM - 5AM),3.353658536585366,0.8253151441373625,36.0,63.77777777777778,2296.0,7.739359202689098,7.550135342488429,Standard  Niche
N5cpOdCOl3Q,Jude Kathurusingha,ICT O/L  අන්තිම මොහොතේ සැලැස්ම  | Last moment Plan,O/L Content,2021-01-25,15,431,False,26,2142,103,15,73600,2039,5.51,1.05,0.03,January,Monday,ICT O/L      | Last moment Plan,Mixed / General,Standard / Niche,Afternoon (12PM - 5PM),13.11858076563959,0.03101405352916946,7.183333333333334,298.1902552204176,82.38461538461539,7.669961995473577,11.206413891581187,Standard  Niche
0uKAohW8a-w,Anu Maths,G.C.E A/L Sri Lanka Combined Maths 2019 II (B) - Part 06 Past Paper Discussion Sinhala Medium,A/L Content,2020-10-06,4,1186,False,0,2227,22,1,1900,2150,1.03,1.04,1.17,October,Tuesday,GCE A/L Sri Lanka Combined Maths 2019 II B  Part 06 Past Paper Discussion Sinhala Medium,Sinhala Medium,Standard / Niche,Night / Late (10PM - 5AM),2.200269420745397,0.7960647145666315,19.766666666666666,112.66441821247892,2227.0,7.708859601047175,7.550135342488429,Standard  Niche
KhpfhTUOHlo,Anu Maths,G.C.E. A/L Sri Lanka Combined Maths 2018 I (B) - Part 05 Past Paper Discussion Sinhala Medium,A/L Content,2020-12-01,1,1053,False,0,2097,30,1,1900,2094,1.48,1.0,1.1,December,Tuesday,GCE A/L Sri Lanka Combined Maths 2018 I B  Part 05 Past Paper Discussion Sinhala Medium,Sinhala Medium,Standard / Niche,Night / Late (10PM - 5AM),3.099666189794945,0.7419373447293773,17.55,119.48717948717949,2097.0,7.6487397889562425,7.550135342488429,Standard  Niche
vPmdMwZISiM,Anu Maths,G.C.E. A/L Sri Lanka Combined Maths 2019 I (B) - Part 04 Past Paper Discussion Sinhala Medium,A/L Content,2020-09-18,4,1528,False,0,1915,25,5,1900,2168,1.57,0.88,1.01,September,Friday,GCE A/L Sri Lanka Combined Maths 2019 I B  Part 04 Past Paper Discussion Sinhala Medium,Sinhala Medium,Standard / Niche,Night / Late (10PM - 5AM),3.91644908616188,0.6359417067891662,25.466666666666665,75.19633507853403,1915.0,7.557994958530806,7.550135342488429,Standard  Niche
GR4jNLHYeSA,Anu Maths,G.C.E. A/L Sri Lanka Combined Maths 2019 I (B) - Part 06 Past Paper Discussion Sinhala Medium,A/L Content,2020-09-18,4,1250,False,0,1905,42,6,1900,2168,2.52,0.88,1.0,September,Friday,GCE A/L Sri Lanka Combined Maths 2019 I B  Part 06 Past Paper Discussion Sinhala Medium,Sinhala Medium,Standard / Niche,Night / Late (10PM - 5AM),5.984251968503937,0.6312717768418579,20.833333333333332,91.44000000000001,1905.0,7.552762084214147,7.550135342488429,Standard  Niche
xL5TSqSGIYI,Anu Maths,G.C.E. A/L Sri Lanka Combined Maths 2017 I (B)-Part 07 Past Paper Discussion Sinhala Medium,A/L Content,2020-08-18,1,657,False,0,1946,28,7,1900,2199,1.8,0.88,1.02,August,Tuesday,GCE A/L Sri Lanka Combined Maths 2017 I BPart 07 Past Paper Discussion Sinhala Medium,Sinhala Medium,Standard / Niche,Night / Late (10PM - 5AM),4.676258992805756,0.6405899298212693,10.95,177.71689497716895,1946.0,7.5740450053721995,7.550135342488429,Standard  Niche
hjnAM55NKpw,ICT With Harsha Madusanka,O/L ICT Paper Structure(සා/පෙළ ICT ප්‍රශ්න පත්‍රයේ ව්‍යුහය),O/L Content,2021-09-03,15,952,False,5,1517,63,7,43,1818,4.61,0.83,35.28,September,Friday,O/L ICT Paper Structure/ ICT   ,Mixed / General,Standard / Niche,Afternoon (12PM - 5PM),10.61305207646671,3.410566685666102,15.866666666666667,95.60924369747899,303.4,7.325148957955575,3.784189633918261,Standard  Niche
EJPJJU7pZuQ,Expert Tutor,Sri Lanka GCE A/L Physics | Mechanics MCQs Revision | Tutorial 3 | Part 3 | Tamil | Expert Tutor,A/L Content,2022-03-22,18,884,False,0,1295,11,0,40900,1618,0.85,0.8,0.03,March,Tuesday,Sri Lanka GCE A/L Physics | Mechanics MCQs Revision | Tutorial 3 | Part 3 | Tamil | Expert Tutor,Tamil Medium,Standard / Niche,Prime Time (5PM - 10PM),1.698841698841699,0.023716526617316044,14.733333333333333,87.89592760180996,1295.0,7.16703787691222,10.61890979160975,Standard  Niche
KW5OiH-4-l8,Sameera Widanagedara Education,Grad 10 History Sinhala medium - Sri Lanka - O/L 2021 Complete,O/L Content,2021-02-25,8,61,False,16,1580,47,11,110000,2008,3.67,0.79,0.01,February,Thursday,Grad 10 History Sinhala medium  Sri Lanka  O/L 2021 Complete,Sinhala Medium,Standard / Niche,Morning (5AM - 12PM),9.430379746835444,0.00786895837869518,1.0166666666666666,1554.098360655738,98.75,7.3658128372094716,11.608244735642321,Standard  Niche
DlYN4QGckys,Anu Maths,G.C.E. A/L Sri Lanka Combined Maths 2019 I (B) - Part 05 Past Paper Discussion Sinhala Medium,A/L Content,2020-09-18,4,1211,False,0,1696,23,6,1900,2168,1.71,0.78,0.89,September,Friday,GCE A/L Sri Lanka Combined Maths 2019 I B  Part 05 Past Paper Discussion Sinhala Medium,Sinhala Medium,Standard / Niche,Night / Late (10PM - 5AM),4.481132075471698,0.5272106530153136,20.183333333333334,84.0297274979356,1696.0,7.436617265234227,7.550135342488429,Standard  Niche
PmOxgCGskvo,Kasun Ranasinghe ,2017 O/L Trigonometry  Past paper discussion,O/L Content,2021-12-12,1,479,False,0,1299,54,5,387,1718,4.54,0.76,3.36,December,Sunday,2017 O/L Trigonometry  Past paper discussion,Mixed / General,Standard / Niche,Night / Late (10PM - 5AM),10.238645111624328,1.267961174158026,7.983333333333333,162.71398747390396,1299.0,7.170119543449628,5.961005339623274,Standard  Niche
SD9H7BHSavA,Mathematics Online Help,Sri Lankan GCE Ordinary Level 2015 Mathematics Trigonometry Exam Past Paper Explanation,O/L Content,2016-12-30,12,1714,False,46,2541,56,12,785,3526,2.68,0.72,3.24,December,Friday,Sri Lankan GCE Ordinary Level 2015 Mathematics Trigonometry Exam Past Paper Explanation,Mixed / General,Standard / Niche,Afternoon (12PM - 5PM),6.768988587170405,1.2038127915245704,28.566666666666666,88.94982497082847,55.23913043478261,7.8407064517494,6.666956792429207,Standard  Niche
CYjYZGzeUgg,T.M. Shimark (ARC Ship Management - Srilanka),Graph | Part II | GCE O/L Mathematics | Theory | Past Papers 2015 to 2020 | Prasthara,O/L Content,2021-09-05,4,3509,False,0,1113,24,3,157,1816,2.43,0.61,7.09,September,Sunday,Graph | Part II | GCE O/L Mathematics | Theory | Past Papers 2015 to 2020 | Prasthara,Mixed / General,Standard / Niche,Night / Late (10PM - 5AM),5.660377358490567,1.6723939320764316,58.483333333333334,19.031062980906242,1113.0,7.01571242048723,5.062595033026967,Standard  Niche
MYnVQDUCEcM,SERENDiB COLLEGE,GCE OL Past Paper Discussions 2019 SCIENCE 4,O/L Content,2021-06-23,19,1042,False,11,1068,25,3,2380,1890,2.62,0.57,0.45,June,Wednesday,GCE OL Past Paper Discussions 2019 SCIENCE 4,Mixed / General,Standard / Niche,Prime Time (5PM - 10PM),6.086142322097379,0.22833007800150984,17.366666666666667,61.49712092130518,97.0909090909091,6.974478911025045,7.7752758464868625,Standard  Niche
c_HvKXnF1R8,Learn Maths & Science,2016 O/L Maths Past Paper || 2nd Part 7 Questions.....,O/L Content,2020-12-12,9,545,False,25,1157,36,7,3550,2083,3.72,0.56,0.33,December,Saturday,2016 O/L Maths Past Paper || 2nd Part 7 Questions,Mixed / General,Standard / Niche,Morning (5AM - 12PM),9.248055315471046,0.16957398397145199,9.083333333333334,127.37614678899082,46.28,7.05444965813294,8.174984532943087,Standard  Niche
SLduczdnrB0,Sanjaya,History - G. C. S. E. (O/L),O/L Content,2012-04-06,8,60,False,2,1801,1,0,475,5255,0.06,0.34,3.79,April,Friday,History  G C S E O/L,Mixed / General,Standard / Niche,Morning (5AM - 12PM),0.11104941699056081,0.8279402769014774,1.0,1801.0,900.5,7.496652438168283,6.16541785423142,Standard  Niche
mmM5R4iDa58,RICHMONDRALA2008,Career Guidance Seminar 2012 for A/L Commerce Students,A/L Content,2012-10-05,17,3173,False,21,1688,1,0,3,5073,0.06,0.33,562.67,October,Friday,Career Guidance Seminar 2012 for A/L Commerce Students,Mixed / General,Standard / Niche,Prime Time (5PM - 10PM),0.11848341232227488,5.229401813500509,52.88333333333333,31.919319256224394,80.38095238095238,7.4318919168078,1.3862943611198906,Standard  Niche
