Video_ID,Channel_Name,Title,Content_Category,Published_Date,Upload_Hour,Duration_Seconds,Has_Captions,Tags_Count,Views,Likes,Comments,Channel_Subscribers,Age_in_Days,Engagement_Rate_%,Views_Per_Day,Viral_Multiplier
HDv_k2Ma3ec,Project IAS,Rich Background 🤑 UPSC Interview | Mock Test,General Education,2025-01-27,12,49,False,7,47555769,1396988,1782,276000,576,2.94,82562.1,172.3
5lk8IRDsnOs,Superclever,Luca(faster) #superclever #abacus #franchise #math #school #mentalarithmetic #education #abacusmath,O/L Content,2024-01-10,12,24,False,0,73378657,1610049,5373,1990000,959,2.2,76515.81,36.87
TOm9aeCWsSI,Your Math Bestie,How this math genius solved this problem,General Education,2024-04-15,20,33,False,0,53599190,1559472,12716,262000,863,2.93,62107.98,204.58
avuns6atjY8,Life is karma,Lee Kuan 's Timeless Advice to a Pretty Girl 😅 #love #education #motivation,Motivation & Tips,2025-04-27,13,46,False,0,28772792,326657,5659,417000,486,1.15,59203.28,69.0
IYbEl3XpMuo,Chemteacherphil,Hydrophobic Club Moss Spores,General Education,2022-11-12,19,31,False,0,80570637,2431671,15301,1430000,1383,3.04,58257.87,56.34
TsSrCcpkJ9k,Sanchana Shaju,Result reaction😱Tamilnadu 12th board exam results#tnexams #result,General Education,2025-05-08,8,51,False,0,24713119,411078,1248,23300,475,1.67,52027.62,1060.65
MhnW3ZV2eO0,Daham Sithuwili (දහම් සිතුවිලි),🥹මේ කුණු ගොඩ සුද්ද වෙන තුරු සක්විති රජෙක් පහළ වෙන්නේ නෑ🙏 #viral #srilanka #youtubeshorts #බුදුදහම,A/L Content,2026-08-21,13,32,False,4,246716,15570,280,14100,5,6.42,49343.2,17.5
ghTgjGfG2KU,Mathematics Lab,She Broke The Record || #maths #competition || 😲😲😲🤯🤯🤯,General Education,2024-10-21,10,33,False,16,30088495,896644,13421,53300,674,3.02,44641.68,564.51
dsP3XwLCbY4,Gohar Khan,Old School Computers,O/L Content,2024-04-24,7,35,False,0,34556335,1350918,4438,7810000,854,3.92,40464.09,4.42
Ul9cjg4C_DM,G - CHAMP ABACUS PADEGAON,G champ abacus 🧮 average visualization,General Education,2025-02-22,4,13,False,0,20972367,285488,562,18800,550,1.36,38131.58,1115.55
rKGG-02ZrXM,Saksham Skills Development Academy,Abacus - the whole-brain development programme #maths #education #kids #best #study #skills #shorts,Motivation & Tips,2023-08-21,0,17,False,1,36398543,573035,0,384000,1101,1.57,33059.53,94.79
knTAXh7yTVE,TIKTOKTAMIL360,Exam Result...😅 @tiktoktamil360 #shorts #exam #result #trending,General Education,2025-04-24,9,19,False,0,15511336,137968,0,2330000,489,0.89,31720.52,6.66
68kyLxIql30,English Speeches,I ate one meal a day | Samantha Ruth Prabhu,A/L Content,2022-10-26,7,59,False,0,38844119,1975284,2682,6480000,1400,5.09,27745.8,5.99
6GsM0nYD0FM,Sharmila George,Students Going To School 🤪 #shorts #sharmilageorge,O/L Content,2022-01-07,11,59,False,0,46549084,1569942,2873,2940000,1692,3.38,27511.28,15.83
lF0NeBtLFqg,Andy Jiang,The Most CLEVER Essay Ever #shorts,General Education,2024-09-26,2,60,False,0,15765110,1351827,3551,3440000,699,8.6,22553.81,4.58
tsCs7X80ud8,Bari Science Lab,Open any Physics Book & Ask me any question. I'll solve it in 10 Sec,General Education,2024-08-25,15,59,False,0,14438011,451687,5866,1420000,731,3.17,19751.04,10.17
Oqogt-cE6MM,Maneesh Vishnu,Taste of happiness ❤️💯 #youtubeshorts #couplegoals #mother,General Education,2023-06-18,8,28,False,0,18350977,523335,787,11900000,1165,2.86,15751.91,1.54
Y7C5i9KZDWY,Phomemo,Take notes with a mini printer that doesn’t use ink!📚#study #studywithme #studyvlog #phomemo #fyp,Motivation & Tips,2023-05-12,15,10,False,37,17882772,487371,3460,128000,1202,2.74,14877.51,139.71
UovePMvwhvs,JuicedItUp,1st VS 4th Year of Computer Science,General Education,2025-08-09,18,27,False,0,5552529,138005,1657,227000,382,2.52,14535.42,24.46
ATxoHEeUZsQ,SH Zoom Tech,simple science experiment | hot water and normal water 🔥😃 #shorts #video #school,A/L Content,2023-06-20,2,31,False,0,16885233,267286,310,178000,1163,1.58,14518.69,94.86
WAmwp-7NOlk,STUDY THAMBI ,How to Get 100 Marks in Maths 📚🚀 #shorts #studytips,Motivation & Tips,2025-09-16,14,39,False,13,3932992,86470,8608,112000,344,2.42,11433.12,35.12
vm5VYIznqt4,LKLogic,"At, On , In . When do you use it? English Grammar Test",General Education,2023-05-19,14,47,False,0,13640638,495812,29072,3210000,1195,3.85,11414.76,4.25
utXyHKcb9GM,Gohar Khan,The Hardest Math Test,General Education,2021-10-25,6,28,False,0,18977742,682912,6382,7810000,1766,3.63,10746.17,2.43
3C_0_IeI3t4,SL RUGBY EDITZ ,School Rugby best player | Shan Althaf Edit 4 #edit #srilanka #rugby #viral,O/L Content,2026-08-23,2,32,False,0,31925,1374,18,2920,3,4.36,10641.67,10.93
qtGbUEB4Mkk,Gohar Khan,Books That’ll Make You Smarter,General Education,2023-07-02,1,27,False,0,11874417,546935,2639,7810000,1151,4.63,10316.61,1.52
2DNqYAe17-A,BlackSheep Value,B.Com Ku Tamil la Enna Varum..? 🤔| #shorts | Gangstars | Bs Value,General Education,2023-03-07,9,53,False,5,12895194,543978,1859,834000,1268,4.23,10169.71,15.46
622EXk_tpmg,The Life Lesson ,A boy asked funny questions to APJ Abdul Kalam sir about the rocket.🚀 #inspiration #shortvideo,General Education,2025-02-27,14,19,False,0,5463049,162832,271,30600,545,2.99,10023.94,178.53
ge_YS8FFVuM,MRS CAREER GUIDE,TOP 10 HIGH SALARY Engineering Course | Best Engineering Jobs 2023,General Education,2023-08-18,6,37,False,9,10900274,368483,1683,78500,1104,3.4,9873.44,138.86
4pyiBrdCvMY,Medical Aspirants,MBBS MOtivation ✨. NEET Motivation | MDCAT Motivation 2023  |#pmdc  #neet #mdcat #study#aiims #etea,Motivation & Tips,2023-07-21,18,19,False,0,10889031,504274,2209,179000,1132,4.65,9619.29,60.83
vWcy0LHmuZg,Bikash das Kumar,china vs india || mathematics challenge || 😂😂🤣😅,General Education,2021-06-08,5,12,False,0,17869223,182326,5060,139000,1905,1.05,9380.17,128.56
gAWmvw57hZs,world of knowledge ,FULL FORM OF MATHS😍#maths #MATHSFUN#shorts #viral,General Education,2021-09-27,19,41,False,0,16290909,466056,11274,74500,1794,2.93,9080.77,218.67
p0RmNrWc62Y,VC cinematic,மறக்க முடியாத நாள்!!🥺🥲#mullivaikkal #srilanka #may18 #tamil #shortsfeed #ytshorts #shorts #facts,A/L Content,2025-05-25,9,60,False,6,4100826,0,1602,306000,458,0.04,8953.77,13.4
swZmfHgE_UU,Brainblast SAT Prep App,The trickiest question on the SAT… can you solve it? #satprep #digitalsat #satstrategy,General Education,2024-09-30,16,57,False,0,5813111,280853,4581,508000,695,4.91,8364.19,11.44
KeSyKl7zHG0,Gohar Khan,How to Ace Your Next Science Exam,General Education,2022-09-08,0,27,False,0,11785515,614127,1478,7810000,1448,5.22,8139.17,1.51
3OrL9JX6L_E,Behindwoods TV,Class -ல எப்பவுமே First தான்.. Nandhini வீடு முழுக்க நிரம்பிய Awards,General Education,2023-05-14,17,24,False,0,9725328,393889,2613,20700000,1200,4.08,8104.44,0.47
vl84tdx_zy0,Princy Planet,Exam preparations #students  #exam #funny #tamil #trending #seenu #princy #comedy #friends #viral,General Education,2024-03-04,12,59,False,0,7157220,322474,470,1210000,905,4.51,7908.53,5.92
nVyk5UiB9ls,Chitti - Tamil,Can Tape Make Glass Transparent? | Chitti at School | Science of Light and Refraction 🔍✨,O/L Content,2025-01-20,12,56,False,20,4135812,165474,132,569000,583,4.0,7094.02,7.27
8ba-8Z-jW8E,Tamil editting,Alya Manasa vs Jenni akka🥰,General Education,2021-05-10,16,15,False,0,13393039,309824,3490,85400,1934,2.34,6925.05,156.83
KuAL4TTT0PI,MIT GK World,You Can’t Answer This Tamil GK Question! 🤯 | Shocking Quiz #shorts,General Education,2025-07-28,7,5,False,14,2580644,6423,45,24800,394,0.25,6549.86,104.06
d44V2LvNxMY,Learnworld,12 hours STUDY schedule 📚 💯 % work #study #motivation #tips #viral #shorts,A/L Content,2024-05-11,16,23,False,0,5312721,374269,825,227000,837,7.06,6347.34,23.4
Y7cFdRHTJbs,ᴋ.sᴜʀɪʏᴀ 18ʀᴘᴛ26,நான்தான் தமிழ்நாட்டுல முதல் மதிப்பெண் | Dr sanghavi in neeya naana | full episode #shorts,General Education,2023-03-17,3,55,False,18,7905053,246496,744,14600,1258,3.13,6283.83,541.44
JdIQPKN9Ahc,Sfailure Editz,Mit students showing levels 🥶 Solving jee advanced paper | #motivation #iitstatus #toppers #upsc,Motivation & Tips,2024-02-09,10,27,False,0,5752886,0,1458,284000,929,0.03,6192.56,20.26
p-v1BU8GEy4,Studio57,Nandhini +2 First Mark from Dindigul | Tamilnadu First | 2023 #Studio57 #nandhini #2023result,General Education,2023-05-11,5,39,False,0,7095844,262858,4847,23300,1203,3.77,5898.46,304.54
MKLsNjex_ic,Numbers & Numbers,A Nice Olympiad Exponential Multiplication Problem #short #olympiad #mathematics #maths #exponents,A/L Content,2023-05-12,16,52,False,22,6838111,0,2669,51400,1202,0.04,5688.94,133.04
Rr7DoCwxyow,Quantum Project - Tharun Speaks,Step by Step Method to Study Physics!,Motivation & Tips,2024-09-27,11,48,False,0,3942481,222466,401,516000,698,5.65,5648.25,7.64
_BmNJjQrsfg,MBBS Unplugged ,Experiment on Density#Basic science,General Education,2022-06-25,3,57,False,0,8487294,213328,629,26100,1523,2.52,5572.75,325.18
RF3XQSVHA6U,Abhi,What non-CS students think Computer Science is,General Education,2022-07-21,16,15,False,4,8225870,297955,2262,47500,1497,3.65,5494.9,173.18
ZE-ZrchrK6Y,Kiran Kumar,Most Useless Degree? #shorts,General Education,2023-01-04,15,19,False,0,7280802,132669,1667,319000,1330,1.85,5474.29,22.82
6AUooWHZUxQ,LittleSane,Study hard but got less marks 🤯 WHY ⁉️ Day 3/40 #shorts #studymotivation,Motivation & Tips,2024-05-02,17,10,False,5,4566367,58409,335,222000,846,1.29,5397.6,20.57
xCoXNBOlNCM,Exphub 9th &10th,Topper’s Attitude 😈| Class 10 topper interview| Prashant Kirad| #class10 #motivation,Motivation & Tips,2023-05-24,13,20,False,0,5785825,316995,1742,8090000,1190,5.51,4862.04,0.72
1NBo73pccYw,POWER TOP 10 🎯,ශ්‍රී ලංකාවෙ වැඩිම වැටුප් ගෙවන රැකියා 10 | 🇱🇰 highest paying jobs in Sri Lanka#viral #trending #top,A/L Content,2025-10-25,8,37,False,0,1437387,35662,326,20800,305,2.5,4712.74,69.11
vxv5utDzkZk,Team Educational Institution,நீங்களும் Teacher ஆக ஆசையா? #motivation#montessorieducation #education#montessorilearning#montessori,Motivation & Tips,2024-05-25,6,38,False,13,3804827,8330,109,15600,823,0.22,4623.12,243.9
PjWu1H4TsXI,unstop brave,Start or stop 📚 ✨ #study #motivation #students #exam #girl,Motivation & Tips,2024-09-22,12,10,False,13,3229387,68230,215,14300,703,2.12,4593.72,225.83
zjoGsp3o01A,Padhle NEET,Average Student Vs Toppers Student | NEET 2024 Strategy | Padhle NEET,General Education,2022-06-09,15,19,False,10,6837743,180594,1556,18100,1539,2.66,4442.98,377.78
7DNZONegP58,Humans of Bombay,"At 22, I was the youngest Indian to make it to Harvard! To DONATE visit link in description #donate",General Education,2022-07-13,15,15,False,0,6601104,149758,7378,1360000,1505,2.38,4386.12,4.85
xDVbzrqNdRw,Namour,Tell me what she said in the comments ‼️#tamil #language #srilanka #shorts,General Education,2025-05-10,4,9,False,0,2052783,31758,4465,218000,473,1.76,4339.92,9.42
HPxuWqB8XsU,MRS CAREER GUIDE,TOP 10 High Salary Course After 12th Science #shorts,General Education,2023-08-12,8,37,False,4,4643462,181506,605,78500,1110,3.92,4183.3,59.15
lawsPy7_ftI,Gohar Khan,How to Finish Your Exams Faster,General Education,2021-11-08,0,28,False,0,6854706,326624,1176,7810000,1752,4.78,3912.5,0.88
fQCrwpzY-5U,HERA's Life Picks,ලංකාවේ ලාබම Book City එක😲| Do you know this place📍#shorts #bookshopping #ruhuna,General Education,2025-08-22,12,37,False,0,1414997,45269,1498,11700,369,3.31,3834.68,120.94
0_do47LpwUw,StarBean,How to become a Topper(4 Study Tips📚)#motivation#fypシ#students#study#studytips#exams#shortstudy,Motivation & Tips,2023-05-03,13,15,False,0,4591016,266391,664,420000,1211,5.82,3791.09,10.93
DyCtl--AyJ0,MBBSLINK ,Final year exams in russia| mbbs in russia | NSMU #medicaluniversity #mbbsabroad #pw,A/L Content,2023-06-22,18,11,False,21,4378953,66713,307,4490,1161,1.53,3771.71,975.27
cSgpAe9tl3Y,WAYO,WAYO - Handa Allanna Aasa Gamana (හඳ අල්ලන්න ආස ගමන) | Official Video,A/L Content,2020-11-07,4,328,False,13,7956395,75804,4116,506000,2118,1.0,3756.56,15.72
0WdFjVbo3_o,CRACK ALL EXAMS,Genius IQ Test-Maths Puzzles | Tricky Riddles | Maths Game | Paheliyan with Answers | Tricky Paheli,General Education,2021-10-26,10,24,False,11,6612081,176951,240842,94700,1765,6.32,3746.22,69.82
VAiuYP2zfZU,Dr Amir AIIMS,Topper vs Average Student 😮 | Dr.Amir AIIMS #shorts #trending,General Education,2023-05-08,5,25,False,28,4439296,107197,401,4420000,1206,2.42,3681.01,1.0
Kzf-8HjSQrY,Darshana Ukuwela - Physics,වැඩ්ඩෙක් තමයි 😂| Kurunegala Bio 3rd #darshanaukuwela #Physics #Funny,General Education,2024-06-05,9,59,False,0,2972691,179097,1484,304000,812,6.07,3660.95,9.78
KKy8acdWQow,Vini vlogs ,Ashoka Trend Tamil version 🌹!!  Rate this look ? / 10 😱 #shorts #Ashokatrend #tamil #viral,General Education,2024-06-07,8,30,False,19,2739595,47770,1624,228000,810,1.8,3382.22,12.02
brjjKgs44sY,StarBean,STUDY APPS for Students!! ✨📚,Motivation & Tips,2025-07-05,14,10,False,0,1364307,22408,118,420000,417,1.65,3271.72,3.25
YUMo-limvao,සුධර්මාරාමේ රිලවා...,නන්දා මාලනී 88/89 මොකද කරේ..| ඔබ කිසිදා නොඇසූ කතාව..| Nanda Malani Funeral | #Sudharmaramerilawa ,A/L Content,2026-08-22,12,200,False,0,12875,400,72,62400,4,3.67,3218.75,0.21
G3PO41Xa_H8,Unstopable Study ,IQ TEST 🔥 ONLY FOR GINUS 😱 #unstoapablestudy0111 #iqtest #mathpuzzle #iqtestonline #mathstricks,Motivation & Tips,2025-03-15,6,11,False,0,1653176,8861,6148,14700,529,0.91,3125.1,112.46
LO_HuhJtwnM,Study Hub&Club,Best study tips for Mathematics exam 📚🌸🤞|| #study #maths #exam #yt #studyfacts #shorts #studyplan,Motivation & Tips,2025-03-01,15,10,False,0,1636954,17516,186,13100,543,1.08,3014.65,124.96
nfDlFZ1g_tg,Animate Aishu,Study Tips #10 | 5 Simple Steps to Become A Topper (Part - 1) #exampreparation #exam,Motivation & Tips,2022-12-04,8,50,False,21,4083015,226407,977,739000,1361,5.57,3000.01,5.53
dgFZJVfEKfY,MAHEE,ලංකාවේ අමාරුම විභාග ✍️ difficult exams in Sri Lanka #exam #srilanka #sinhala #shorts,General Education,2025-01-10,17,36,False,0,1710048,66575,1337,81800,593,3.97,2883.72,20.91
fzm9PBlVlV0,Mr. Entirety,6 million years of Human Evolution in 40 seconds | HD |,General Education,2021-01-20,13,48,False,0,5864912,295622,0,26800,2044,5.04,2869.33,218.84
HsRa3sILO8E,IQ School - IQ ඉස්කෝලේ,Commercial Bank Internship 2026🇱🇰 | කොමර්ෂල් බැංකු රැකියා අවස්ථා | Bank Jobs LK | Sri Lanka |Sinhala,A/L Content,2026-08-20,13,305,False,26,17024,481,52,60300,6,3.13,2837.33,0.28
LiP7IkD0-fk,Justice Shepard,Missing Angles Geometry Problem | Tricky Math Question | JusticeTheTutor #maths #math #shorts,General Education,2022-05-27,20,37,False,0,4347369,74388,2486,546000,1552,1.77,2801.14,7.96
bHeAH8OJxzE,Pixie Diary,How to Study After School When You Are Tired 📚,O/L Content,2023-04-23,10,13,False,4,3365384,128680,307,93100,1221,3.83,2756.25,36.15
1KJaIEhZGTQ,Handlettering Is Fun,Lettering Sweet! #shorts #calligraphy,General Education,2023-04-20,16,34,False,0,3338696,70140,1698,569000,1224,2.15,2727.69,5.87
PlOFcCgFfYA,"Make Your Child A ""GENIUS"" With Lubna",Little Girl Answering Abacus Questions🧮#makeyourchildageniuswithlubna #study #Abacus #shorts,Motivation & Tips,2022-09-21,11,18,False,0,3810964,37102,324,27900,1435,0.98,2655.72,136.59
8KCgEAo_SsA,Be Creative & Artistic,7 Tips for taking Notes📝 #notes #school #study #viral #backtoschool #studymotivation #motivation,A/L Content,2024-05-24,13,28,False,28,2166422,60216,208,412000,824,2.79,2629.15,5.26
GtnUqUgvK3k,Dossani Computer,HP vs Dell 💀,General Education,2025-06-23,20,21,False,0,1117773,12562,222,1890,429,1.14,2605.53,591.41
kclXLHQ7OWE,DReam A Level,බින්දුවේ හිටියත් A9 කට හරිම සැලැස්මක් ? | OL 9As ගන්න සුපිරි PLAN එකක් | Sandaruwan Perera #2026OL,O/L Content,2026-08-24,8,168,False,0,5079,602,589,91200,2,23.45,2539.5,0.06
hrVBGFoTUVk,SHADOẀSTRIKER GAMING,TOP 10 JOBS THAT CAN MAKE YOU A BILLIONAIRE🤑#shorts#billionaire#elonmusk,General Education,2023-01-29,17,38,False,0,3247207,147056,2075,8760,1305,4.59,2488.28,370.69
_K2USL15Owg,K Study,Focus on your goals🔥📚 Study Motivation #shorts #study #quotes #motivation,Motivation & Tips,2023-07-06,7,13,False,25,2789545,213445,393,231000,1147,7.67,2432.04,12.08
SUu-3Xm0mEg,Goals 🌷🍃,විභාග දවස් 📚💛 I'm So Powerfull ❤ I'm So Confidence📒 #exam #motivation #goals,Motivation & Tips,2025-09-09,2,46,False,0,851898,40429,319,15300,351,4.78,2427.06,55.68
hjDwKE-oDaw,அறிவு 365 🎯 ,GK Questions and Answers in Tamil | Tamil GK Shorts #7 | Daily Quiz – TNPSC #shorts #Arivu365 #viral,General Education,2026-08-26,6,6,False,0,2418,4,0,976,1,0.17,2418.0,2.48
b8jrcDN756A,Miss Miracle,Sem exam preparation mini vlog🥹 | Pass or Fail challenge😲🥲 #ytshorts #missmiracle,General Education,2024-03-31,14,60,False,0,2102561,98962,4608,2460000,878,4.93,2394.72,0.85
vYUHRYWrGi8,Kaweesha Hapuarachchi,හීන තියෙන්නෙම හැබෑ කරගන්න🩺👩‍🎓❤️ #campus #peradeniya #vlog #motivation #kaweeshahapuarachchi #bio,Motivation & Tips,2025-09-12,11,15,False,22,832901,30463,303,10900,348,3.69,2393.39,76.41
2Gfkh7w94pA,CHARAKA DHANANJAYA,එක පාරකට වඩා බලන්න එපා...🥺😌 | Business Studies | Charaka Dhananjaya,General Education,2024-08-08,13,34,False,0,1775731,100543,1715,39100,748,5.76,2373.97,45.42
u6oqROqA3yY,violette's diaries 🕊💫,sinhala motivation 💗✨️🦋 #study #studymotivation #iit #iitjee #neet #motivation #university,Motivation & Tips,2025-06-06,10,15,False,0,1035467,30023,258,2970,446,2.92,2321.67,348.64
yWNu67D6c2Q,Study With Britney,How to Become a Straight A Student,General Education,2022-07-18,9,12,False,18,3410639,155099,0,3450000,1500,4.55,2273.76,0.99
q4FifSouYIk,Aircamp Aviation Academy,"How to Become Air Hostess, What to do after 12th",General Education,2023-05-10,7,21,False,0,2732150,91728,1115,10400,1204,3.4,2269.23,262.71
tGqPl-wfueE,BYJU'S,Why Do Objects Float Or Sink? | BYJU'S Everything Science #shorts,General Education,2021-07-14,6,30,False,21,4217050,170607,0,2170000,1869,4.05,2256.31,1.94
zO7vJNcrY5g,Behindwoods TV,"""1 Year Neet😱படிச்சு அத Clear பண்ணேன்"" 🥰Sridhar Master",General Education,2023-06-27,20,47,False,0,2552096,121473,441,20700000,1156,4.78,2207.7,0.12
vzXgHXoi1cA,Study with CA Jagriti Jain,Only CA & CA Students can understand it ✨🎯#ca #motivation #cadreams #studyguide #studytips,Motivation & Tips,2024-06-20,12,9,False,0,1730696,14154,132,89600,797,0.83,2171.51,19.32
TQLgDfoQXh0,Aravind Hand Writing,பள்ளிக்கூடத்தில் மாற்று சான்றிதழ் தர வேண்டி கோரிக்கை விண்ணப்பம் in Tamil language #shortsfeed,General Education,2023-01-07,13,6,False,0,2868780,0,396,24700,1327,0.01,2161.85,116.14
wnw3iC2pmHA,Subtle Life Of P,What is computer?? #computer #ytshorts,General Education,2024-09-15,13,15,False,0,1495399,13420,108,8710,710,0.9,2106.2,171.69
SvL-SJGqtUo,Vedantu 11th 12th State Board NEET Tamil,Your Worst Enemy who is stopping you from success ! Study Motivation tamil Tips | shravanee ma'am,Motivation & Tips,2025-10-02,3,15,False,12,688848,12621,66,441000,328,1.84,2100.15,1.56
k9sgubyw9Xc,Haluzz world,STUDY TABLE MAKEOVER|CLEANING STUDY DESK|DESK SETUP #study #art #shorts #deskdecor #studytable#clean,Motivation & Tips,2024-09-04,16,28,False,0,1433813,11721,54,1200,721,0.82,1988.64,1194.84
Eaq1-K8Vl3I,Unstopable Study ,IQ TEST 🔥 ONLY FOR GINUS 😱 #unstoapablestudy0111 #mathiqtest #iqtest #maths,Motivation & Tips,2024-12-28,6,13,False,0,1178194,6312,4734,14700,606,0.94,1944.21,80.15
7jtyoKK7ZeM,Life by Mim,My Dream What's app status 📚 🖤 #shorts #lawyer #advocate #motivation #law  #loveislaw⚖️,Motivation & Tips,2022-07-03,12,24,False,1,2938911,162744,801,13400,1515,5.56,1939.88,219.32
ARDWmrisJps,Meera Natarajan,Anyone can become a topper || Meera || Tamil,General Education,2025-04-02,11,34,False,14,975245,22342,114,36800,511,2.3,1908.5,26.5
9cQsuFh36uI,Not a Doctor,MBBS Student Life in 1 Minute‼️| Dr Servesh | Tamil #mbbs,General Education,2023-01-10,12,54,False,14,2472245,160742,1018,120000,1324,6.54,1867.25,20.6
ZIeZp1fcD_8,"Prashant Jain [IIT B, AIR 42]",This Math Olympiad Question isn’t just tough—it’s a brain workout! 🧠🔥 #mathmemes #mathshorts,General Education,2025-08-07,16,11,False,47,698485,6293,1127,46800,384,1.06,1818.97,14.92
6kbWeh6YoPY,English MasterClass ,Present - Past Tense 📖🔥 #english #grammar #education #learning,Past Papers & Revision,2024-09-10,6,22,False,13,1285881,22970,203,524000,715,1.8,1798.43,2.45
3-JgLyhZVhg,studiedwithme,How to TAKE NOTES during a LECTURE 📝⚡️ #studytips #collegelife #studysmart,Motivation & Tips,2025-10-10,19,14,False,0,556873,5947,215,27800,320,1.11,1740.23,20.03
kldmucnfI-Q,Student life,How to study one night before exam 🤭🤭,Motivation & Tips,2024-08-15,11,15,False,4,1274615,16815,175,268000,741,1.33,1720.13,4.76
hYd7Lk-CBBo,SL Danush Bro ,Srilanka හොදම ජනප්‍රියම පාසල් 10 😯 #trending #shortsfeed #top #top10 #school #viralshort,O/L Content,2024-10-16,12,34,False,16,1127211,26815,693,30700,679,2.44,1660.1,36.72
qGYHccG5HUA,Jose Lim,How I did math in 7th grade vs now,General Education,2025-04-29,12,10,False,0,777174,8708,185,326000,484,1.14,1605.73,2.38
us8MDMfAHcA,Buddhism,Are you worrying too much about what others think about you... | Buddhism In English,General Education,2025-01-09,11,11,False,33,951725,34046,360,2950000,594,3.62,1602.23,0.32
qT0wb7b0sUQ,Bhushan_Op,Exam Cheating Girls 😛 vs BOYS 💥   #Boys #iq #cheating. #exam,General Education,2022-08-01,4,60,False,5,2366612,83461,420,9870,1486,3.54,1592.61,239.78
yuUeiIdeCEU,Bang On Theory,Business analyst roadmap for beginners | Business analyst roadmap | Business analyst #trendingshort,General Education,2025-04-19,15,5,False,17,776933,0,45,14500,494,0.01,1572.74,53.58
TUbyYXMGamE,Shiksha Target,💻 Long Essay on Technology | Easy English Essay | Notebook Style,General Education,2025-09-10,8,11,False,0,536132,3079,144,131000,350,0.6,1531.81,4.09
UvIQ4jmsRqg,Ankita Vyas,Apps for students ✨💌|Top 5 useful apps for students|#studymotivation #studytips #viral,Motivation & Tips,2024-03-22,8,23,False,19,1354934,0,457,9350,887,0.03,1527.55,144.91
u757BMVmcKs,VINAY KUMAR,Solve this Sum - What is Answer #viral #math #exam #paper #quiz #2023 #science #real #vavkumar,A/L Content,2023-06-02,11,11,False,0,1802975,9924,22147,5900,1181,1.78,1526.65,305.59
kmV7FkDk9-M,Vedantu 9th 10th State Board Tamil,How to study fast without forgetting in Tamil |study hacks | Study tips | Shravanee Ma'am,Motivation & Tips,2025-10-03,2,89,False,15,486641,22347,411,390000,327,4.68,1488.2,1.25
JYmZ-FMOu78,නව ලෝකය / New world,උසස් පෙළ අමාරුම විෂයන්10  🤯😱🥴  #youtubeshorts #youtube #subjects,General Education,2023-10-31,13,36,False,5,1522691,79866,2921,26800,1030,5.44,1478.34,56.82
1dqkOFG0bu8,SUBHANKAR SHORTZ,Top 10 Hardest Degree Subjects in the World 🌍#shorts @SubhankarShortz,General Education,2023-03-14,13,37,False,0,1862296,91736,1082,218000,1261,4.98,1476.84,8.54
h87JMR4MvY8,MATH AND CHESS HUB,HOW CHINESE STUDENTS SO FAST IN SOLVING MATH  OVER AMERICAN STUDENTS,General Education,2021-11-19,14,23,False,0,2518318,54344,1509,6890,1741,2.22,1446.48,365.5
TGjz4g-2qGw,sujoy santra,neet preparation study room decoration  /neet 2023 /life line /❤❤❤doctor,Motivation & Tips,2023-02-02,4,15,False,4,1840034,57853,113,3490,1301,3.15,1414.32,527.23
8217mh0594w,Naalu Vitham Aravindh ,Types Of People In Commerce Group | #shorts #naaluvithamaravindh #exam #school #boardexam #typesof,O/L Content,2024-03-20,11,56,False,0,1244026,84757,611,1650000,889,6.86,1399.35,0.75
D7pVpWqY8hQ,N-Y Shorts,Casio original vs fake calculator,A/L Content,2025-04-16,15,22,False,0,689134,0,152,202,497,0.02,1386.59,3411.55
b-9nGVd2xjA,The History Hub,"The Birth of Computing: The World's First Computer!""#shorts",General Education,2024-10-18,5,11,False,21,913318,9178,106,1300,677,1.02,1349.07,702.55
tg_WItSEPlE,Nosithu Lowa,2024 වන විට ශ්‍රී ලංකාවේ වැඩිම වැටුප් සහිත රැකියා 10 || Top 10 Highest Paying Jobs in Sri Lanka,General Education,2024-03-02,9,38,False,9,1221128,32760,908,34400,907,2.76,1346.34,35.5
-KQSD5PWazc,All in One,Amila sir motivation 🥺♥ #motivation #2024al #amiladasanayake #success #ad #chemistry,A/L Content,2024-09-02,13,38,False,0,929879,49619,475,4990,723,5.39,1286.14,186.35
IxZFrRIqpk4,ADROIT COMMERCE,📊 Calculator – A Must-Have Tool for Every Commerce Student! 📈🧮,O/L Content,2025-06-25,9,9,False,22,540409,6465,36,2310,427,1.2,1265.59,233.94
5bZiTvmIuOI,Not a Doctor,படிச்சது சீக்கிரம் மறக்குதா⁉️| Exam Preparation Tips for Students💯| Dr Servesh | Tamil,Motivation & Tips,2023-02-08,12,58,False,15,1632466,123484,535,120000,1295,7.6,1260.59,13.6
M8-A7KctUdE,Paryeshakaya,මේ සිසුවාගේ අධ්‍යාපන ගමන ඔබව පුදුමයට පත් කරයි,General Education,2024-06-09,17,43,False,27,999208,46905,649,7160,808,4.76,1236.64,139.55
6BLSPGHdQlA,Ruchi_Kawya_ ,Study with me 📚 Mini study vlog 🤗 #study #studyismylife #studymotivation #studyvlog #studylife,Motivation & Tips,2025-06-07,14,20,False,0,521862,15467,169,4170,445,3.0,1172.72,125.15
--XITzZCG0Q,Nirwana Maga,සුනාමියෙන් විනාශ නොවූ බුද්ධ ප්‍රතිමා වහන්සේලා 🙏🙏 #buddha #buddha #sunami #srilanka #sinhala #shots,General Education,2024-08-08,14,34,False,32,870942,58121,1233,6290,748,6.81,1164.36,138.46
gHoKRdarB0E,THE BISON බයිසන්,පහ වසර Vs A/L| Real Chad |Anuradha Perera|Amila Dasanayake|Ajantha Dissanayake|Ravindu Bandaranayake,A/L Content,2025-04-22,10,20,False,0,563438,19721,409,20500,491,3.57,1147.53,27.48
lZnEZyN4v2E,Examsdaily Tamil,Aptitude - IQ Test Tricks | Maths Shortcuts Tricks in Tamil | TNPSC / BANK Aptitude,General Education,2022-08-20,6,22,False,0,1682508,33068,7004,941000,1467,2.38,1146.9,1.79
BAtqWHYBL5k,Animate Aishu,Study Tips #20 | இந்த STUDY TRICK Try பண்ணி பாருங்க! #studytips,Motivation & Tips,2023-07-20,14,34,False,9,1287431,57279,235,739000,1133,4.47,1136.3,1.74
S9MRbStQKLo,Knowledge Topper,Aptitude Test Preparation | Aptitude Test Assessment Questions and Answers,General Education,2025-10-26,19,6,False,17,344833,1223,71,223000,304,0.38,1134.32,1.55
DZyB1WobTVQ,Nainika Thanaya (English),Won🥇🥈in Science Olympiad!!,General Education,2024-02-04,1,14,False,0,1051251,12356,77,128000,934,1.18,1125.54,8.21
Myf_XLz69NU,Start with Art,BFA entrance exam preparation going on 🔥#shorts #bfa #bfaprepartion in academy#youtube #stilllife,General Education,2023-06-04,19,7,False,9,1321530,0,126,38500,1179,0.01,1120.89,34.33
LlcQh7u4EIU,Study Fighters Spot,How to study physics 😣💔💯#study #motivation #studymotivation #trending,Motivation & Tips,2024-10-12,9,9,False,0,755546,13352,80,179000,683,1.78,1106.22,4.22
RCEV4TgKXk8,ThilaSpace,One day Alevel results were out - al bio to medical daculty - advanced level biology to med student,A/L Content,2025-04-27,8,36,False,0,532971,15048,136,15900,486,2.85,1096.65,33.52
7LgHjQFDU8Q,Exam tips Bavanesh kutty,பொது அறிவு / general knowledge in tamil / science general knowledge / gk quiz tamil,A/L Content,2023-05-20,13,6,False,0,1299528,0,52,2680,1194,0.0,1088.38,484.9
QlZ_pfU-0CM,Instant Gk Education,logical questions for all classes. #shorts #logicalreasoning #ssccgl #sscchsl,A/L Content,2021-10-25,10,12,False,1,1898606,33995,20475,9130,1766,2.87,1075.09,207.95
mcSjG2LWf14,Ghashful International Creative Academy,Graphic Design & Freelancing Class | GICA | Education | Creative Course,General Education,2024-08-14,7,15,False,0,776290,7815,250,1840,742,1.04,1046.21,421.9
kzBwwSE58lY,Not a Doctor,How to Study Consistently Everyday⁉️| Dr Servesh | Tamil,Motivation & Tips,2023-05-17,11,59,False,5,1236321,87631,286,120000,1197,7.11,1032.85,10.3
1ZYZ2wUqC0M,campuszone lk,University Boat Round UGC 2025/2026 A/L,A/L Content,2026-08-01,14,1890,False,15,25499,1083,262,21400,25,5.27,1019.96,1.19
mMwam2O7Iu8,සුධර්මාරාමේ රිලවා...,Ravindu Sir Baby video 😁|Ravindu Bandaranayake| #trending #cute #baby,General Education,2025-06-14,4,14,False,22,440353,10509,194,62400,438,2.43,1005.37,7.06
-RFdCWOEzdI,Animate Aishu,Top Exam Study Tips Every Student Must Know 📚🔥#BoardExams #ExamTips #FocusOnStudy,Motivation & Tips,2025-09-12,14,60,False,17,348276,13973,192,739000,348,4.07,1000.79,0.47
ZMRPonbHDIc,LKLogic,Math Olympiad Question | You should know this trick!!,General Education,2022-11-17,5,33,False,0,1378249,24768,377,3210000,1378,1.82,1000.18,0.43
_p6TvUYYH1g,sachinsagarmishra,Diploma life 🎓🗞🥵 #diploma #shorts,General Education,2022-07-03,10,16,False,8,1479911,41550,599,7130,1515,2.85,976.84,207.56
LkLi7P5-k8U,Aluth wishwaya,ශ්‍රීලංකාවේ වැඩිම වැටුප් ගෙවන රැකියා 10 #shortsviral  #trending#viralshort #top10 #highestpayingjobs,A/L Content,2024-10-09,4,34,False,1,655937,16865,354,60400,686,2.63,956.18,10.86
4un8UxmNEBw,FACTO'S IRSHAD ,TOP 10 HIGH SALARY COURSE AFTER 12TH ARTS #course,General Education,2024-06-29,14,38,False,1,749609,0,53,4810,788,0.01,951.28,155.84
kMkncgPapl8,Boo!,ඕනෙම Exam එකකට A+ එකක් ගන්න පාඩම් කරන හරිම ක්‍රමය | How to study to get an A+ in the exam,Motivation & Tips,2025-05-22,6,450,False,0,435950,21518,1298,45900,461,5.23,945.66,9.5
t5iaZ-ygZrI,M Entertainments,7 x 8 = 33 යි . 😂💔 #ThaalaFilm,General Education,2025-07-08,8,37,False,14,388954,10445,78,1260000,414,2.71,939.5,0.31
4LkOjCspfAg,Darshana Ukuwela - Physics,Physics A/Ranks ගත්තු හැමෝටම A9 තිබ්බ ද? 🤔 #darshanaukuwela #Physics #OL #AL #2026al,A/L Content,2024-06-09,15,59,False,7,717078,36599,327,304000,808,5.15,887.47,2.36
5T17dbUCrzQ,Explore with Epaphra,5 things to do in college | in Tamil,General Education,2024-03-06,11,61,False,0,797287,73114,171,887000,903,9.19,882.93,0.9
lff3qqEdbps,20WAS RAI,school fight 👿🔥 #fyp #fighting #school,O/L Content,2022-09-21,13,10,False,0,1265443,13045,39,3090,1435,1.03,881.84,409.53
1cU8yWRomLk,Sanjana Education,Math Olympiad question | Trending shorts || #shorts #youtubeshorts #short,General Education,2023-06-10,14,15,False,22,1029896,0,1131,4270,1173,0.11,878.0,241.19
bzeSDKHrSx8,SLDMNT-(Top 10),ආරම්භ කලොත් අසීමිතව ලාභ ලබන වියාපාර අවස්ථා 10 | top 10 business ideas.#top10 #business #top#trending,General Education,2024-08-06,9,36,False,8,657695,17039,58,10900,750,2.6,876.93,60.34
u2tMglHD94o,Eshin diary🍭🎀,Study vlog🍵✨🎧#aesthetic #study #studywithme #minivlog #eshindiary #srilanka #youtubeshorts,Motivation & Tips,2025-08-16,13,27,False,0,318865,15857,155,92700,375,5.02,850.31,3.44
d40FhLoEsUE,StarBean,4 Tips to score  Highest Marks in Math Board Exams 📚🤓 #starbean #studytips #mathstips #mathshorts,Motivation & Tips,2024-08-25,12,12,False,0,613069,12584,77,420000,731,2.07,838.67,1.46
wqG8wpXdYtA,SUCCESS JOURNEY,එක මාසෙකින් වෙනස් වෙන්න පුරුදු 12ක්❗😈🔥 | sinhala motivation video |motivation status #shots #sinhala,Motivation & Tips,2023-06-03,5,36,False,27,986563,69888,223,49300,1180,7.11,836.07,20.01
5WP7gKnAwzA,Vidam Nethsara,Grade 10 Sinhala Book 😂😂🔫 #shorts #srilankan #backbenchers,General Education,2022-07-06,3,12,False,0,1261172,0,1702,3350,1512,0.13,834.11,376.47
UVI5cSI_QfI,සුධර්මාරාමේ රිලවා...,පාතාල තාල 😅 Anuradha Perera #trending #education #short #shorts #viral #srilanka #ytshort,A/L Content,2025-06-02,8,22,False,20,370743,9642,141,62400,450,2.64,823.87,5.94
wpb1k4tVXVk,𝐒𝐭𝐮𝐝𝐲 𝐊𝐨𝐫𝐨,Qualities Of A Good Teacher | Qualities Of A Best Teacher | #shorts #teacher,General Education,2023-09-04,3,6,False,21,885721,0,68,1070000,1087,0.01,814.83,0.83
Ij1JhAyuGow,Unnal mudium 👍,pc exam model question paper#gs#tnusrb,Past Papers & Revision,2022-09-11,4,6,False,0,1173767,10837,26,16900,1445,0.93,812.3,69.45
kNK0xR6Ki2E,Shan Creation,BOC Trainee Jobs | Shan Creation | Bank Jobs | Bank of Ceylon | Government Bank Jobs,General Education,2024-07-14,13,13,False,0,626704,5806,103,70400,773,0.94,810.74,8.9
D1MGrUkPMuk,Aatchiyalan IAS Academy ,TNPSC - mental Ability Class in tamil | #government #maths,A/L Content,2024-06-30,9,40,False,15,634021,15608,79,134000,787,2.47,805.62,4.73
dEWBM4uQxXk,Trapti talks,Reality of Commerce Students 😌💯 |Subscribe| #viral #study #funny #commerce #students #viralshorts,A/L Content,2023-03-31,12,10,False,6,973640,7534,89,6380,1244,0.78,782.67,152.61
IEn1ESZlMlc,Study diary,The Most Satisfying Feeling as a Student ✨📚🖊️ @Studydiary-u5k#study#motivation,Motivation & Tips,2025-04-19,14,17,False,9,378473,13650,128,10900,494,3.64,766.14,34.72
WiFbv9n1rN4,JMV Academy,Amila Sir's Girlfriend ❤️🥰 #amiladasanayake #amilasir #echem #girlfriend #love #trending #viral,General Education,2025-09-01,5,5,False,4,273909,3721,112,1520,359,1.4,762.98,180.2
k8zJz1e_7ok,Farhan Siddiqui ( AIIMS ),Top 7 teachers for Biology . #neet#neet2025#neetmotivation#neetaspirant#mbbs#aiims#neetaspirant#,Motivation & Tips,2025-01-01,12,41,False,0,456205,17924,423,197000,602,4.02,757.82,2.32
DaTNxi4jKoU,UniverFlix,top 10 best paying jobs in sri lanka 🇱🇰🔥 #shorts #job #srilanka,General Education,2023-05-05,10,35,False,36,914914,36279,1300,17100,1209,4.11,756.75,53.5
W0MbBUQLNlY,SUCCESS JOURNEY,තමන්ට පුළුවන් බව විශ්වාස කරන්න❗😎🔥#මුතුගල_සර්  #dineshmuthugala #motivation #sinhala #shorts,Motivation & Tips,2022-11-22,12,19,False,19,1026069,50601,200,49300,1373,4.95,747.32,20.81
UsUlGiIOvxI,Prasad Rajapaksha - Physics,පයිතගරස් මූලධර්මය (Principal of Pythagoras)  | GCE Advanced Level  #physics #education #experiment,A/L Content,2025-05-18,15,18,False,0,347163,6339,58,819,465,1.84,746.59,423.89
8QsPkaGvius,🎀Shani Herath🎀,කැම්පස් නිවාඩු දවසක්😇📚💚#morningroutine #grwm #ministudyvlog #campuslife #studytips #studymotivation,Motivation & Tips,2025-05-19,13,28,False,12,345786,8762,69,2910,464,2.55,745.23,118.83
HyKVNXAjvfM,Top 10 Galaxy ,top 10 best careers for the future #shorts #ytshorts #career #top10,General Education,2024-06-02,12,35,False,23,600546,8967,65,2850,815,1.5,736.87,210.72
yj-thYSXHEw,Struggler,|Physics vs Chemistry 🔥| #shorts #edit,General Education,2023-04-19,13,11,False,0,895927,17575,708,3720,1225,2.04,731.37,240.84
EP7BJBrlIdY,WOW English,WOW English ❤️,General Education,2025-03-09,13,14,False,19,388779,16716,140,607000,535,4.34,726.69,0.64
7Cm5fT2wv7k,CJ - Combined Maths,2027 A/L | Combined Maths | Chandika Jayamaha,A/L Content,2025-03-29,3,90,False,0,368276,16985,19,102000,515,4.62,715.1,3.61
U-C_XW8sZl4,Justice Shepard,Finding the Derivative of a Polynomial Function | Intro to Calculus #shorts #math #maths,A/L Content,2022-10-25,17,61,False,0,997253,35140,483,546000,1401,3.57,711.82,1.83
MB7kJnqD0jQ,Animate Aishu,Fastest Way To Cover the Syllabus in Less Time 🔥Special Exam Study Tips,A/L Content,2023-02-26,9,342,False,17,856338,24298,1132,739000,1277,2.97,670.59,1.16
b_D0LKkF-Bo,Samitha Hewage - Science,Science grade 7 results 2nd term test #science #fyp #education,General Education,2025-09-19,9,41,False,0,224638,5081,11,1360,341,2.27,658.76,165.18
TOGwPyPoqCs,Animate Aishu,Study Tips #12 | How to Become a Topper (Part-2) #exam #study #studentmotivation,Motivation & Tips,2023-01-13,14,56,False,21,862093,51855,212,739000,1321,6.04,652.61,1.17
vRijHtsq_CA,English with Diana,What's your English level? Take this test #learnenglish,General Education,2025-07-16,13,17,False,7,259147,2388,117,6440,406,0.97,638.29,40.24
eUTqN5tTwoA,Bio Api,මේ වැඩේ කරොත් ඔයත් ගොඩ - Special 8+ Rule for Students  | Study Tips in Sinhala - Bio Api,A/L Content,2025-06-20,8,356,False,24,274941,15796,3127,558000,432,6.88,636.44,0.49
tlwca5QZMxM,Kevinmathscience,Studying with past papers,Motivation & Tips,2025-09-01,18,45,False,0,228297,18413,129,1090000,359,8.12,635.92,0.21
71A_86c_qTs,Animate Aishu,Study Tips #69 | How to Score 90+🔥 | How to Get More Marks💯 in Exam🧑‍🎓 #studytips #exam,Motivation & Tips,2024-09-30,3,60,False,26,430187,21482,230,739000,695,5.05,618.97,0.58
iYt_CJZG7gc,Strong Future ,Facebook නිර්මතෘ කිව්ව කතාව 😈 #motivation #sinhalamotivation #inspire #sinhala #strongfuture,Motivation & Tips,2023-10-13,13,34,False,0,630520,39189,107,20100,1048,6.23,601.64,31.37
5CXUSkwIDKU,The Smart Grader,How to Study Physics Like a Genius,Motivation & Tips,2025-07-07,11,11,False,30,249529,0,21,2780,415,0.01,601.27,89.76
rxGt3ctvgd0,SL Maths,2023(2024) OL Examination Test Papers,O/L Content,2024-05-24,11,38,False,0,465758,15536,250,4670,824,3.39,565.24,99.73
ULiNEPIlLlM,Sath TV,O/L  ලියන්නත් කලින්ම A9 ක් ගන්නව කියපු ශස්රිකා.. | SATH TV,O/L Content,2024-09-30,6,56,False,0,390311,5120,561,191000,695,1.46,561.6,2.04
vpxIJlLjuoA,Top 10,ලංකාවේ ජනප්‍රියම ටියුෂන් ගුරුවරු 10 දෙනා. #top10 most #famous #tution #teachers in #srilanka,General Education,2024-06-09,11,38,False,0,451868,18789,710,1790,808,4.32,559.24,252.44
WUWhekEUmMw,Studies Vid,Mathematics Quiz | Maths Quiz | #mathsquiz #quiz #mathshorts #maths #shorts #short #ytshorts,General Education,2022-11-30,6,14,False,10,754869,5534,1763,3580,1365,0.97,553.02,210.86
2x_IBNmF8EI,Wishmitha Lowa Wata - විශ්මිත ලොව වටා,උසස් පෙළදි ලැබෙන අමාරුම විෂයයන් 6 😱 | Hardest A/L Subjects in Sri Lanka 2025 #shorts,A/L Content,2025-11-04,12,22,False,32,159590,6421,762,8500,295,4.5,540.98,18.78
ueOqhjAbTLc,Lanka Prasad,No Zero Science,General Education,2025-01-30,17,15,False,0,302752,10104,170,105000,573,3.39,528.36,2.88
dyQVAVOpEWg,රොටරියේ මීයා - Rotariye Meeya,ශිෂ්‍යත්වය Vs A/L | Real Chad | #amiladasanayake #anuradhaperera #ravindubandaranayake,A/L Content,2025-04-27,11,20,False,0,255882,15849,365,743,486,6.34,526.51,344.39
D9m0gq1sqcc,Study with me,TOP 10 Advanced Level Subjects in Sri Lanka | 2024 A/L Exam Results Release Date #alexam,A/L Content,2025-04-23,17,50,False,18,250451,7981,375,42000,490,3.34,511.12,5.96
nqg9rsAWhvM,DReam A Level,OL විද්‍යාවට දවසින් A එකක් |බින්දුවෙන් පටන් ගත්තත් ගොඩ|The Ultimate 1-Day SCIENCE Study Plan for O/L,O/L Content,2026-02-22,10,1843,False,0,93549,6808,771,91200,185,8.1,505.67,1.03
IbRqr5QC-m0,BeFor ChAmp,Amila Dasanayake Motivation🥹❤️ 25AL  #shorts #shortvideo,A/L Content,2025-08-27,15,43,False,21,180703,10835,60,804,364,6.03,496.44,224.75
t7NtyEzF57M,computer mcq,Basic Computer MCQ   | computer test | computer quiz | computer most important mcq | epso ssa,Past Papers & Revision,2023-05-22,13,17,False,5,567724,4908,34,2790,1192,0.87,476.28,203.49
XZ3JrGgxq-4,පට්ට ටෝක්ස් - PATTA TALKS,Island 1st වෙන්න පැය කීයක් වැඩ කරන්න ඕනද | Amila Dasanayake | inspirational short stories about life,A/L Content,2024-06-08,11,928,False,28,384177,14130,554,22100,809,3.82,474.88,17.38
DgpIIFnFBmo,DReam A Level,OL සිංහල වලට දවසින් A එකක් |බින්දුවෙන් පටන් ගත්තත් ගොඩ|The Ultimate 1 Day Study Plan O/L Sinhala,O/L Content,2026-02-17,6,2347,False,0,90127,8845,2043,91200,190,12.08,474.35,0.99
ET-spAqqy9g,Amazing World Facts,TOP 5 Best Research Topics In The World 2023 | Amazing World Facts,General Education,2023-07-18,5,22,False,0,515539,5371,11,29500,1135,1.04,454.22,17.48
_jeysKCd7DM,Medcity International Academy,Don't Do This in Your IELTS Speaking | Medcity | Best IELTS Training in Kerala,General Education,2024-09-19,13,60,False,25,313709,11226,23,292000,706,3.59,444.35,1.07
LJoH4sCFDr8,MIHIN LIYANARACHCHI,Millor Paarth🤍 #onlineecon #education #studyadvice #studymotivation #mihinliyanarachchi,Motivation & Tips,2025-07-16,2,18,False,0,178791,5374,45,96400,406,3.03,440.37,1.85
Vcw_YPSDhjk,U Dreams,වැඩ කරන්න හිතෙන් නැද්ද එහෙනම් මේ විනාඩි කිහිපය ඔයාව වෙනස් කරයි | motivation @Accountingwithlasantha ,Motivation & Tips,2026-04-03,9,606,False,16,63695,3267,224,11300,145,5.48,439.28,5.64
DbIiAIrGPkI,Math Door,Olympiad mathematics || international olympiad math challenge #short #shortfeed,A/L Content,2023-02-10,2,14,False,14,565138,2694,3467,1020,1293,1.09,437.08,554.06
9ZRAPE1UVuI,Venura Kavinda,Ishara Madushan | Deweni Inima | Awurudu Lungi Night 2022 | Awurudu Lungi Queen | #shorts,General Education,2022-04-25,18,16,False,0,691552,21642,114,180000,1584,3.15,436.59,3.84
HVnBf2wOCMQ,Pimma - පිම්ම,A/L කරන උන් අහපල්ලා.❤️ මෙන්න Motivation #motivation #al #darshanaukuwela #ukuwelasir,A/L Content,2024-06-19,2,61,False,0,344867,22590,182,5050,798,6.6,432.16,68.29
60lDUJezKN4,Bio Api,මේ වැඩේ කරලා බලන්නකෝ 😲 - Spinning ballerina illusion - Bio Api #shorts,General Education,2022-08-11,12,48,False,20,633447,24891,1087,558000,1476,4.1,429.16,1.14
rqSyRJ7kJMU,University Student Guider,"Peradeniya University Anthem | පේරාදෙණිය සරසවි ගීතය | University of Peradeniya, Sri Lanka❤🎶🇱🇰",General Education,2023-08-29,13,177,False,25,468584,9867,1339,6200,1093,2.39,428.71,75.58
DCjVMOOv4xI,i Speak Spirit 🛐,INDIANS IN SRI LANKA PAY ~PROPHET UEBERT ANGEL🤣 #motivation #uebertangel #inspirational,Motivation & Tips,2023-07-19,18,59,False,0,478351,0,331,50100,1134,0.07,421.83,9.55
D98Q5EfOE6A,Livera,Most influential people in history 😍  #shorts #srilanka #world #viralvideo #sinhala,A/L Content,2024-12-20,3,37,False,5,256453,10292,404,11900,614,4.17,417.68,21.55
xkvt2rTt1Cg,DREAM LOVER🌹🥰,University life...💃 #trip #onedaytrip #unilife #virol #uok #srilanka #viral #tiktok  #enjoy,A/L Content,2024-01-30,3,10,False,0,385507,7442,53,1410,939,1.94,410.55,273.41
lvZmniaq3qo,Ammu's Vlogs and Shorts,OU EXAMS PASS MARKS- GRADES- GRADE POINTS,General Education,2022-03-16,7,6,False,0,652081,2177,7,552,1624,0.33,401.53,1181.31
PzY3RNhk9aU,ePapere,10-11 ICT වාර විභාග සංග්‍රාමය | එක දවසින් පාඩම් සියල්ල Revision | Niroshan Dhananjaya | e-පේපරේ,General Education,2026-07-14,17,14620,False,28,17079,901,127,259000,43,6.02,397.19,0.07
svxyZLvVwfo,IAAC - Best Airline Training College In Asia,Best Airline Training College in Sri Lanka - IAAC ✈️🇱🇰,General Education,2025-06-24,4,6,False,0,168532,1849,11,5790,428,1.1,393.77,29.11
4-Kz451CvZ8,Health & Beauty Club,හෙට විභාගයට අද කරන්න පුළුවන් දේවල් how to prepare for exams in last day @health&beautyclub study tip,Motivation & Tips,2022-12-16,12,60,False,0,506733,32675,325,136000,1349,6.51,375.64,3.73
c9nii8h9al8,Ashurshan06,✅Respect | paper dance | #shorts #youtubeshorts #dance #papercraft #dancing #art,Past Papers & Revision,2023-04-29,17,16,False,0,455525,11006,123,1670,1215,2.44,374.92,272.77
Xn5nn8icbM8,EZY MATH ,Classroom Decorations ✨ #timetable #srilanka කාලසටහන සිංහල school | chuttamale | beautiful words,O/L Content,2024-09-04,16,31,False,31,270208,5000,41,12800,721,1.87,374.77,21.11
66xSn1_EBYc,StarBean,How to study Biology🧫 (5 Study Tips📚)#motivation#fypシ#students#study#studytips#exams#shortstudy,Motivation & Tips,2023-09-28,8,16,False,0,394191,9934,55,420000,1063,2.53,370.83,0.94
tnsojVV1XCI,Science Ceylon - විදු දැනුම සරලව,Boost Your Study Sessions: 5 Healthy Tips for Maximum Productivity - පාඩම් කරන අය මේ 5 අනුගමනය කරන්න,Motivation & Tips,2023-09-23,18,30,False,0,390827,22221,44,3180,1068,5.7,365.94,122.9
l_zTYH80pNo,Saman Edirisinghe - Chemistry,ISLAND RANK එකක් ගන්න පාඩම් කරපු හැටි -  Island 4th සිසුවියගේ අදහස්,General Education,2019-12-16,3,525,False,5,886800,22461,747,20500,2445,2.62,362.7,43.26
DJEr7vAdDug,Ushan Gunasekara - Chemistry ,Inorganic ❓,General Education,2025-04-26,4,28,False,0,176591,3676,90,114000,487,2.13,362.61,1.55
ifSV-NQ00WE,ZeroToRich LK,හීන වෙනුවෙන් මහන්සි වෙන අයට | Sinhala Study Motivation,Motivation & Tips,2023-12-31,5,11,False,9,351348,14946,52,2110,969,4.27,362.59,166.52
pBcPRV_9rJA,Dequadro Vlog,grade 7 vs grade 9,General Education,2021-09-20,12,8,False,0,641734,10875,0,1460,1801,1.69,356.32,439.54
Syik7NSBEAA,Ishara  Madushan,O/L මාස 3න් ක් A 9 k ගන්නේ කොහොමද ? | How to Take 9A s from 3 months | Exam Tips By ishara madushan,O/L Content,2023-03-02,11,421,False,16,452157,20880,1434,485000,1273,4.94,355.19,0.93
uGxXZ17_In0,UDMS  Production,Anuradha perera sir live.😂🤣#anuradhaperera #funny #memes #shorts,General Education,2024-09-16,14,27,False,20,250041,5717,87,2610,709,2.32,352.67,95.8
frz-mzhyrBA,Panchali Kodi,A/L මගේ කතාව | BIO | Panchali,A/L Content,2024-06-01,5,2959,False,25,285256,14045,1490,59700,816,5.45,349.58,4.78
i5ne8YiBtZE,child education,special education #education #special #school #teaching #shorts #youtubeshorts #shortsvideo,A/L Content,2023-02-23,14,13,False,0,445421,3088,96,1410,1280,0.71,347.99,315.9
x2k4Rt4aoOA,Sithumi Skills ,Study Motivation 🌈🌷✍️ #studentlife #aesthetic #studywithme #sithumiskills #studyvlog #shorts #vlog,Motivation & Tips,2025-10-10,10,23,False,10,110065,5458,172,10500,320,5.12,343.95,10.48
RUoR306-wCw,Shan Creation,Banking Assistant Jobs | Government Bank Jobs | Shan Creation | HDFC Bank Jobs | After A/L Jobs,A/L Content,2024-07-22,5,15,False,0,262378,1963,27,70400,765,0.76,342.98,3.73
Vok65EzkBaU,SL Top Knowledge,ලංකාවේ වැඩිම වැටුපක් ගෙවන රැකියා 😱 - Top 10 Highest paying jobs in Sri Lanka #top10 #viral #shorts,A/L Content,2024-07-14,9,37,False,15,261757,9037,41,1880,773,3.47,338.62,139.23
ODXWCvvaAr0,ILAKKAYA Sinhala Motivations,A/l & O/l motivation |Exam motivation sinhala |SInhala exam motivation video by ILAKKAYA |Sinhala,A/L Content,2021-03-22,12,253,False,20,649703,30231,1756,57800,1983,4.92,327.64,11.24
sHuSLyg1wyg,Janaka sir History class,grade 6 history sinhala medium| 6 වසර ඉතිහාසය | history grade 6 sinhala medium| lesson 2| part 1,General Education,2021-03-03,4,670,False,20,653294,11836,0,183000,2002,1.81,326.32,3.57
PkETJqYrFXw,Solve For X,Grade 11 math questions to try,General Education,2023-05-13,11,8,False,0,388808,3667,46,3140,1201,0.95,323.74,123.82
0hQh25LmROw,NISAL GIMHAN SRILANKA🇱🇰,Charitha Dissanayaka Motivational Video,A/L Content,2024-02-15,3,60,False,0,298670,17324,159,3830,923,5.85,323.59,77.98
NRIwxDJc47o,Ravindu Bandaranayake,Government University Entrance Guide | Complete UGC Handbook Explained (All A/L Streams Sri Lanka),A/L Content,2026-03-01,18,4321,False,6,57566,3041,290,198000,178,5.79,323.4,0.29
UXxt4QrQSCs,Olympiad Junior,Olympiad Maths | Olympiad Genius | Olympiad Junior,General Education,2022-02-05,16,15,False,9,533228,2111,963,7480,1663,0.58,320.64,71.29
XaVewD2hEn0,U Dreams,පාඩම් කරන්න හිතෙන්නේ නැද්ද.. | sinhala motivation speech by @AmilaDasanayake,Motivation & Tips,2025-10-18,4,652,False,0,99176,5600,329,11300,312,5.98,317.87,8.78
0d38Yb5J2Oo,Kv Iroshan,O/L Prasthara Prashna | O/L Maths in Sinhala by Kv Iroshan | Grade 11 Prasthara kv Iroshan,O/L Content,2023-06-05,9,1825,False,29,374143,15041,749,256000,1178,4.22,317.61,1.46
AYnjOL-1p1A,Ravindu Bandaranayake,O/L ICT Revision Seminar 5,O/L Content,2026-02-01,20,27867,False,0,64171,4028,181,198000,206,6.56,311.51,0.32
jkSyhtZ2vrs,SL_Maths,OL Mathematics 2025(2026)  | Paper 1 | Answers,O/L Content,2026-02-23,12,300,False,10,57241,867,105,1550,184,1.7,311.09,36.93
u30QEhxpdPs,Global Image,Commerce Section Dance | RÊVAURA '25   The Social Gathering of 2025 A L Batch of St Joseph’s Balika,A/L Content,2026-04-24,18,399,False,0,38151,652,0,571,124,1.71,307.67,66.81
LYPc21TKrB4,Study With Ravi,Short Study Vlog | Stationery Vlog  | @Study with ravi #short #srilanka #status #routine #morning,Motivation & Tips,2022-08-15,12,16,False,37,451071,10524,13,1830,1472,2.34,306.43,246.49
Z6t-XnzsUKo,Balsu's Success Academy,Best MBA Course for Commerce Group Students | 11th & 12th | Tamil | @BalsusSuccessAcademy,General Education,2023-10-08,7,59,False,0,322595,7903,54,17900,1053,2.47,306.36,18.02
7zx8hkY9Bug,Uni Life,💪❤️ #sinhala #motivation #studyadvice #exam #studymotivation #studytips #study #sinhalastudytips,Motivation & Tips,2024-07-02,2,15,False,0,238682,10578,33,37400,785,4.45,304.05,6.38
1f6-rZ1RnLk,Sen Tales,පෙළ පොත වැරදි..! I found a huge mistake in grade 11 history text book..!,General Education,2023-05-25,15,36,False,18,359339,17229,279,12100,1189,4.87,302.22,29.7
iMsaGk_m0F0,SLTOP 10,ශ්‍රි ලංකාවේ හොදම විශ්ව විද්‍යාල 10 🤯|Top 10 university in the Sri Lanka|#top10 #sinhala #shorts,General Education,2024-02-14,12,35,False,7,277029,12188,273,14200,924,4.5,299.81,19.51
-1TR8K14UeU,AL Kuppiya,"""2026 A/L නංගිලා මලිලාට island 1st ගෙන් පාඩමක්""",A/L Content,2024-09-11,14,39,False,28,208425,11103,167,119000,714,5.41,291.91,1.75
vQqXp_cQuHQ,Study diary,🌧 Rainy day + study vibes = perfect combo ☕📚 #StudyDiary#minivlog#sinhala#shorts,Motivation & Tips,2025-10-21,12,12,False,8,88938,2797,29,10900,309,3.18,287.83,8.16
AxTQJQO6feo,Hasith Gunawardana,"Nepenthus bite insect|බාඳුරා ශාකය,කෘමියෙක් ගිලගන්නා ආකාරය 😧😨|#Shorts",General Education,2021-11-28,20,38,False,0,497423,13728,53,29400,1732,2.77,287.2,16.92
h5Vo-7mJisQ,Fbs News,දකුණු පළාතේ විශිෂ්ටතම  පාසල් | Best Schools | Southern Province | Sri Lanka,General Education,2024-10-04,14,23,False,5,192847,3966,482,464,691,2.31,279.08,415.62
YAUb_g_UseQ,NXT Online,"ලස්සන Maths ටීචර් 🥰❤ Dilhara Samaranayaka Beauty,She Lankan Maths Teacher",General Education,2022-07-17,9,8,False,38,418800,6097,199,1040,1501,1.5,279.01,402.69
dlMzXEcThj8,kwyvlogs 🌊,"After school, but sri lankan style 🇱🇰😂☁ #srilanka #study #vlog #srilankatravel #studyvlog #exam",Motivation & Tips,2025-09-02,12,10,False,0,98354,0,15,258,358,0.02,274.73,381.22
j7Yu-fGBSA4,DP Education - A/L සිංහල මාධ්‍යය,01 ඒකකය - පරමාණුක ව්‍යුහය | 01 වන කොටස රසායන විද්‍යාව Chemistry Unit 01 | Atomic structure Part 01,General Education,2021-08-04,6,3964,False,20,506377,6991,546,258000,1848,1.49,274.01,1.96
fiFnPH08VKo,Online Accounting,උසස් පෙළ ගිණුම්කරණ ප්‍රමිත සියල්ලම | Advanced Level | Accounting Standards | A/L | Accounting,A/L Content,2021-08-10,13,11717,False,41,501499,11043,866,101000,1842,2.37,272.26,4.97
4XE4k6iDv9U,Kv Iroshan,O/L Exam Motivation - ඔබ අහන්නම ඕන කතාවක් |  How to Get 9As in the Final Month By Kv Iroshan,A/L Content,2025-02-06,12,950,False,20,151992,11585,1254,256000,566,8.45,268.54,0.59
N9xBUYeZuL0,Hasith Gunawardana,Diving|වතුර යට කිමිදෙමුද ? |Science Channel Bro | #Shorts,General Education,2021-11-01,15,18,False,0,470507,9739,46,29400,1759,2.08,267.49,16.0
4t_nMQQv5sg,PassMe,Oh No...🤣🤣 #passme #motivation #studytips  #shortsviral #shortstrending,A/L Content,2023-05-11,13,37,False,23,315733,14836,138,84900,1203,4.74,262.45,3.72
trEcqBW7vsY,PassMe,🤣🤣 #passme #motivation #studytips  #shortsviral #shortstrending #education,A/L Content,2023-05-12,12,56,False,23,312837,12860,122,84900,1202,4.15,260.26,3.68
60epGDkFNlk,Feb Girl,I am so grateful 😩❤️ |finally @university of peradeniya #universityofperadeniya #viralvideo #shorts,General Education,2024-08-13,8,14,False,0,191992,5715,60,34300,743,3.01,258.4,5.6
QPGl_UMHWV0,Study with Malsha,Paper notes ideas 📝💜✨#shortsvideo #cute #asthetic  #bulletjournal #studywithmalsha,A/L Content,2023-03-08,11,15,False,22,319539,5084,24,14500,1267,1.6,252.2,22.04
OPm3dWunl84,Ajantha Dissanayake Official,කුලක වැඩ්ඩන්ට අභියෝගයක් part 01 I Combined Maths I Ajantha Dissanayake,General Education,2024-12-19,13,60,False,0,153665,5857,67,191000,615,3.86,249.86,0.8
jehGVypJ4RI,Higher Education SriLanka,O/L Motivation in Sinhala | How to get 9A in 3 Months | Higher Education Srilanka FULL HD,O/L Content,2022-02-17,1,853,False,16,411671,26410,1978,128000,1651,6.9,249.35,3.22
OLt8ViPPiAc,Shenuka S Devinda,බුද්ධිමත් සිසුන්ගේ ලක්ෂණ  💯💫 | Motivation | Sinhala Motivation | Mr.ShenukaSri #motivation #shorts,Motivation & Tips,2024-03-12,11,24,False,16,223421,9631,35,76400,897,4.33,249.08,2.92
k7Y15uXnD_Y,ᵐʳ.𝐊𝐚𝐮𝐬𝐡𝐚𝐥𝐲𝐚_𝐎𝐟𝐟𝐢𝐜𝐢𝐚𝐥,Top 10 Popular Mixed Schools in Sri Lanka | Best Co-Educational Schools | ඔයාගේ ඉස්කෝලේ කියන් යමු 🥰,A/L Content,2024-10-30,12,31,False,12,165417,4955,370,137000,665,3.22,248.75,1.21
Ncl_dNv0yFg,Darshana Ukuwela - Physics,"සැබෑ ධෛර්යවන්තයෙකුගේ,ඔබ ඇසිය යුතුම කතාවක් | 2023 A/L Results | Dr Darshana Ukuwela - Physics",A/L Content,2024-06-17,12,711,False,12,198226,9092,560,304000,800,4.87,247.78,0.65
8_2IBnv91zQ,OWN LibrarY,ජයග්‍රාහකයෙක් විදිහට මේකෙන් අයින් වෙන්න🔥| Amila Dasanayake Sir | OWN LibrarY#shorts #sinhala,General Education,2024-04-23,2,19,False,20,206379,8674,62,861,855,4.23,241.38,239.7
VUyqrm0u7cU,Ishara  Madushan,Grade 6-11 Online Maths Classes | Whatsapp now 0112 902 405,General Education,2024-06-21,4,33,False,0,192122,8148,109,485000,796,4.3,241.36,0.4
JcHsCyjVAp4,Cambridge International Education,POV: opening your Cambridge IGCSE™ results on 13 August,General Education,2024-08-19,14,23,False,0,175658,3418,138,55100,737,2.02,238.34,3.19
gPuUlpAQ2dI,🎀Shani Herath🎀,රෑට පාඩම් කරන්න tips ටිකක්📚🎀 #studytips #studymotivation #sinhalastudytips #sinhalavlogs #studyvlog,Motivation & Tips,2025-07-09,13,26,False,12,98191,3392,22,2910,413,3.48,237.75,33.74
Rs_ZWClIioo,2024 OL memories,2024 OL exam | Ishara Madushan | maths | thank you so much for your valuable time sir 🤍🥹,O/L Content,2025-03-15,6,31,False,7,125408,5866,63,605,529,4.73,237.07,207.29
-bfFqlhCkeE,NISAL GIMHAN SRILANKA🇱🇰,CHARITHA DISSANAYAKA MOTIVATIONAL SPEECH,A/L Content,2025-03-03,8,14,False,0,124961,4137,22,3830,541,3.33,230.98,32.63
DE9UzBcUwSM,Amila Dasanayake,2027 A/L Chemistry New Class | Amila Dasanayake🔥 #2027al  #chemistry  #amiladasanayake,A/L Content,2025-03-30,6,110,False,16,118049,6460,100,328000,514,5.56,229.67,0.36
VhSWusucNyc,Akila Vimanga Senevirathna,Akila Vimanga Senevirathna - Sinhala | Episode 128 | A/L Art කරද්දි විෂයන් 3 තෝරා ගද්දී රජයේ නීති,A/L Content,2024-10-11,12,399,False,32,157079,4951,479,575000,684,3.46,229.65,0.27
F12imox5-_U,Maths Hub,ඔයාලටත් මේහෙම වෙලා  තියේද 😅#shorts,General Education,2022-07-03,10,18,False,25,346975,8799,25,7340,1515,2.54,229.03,47.27
ApyGiZ9o4JA,SL TUTUWA,Top 10 boys schools in Sri Lanka#shorts,General Education,2023-08-14,17,34,True,12,253482,6794,468,10600,1108,2.86,228.77,23.91
bvxNEOQZA8Q,UniSelector: No.1 A/L App,ඔයාගේ Z Score එකයි Degree එකයි බලාගමුද🤩 #trending #alevel  #uniselector,General Education,2025-01-15,10,39,False,0,134502,2538,101,23900,588,1.96,228.74,5.63
VcjRkY3vhSE,Darshana Ukuwela - Physics,A/L Private කලාම තියෙන වාසි සහ අවාසි මොනවද? | Dr Darshana Ukuwela - Physics,A/L Content,2025-07-20,10,619,False,5,91438,3311,340,304000,402,3.99,227.46,0.3
WwPfwegWUoI,Epy_Short,Top10 girl's school in srilanka 🇱🇰 #shortvideo #shotfeeds #shorts #feedshorts #fyp #2024 #srilanka,O/L Content,2024-02-29,14,36,False,0,204917,4803,320,491,909,2.5,225.43,417.35
5VMXxThTcao,Strong Future ,කෙල්ලොන්ටත් පොඩි target තිබිල බෑ #motivation #sinhalamotivation #inspire #sinhala #sigma #sigmarule,Motivation & Tips,2023-07-28,1,15,False,0,249066,10862,43,20100,1125,4.38,221.39,12.39
BwhDdnb2rHA,Hasith Gunawardana,කෘමි භක්ෂක ශාක|Grade 6 Science lessons Sinhala medium Episode | Science channel Bro|2021,General Education,2021-11-11,15,31,False,7,376982,9086,0,29400,1749,2.41,215.54,12.82
cJJHeO4XyGY,Best of best ,Best physics teachers in sri lanka♥️ #physics #srilanka #for you #boy #maths #girl #public,General Education,2024-05-29,4,38,False,0,175864,5162,706,170,819,3.34,214.73,1034.49
Si43DWwToyo,TAMIL QUIZ,How to Study Economics Tips Motivation speech 💯 | Aakash sir Motivation status 💯| @tamil quiz,Motivation & Tips,2022-04-28,5,36,False,0,332162,21313,67,2180,1581,6.44,210.1,152.37
EjOD_FE2zzg,SUCCESS JOURNEY,Never give up 💪 | sinhala motivation video | motivation status #shots #sinhala,Motivation & Tips,2022-11-11,3,19,False,23,289504,16091,52,49300,1384,5.58,209.18,5.87
3hu8zp-SnTE,𝐀..𝐀.𝐀𝐧𝐮𝐡𝐚𝐬,Bio කරාම වෙන දේ🙂 #trending #education #funny,General Education,2025-07-25,5,104,False,0,82898,2725,108,9150,397,3.42,208.81,9.06
GRkt5b8MSno,Shenuka S Devinda,ලෝකයේ අමාරු උපාධි 10 ක් ☘️🌼💯| Motivation |Sinhala Motivation #shenuka sri #lifetips #life #sinhala,Motivation & Tips,2024-04-25,13,24,False,0,171924,6634,92,76400,853,3.91,201.55,2.25
DGuYJ_KVRr8,20 minutesLk,"A/L Pass 3කින් OUSL Degree 20ක් 😍 | Open University Upcoming Degrees 2026 (Bsc, LLB,Teaching, BMS)",A/L Content,2026-05-11,12,825,False,17,21506,772,105,80100,107,4.08,200.99,0.27
OzwkPQWYbhA,Sadi Suba's Vlogs 🖤🌜,🌞😏 | Morning Study Routine #minivlog #studyroutine #sinhalavlog #motivation #exampreparation,Motivation & Tips,2025-10-12,4,59,False,0,63905,2763,0,7480,318,4.32,200.96,8.54
zy4nrlCnA6E,The Kotuwa,🏆 ශ්‍රී ලංකාවේ හොඳම බාලිකා පාසල් 10 | 🏆 Top 10 Best Girls' Schools in Sri Lanka #srilanka #top10,General Education,2025-03-25,14,51,False,34,103897,2565,198,1580,519,2.66,200.19,65.76
zAz3bI6Lw74,MIHIN LIYANARACHCHI,22 nd Birthday !,General Education,2023-09-26,6,58,False,0,211313,8367,145,96400,1065,4.03,198.42,2.19
7em-agc2cP4,SIYOMATHS,Indices & Logarithm |Darshaka ha laguganaka |Past Paper Discussion | Grade 10-11 & O/L |Siyomaths 🇱🇰,O/L Content,2020-06-12,12,2847,False,21,449422,18432,3386,245000,2266,4.85,198.33,1.83
CL58z14Sdmc,ateamacad,GCSE vs. IGCSE (the REAL differences),A/L Content,2022-02-03,15,48,False,26,327976,8818,249,3190,1665,2.76,196.98,102.81
rAXKGAUzs3M,Virul Weerakoon Biology,Rotary Class පටන් ගත්ත විදිහ  | Virul Weerakoon - Biology 🧬,General Education,2023-12-13,11,59,False,25,193829,9587,70,32100,987,4.98,196.38,6.04
c3wMjE7s5eM,Smarty Study ,Study motivation video - sinhala  #viral  #studytips #shorts,A/L Content,2024-04-19,7,21,False,0,168221,7040,14,4210,859,4.19,195.83,39.96
3EFszLBcpDA,Wishwa Productions,A/L Island Ranks Story #bio_karayo,A/L Content,2023-06-18,11,60,False,3,227885,21710,478,27800,1165,9.74,195.61,8.2
JjaUyCWKhPU,Vishwa Perera,#doctor #motivation medical students in Sri Lanka | Vishwa Perera,A/L Content,2025-12-04,14,15,False,0,51307,1761,36,27100,265,3.5,193.61,1.89
ixSMdSQrSg0,Nadeesha Koralage,2028 A/L Business Studies | Theory - Day 01 |  Nadeesha Koralage,A/L Content,2026-03-06,15,7394,False,0,33298,1495,86,26000,173,4.75,192.47,1.28
DCj4S8C-Cyo,Dr Science,Photosynthesis Experiment - Tamil - Dr Science,General Education,2022-12-26,14,60,False,22,256050,3697,29,10700,1339,1.46,191.22,23.93
u56EzXAvKQk,Arpita Karwa,Information & Communication Technology (ICT) |  NTA UGC NET Paper 1 Syllabus | Part 1,Past Papers & Revision,2021-06-20,4,812,False,22,356638,7320,60,657000,1893,2.07,188.4,0.54
Fbvexqq0BrY,Kv Iroshan,2020 O/L Maths Past Paper Discussion in Sinhala |2020 සාමාන්‍ය පෙළ ගණිතය පසුගිය විභාග ප්‍රශ්න පත්‍රය,O/L Content,2022-01-31,10,1674,False,22,313686,13457,589,256000,1668,4.48,188.06,1.23
idswG6x-4ng,Nahima's World,Looking for a notebook cover design? 🥴 #notebook #coverdesign #papercraft #stickynotes,Past Papers & Revision,2023-03-15,12,45,False,0,235071,6366,23,10200,1260,2.72,186.56,23.05
fALfyGiZ5ag,ILAKKAYA Sinhala Motivations,A/l & O/l motivation |Exam motivation sinhala |SInhala exam motivation video by ILAKKAYA |Sinhala,A/L Content,2021-12-18,13,237,False,20,319082,14713,702,57800,1712,4.83,186.38,5.52
khWIct_7Zz8,AL Kuppiya,A/L වලින් මං ලංකාවෙන්ම පළවෙනියා,A/L Content,2023-06-17,11,58,False,19,217233,13266,334,119000,1166,6.26,186.31,1.83
uJr532EfAvw,AL Kuppiya,"""NASA යන්න bio maths දෙකෙන්ම A/L  කරා 🚀🤯""",A/L Content,2024-09-10,12,42,False,27,132980,4973,45,119000,715,3.77,185.99,1.12
NhxpOT4iq7Y,Get My First Job,Like studying Geography? Here's what you could become... | GetMyFirstJob,Motivation & Tips,2023-03-05,12,18,False,34,233827,5262,92,777,1270,2.29,184.12,300.94
Am_-AN8p3s0,Ganitha Papers OL,25 Most Important Short Questions for O/L Mathematics | 2026 OL,O/L Content,2026-02-09,12,4838,False,10,35819,1894,175,172000,198,5.78,180.9,0.21
AWke7Ektb5w,Tasun Vithanage,Motivation නෙවේ Discipline තියාගන්න 🧠 #island1st #srilanka #education #alevel #alevels2024 #study,Motivation & Tips,2024-06-14,5,46,False,0,145090,11932,92,5640,803,8.29,180.68,25.73
ZweqfFiUX_M,SATHARA EDUCATION,2025 O/L Past Paper Books Will Release 23rd Of September,O/L Content,2025-09-17,7,35,False,8,61813,7,1,2370,343,0.01,180.21,26.08
GmLL2j39ghk,Janaka sir History class,grade 9 history sinhala medium lesson1| 9 වසර ඉතිහාසය- | history grade 9 sinhala medium-lesson 1,General Education,2021-02-12,9,960,False,18,359286,10561,1677,183000,2021,3.41,177.78,1.96
hO0lom1VtsM,Little Life Light,පාඩම් කරන්න කලින් මේ දේවල් කරලා බලන්න 📖️💫#study #fyp #viral #shorts#reels#trending #tips #motivation,A/L Content,2025-07-08,8,21,False,0,71795,3325,10,1270,414,4.65,173.42,56.53
NfIbBcCF9ww,Numbers & Numbers,A Nice Math Olympiad Algebraic Expansions Problem. #math #olympiad #mathematics #matholympiad #viral,General Education,2023-06-14,10,51,False,28,201185,0,133,51400,1169,0.07,172.1,3.91
brdAXYbJUW4,DD ACADEMY CHENNAI,11th ல COMMERCE GROUP எடுக்கணுமா?,General Education,2025-05-26,15,58,False,34,78136,1923,25,7460,457,2.49,170.98,10.47
mRcxSEE_koU,Nimnavee,නුවර පාසල් ? Top Schools in Kandy | Sri Lanka,General Education,2025-01-02,8,21,False,0,99583,2442,310,27000,601,2.76,165.7,3.69
PnDIXfCdbZM,Motivations for A/Ls,පැනපං Tech වලට | A/L Combined Maths | Ajantha Dissanayake,A/L Content,2023-08-30,0,60,False,0,180626,9285,267,47600,1092,5.29,165.41,3.79
ojGSdc3FT7s,Maths with Chathura Madushan ,2024 (2025) O/L Result Release උනාම A/L Subject තෝරගන්න විදිහ | Best A/L Subjects Sinhala Guide,A/L Content,2025-07-05,4,6,False,12,68868,511,127,38600,417,0.93,165.15,1.78
TN4mw5cHNyM,Rehansa Dewdini,මම A/L Econ වලට 90+ A එකක් ගන්න වැඩ කරපු විදිහ 😮‍💨💗,A/L Content,2025-03-17,13,775,False,0,86837,4766,616,22300,527,6.2,164.78,3.89
G_2vO9OpzTU,Study Squad,Physics වලට A එකක් ලේසියෙන්ම ගන්න විදිය | Dr Rosa Sir,General Education,2023-10-27,11,1144,False,0,169489,5569,121,2420,1034,3.36,163.92,70.04
Wm_M4nNP5Lo,Siwwana Manaya ( The 4th Dimension ),ඔයා සඳ මත ඉපදුනොත්? | What if you born in the moon? #Shorts #science #sinhala,General Education,2023-03-22,11,52,False,27,205054,8510,37,2520,1253,4.17,163.65,81.37
xncFPRkq9-A,A/L Minds,Real motivation🔥❤️😱 #trending #shorts  #motivation #chemistry #education #success #sinhala #viral,A/L Content,2025-01-07,3,27,False,17,97073,5660,46,11600,596,5.88,162.87,8.37
fQDPcMLEVaE,SITHIVILI_සිතිවිලි ,For girls🔥😎Sinhala motivation|Motivation|Sigma rules|success|Sithivili|Srilanka|@SITHIVILI_,Motivation & Tips,2025-01-30,18,22,False,0,92900,6818,18,8230,573,7.36,162.13,11.29
pJBRzSwbKgk,Maths Crew,"Time table sinhala - A/l , o/l & grade 5 - How to make time table -  නිවැරදි ලෙස කාල සටහනන් හදමු.",A/L Content,2021-09-11,13,321,False,22,284047,10238,301,54100,1810,3.71,156.93,5.25
WbbjqNXuAeI,Bio Api,විභාගේ ගොඩදාන සුපිරි සැළසුම - A/L Study Plan Sinhala - 📚 Exam Tips 2024 from Bio Api 🌱,A/L Content,2024-08-31,12,838,False,25,113756,6926,454,558000,725,6.49,156.9,0.2
i__FIVkwaC0,Goals 🌷🍃,Short Note 📒❤📚 #goals #minivlog #motivation #exam #shortnotes #2025 #A/L,A/L Content,2025-09-04,3,32,False,0,55534,1799,7,15300,356,3.25,155.99,3.63
7raJzRnAl_s,Combined Maths With Sola,2022 A/L Island 1st Congratulation Maneth Banula Perera,A/L Content,2023-09-04,12,35,False,0,166471,6197,105,17600,1087,3.79,153.15,9.46
tVpei6Xvgyo,Hasith Gunawardana,"බැලුන් එකකින් බිමට පනිමුද ? 😍
Grade 6 Science lessons |Sinhala medium | Sky diving #Shorts",General Education,2021-10-21,3,28,False,4,270057,9607,40,29400,1770,3.57,152.57,9.19
fYqiOJ6cfdw,Ishara  Madushan,Best Online Maths Class for Grade 6-11,General Education,2024-05-26,22,10,False,0,125082,4198,78,485000,822,3.42,152.17,0.26
AgIIonUwww0,සුධර්මාරාමේ රිලවා...,A/l Combined Maths Tharaka Bandara|| #trending #education,A/L Content,2025-03-15,3,34,False,0,80013,2280,63,62400,529,2.93,151.25,1.28
qdXCd1oZwEA,AL Kuppiya,"""Bio පාඩම් කරන්න කෙටි ක්‍රම හදමු 👽 """,General Education,2024-09-16,14,56,False,27,106925,4347,11,119000,709,4.08,150.81,0.9
vBcGr8yChsI,DrD Vlog,One of the BEST COURSES in SRI LANKA after AL #after12thcourses  #2025,A/L Content,2025-08-26,23,5,False,20,54778,393,3,7180,365,0.72,150.08,7.63
MzxKc2KKAHA, Divyanjali 🌷,"""Study with me"" | 10.00pm-2.00am | late night study time 🍃📚🌙  #lifestyle #night #study",Motivation & Tips,2025-06-13,21,39,False,0,65821,2767,38,13400,439,4.26,149.93,4.91
IXhkPIOr4rY,Ceylon10,ලංකාවේ හොඳම බාලිකා පාසල් 10 Top 10 Girls' Schools in Sri Lanka | #girl #school #top10 #video,O/L Content,2025-04-26,4,22,False,0,72812,1296,102,64700,487,1.92,149.51,1.13
ZqH0ExFmh8w,Life in scrubs 🩺,Mini day vlog ♥️ #medicalstudent #srilanka #shorts #studyvlog #motivation,Motivation & Tips,2025-07-26,12,75,False,0,59005,3615,26,11200,396,6.17,149.0,5.27
Us1HC9atzYA,Maths Hub,12  ගුණාකාරය  තප්පර දෙකෙන්  මනෝමයෙන්  ලියමු   Maths Tricks Sinhala   #SHORTS#,General Education,2022-02-06,15,47,False,26,246340,7431,75,7340,1662,3.05,148.22,33.56
xhxtuL6eOu0,AL Kuppiya,"""Bio ශීත ආතතිය ට කෙටි ක්‍රමයක්"" #alkuppiya",General Education,2024-09-05,12,45,False,27,105475,5112,60,119000,720,4.9,146.49,0.89
BSU_feZpRyE,GANDABBA,"How to get A pass for Sinhala , History , ICT  on the last day  |  Last day study plan for OL",Motivation & Tips,2023-05-25,14,2287,False,32,172204,11935,1848,33300,1189,8.0,144.83,5.17
sWy1FtWNMnI,Scipio Guides,How to select A/L subjects | ⚠️මේ වැරදි කරොත් කැම්පස් යන්න බෑ | Scipio Guides 🦊,A/L Content,2025-04-10,11,1198,False,43,72526,4448,188,100000,503,6.39,144.19,0.73
HUNPwk59tCw,Ravindu Bandaranayake,O/L ICT Revision Seminar 4,O/L Content,2025-03-08,21,22878,False,0,77045,4537,282,198000,536,6.25,143.74,0.39
KzL6FaG4pNU,Pimma - පිම්ම,Chemistry ද ICT ද වැඩියෙන් වටින්නේ? 🤨 #charithadissanayake #physics #chemistry #ICT #advancedlevel,General Education,2023-10-25,6,60,False,0,148275,6521,234,5050,1036,4.56,143.12,29.36
co6qLr3J6rY,Ishara  Madushan,පයිතගරස් ප්‍රමේය විනාඩි 5 න් | ජීවිතයට Maths | Episode 3 | By Ishara Madushan,General Education,2023-04-24,9,342,False,10,172545,7027,318,485000,1220,4.26,141.43,0.36
6Efjmsrt5AU,Edu Tips,⭕ Short term courses from the Open University of Sri Lanka.⛔https://youtu.be/lFUZfSlWZko,General Education,2023-05-07,7,11,False,7,169245,1767,73,27300,1207,1.09,140.22,6.2
2_83mxjJeAU,Kv Iroshan,O/L Maths Sinhala - Jyamithiya | Geometry Question from 2020 O/L Maths Examination | Kv Jyamithiya,O/L Content,2022-05-20,5,2060,False,22,212641,9748,496,256000,1559,4.82,136.4,0.83
EXiKUWGJM0A,MIHIN LIYANARACHCHI,Econ ඉගෙනගන්න විදිය වෙනස් කලා 😎 #mihinliyanarachchi #education #onlineecon #econonline #bestecon,General Education,2025-02-15,15,21,False,0,74959,3221,21,96400,557,4.33,134.58,0.78
weWXohdGvUA,Namal Dilanka,ඇත්තටම කොමස් ලේසි ද？😢❤️ ｜ Accounting with Namal Dilanka,A/L Content,2025-07-28,2,36,False,21,52819,3668,62,55100,394,7.06,134.06,0.96
ZvXoRoXm8DU,Techsiyo AL,Introduction about the subjects of AL technology | jobs related to the technology | Techsiyo,A/L Content,2022-09-05,1,750,False,6,194109,9462,580,18100,1451,5.17,133.78,10.72
JFZIEqVGAyY,sl dinuj creation ,lasantha_sir | a/l_accounting | motivation | #lasanthaniroshan,A/L Content,2025-06-29,16,34,False,0,56429,4405,25,1780,423,7.85,133.4,31.7
MBBsYBeMVaE,UNISTEM Sri Lanka,Never dream for success but work for it😍🙌 #shorts #university #graduation,General Education,2023-05-10,8,12,False,0,160378,2957,4,833,1204,1.85,133.2,192.53
noE1h73XPjQ,MIHIN LIYANARACHCHI,2025 AL | THE LAST DANCE 💃🕺| ECON MAGIC REVISION | LESSON 01 | DAY 01,A/L Content,2025-08-05,18,14154,False,0,51097,2387,167,96400,386,5.0,132.38,0.53
k6dIrLz6RaE,Geekpranee ,Open University of Sri Lanka,General Education,2024-12-08,8,455,False,15,82736,2984,379,122000,626,4.06,132.17,0.68
3LqkGcW5dC4,Rashee Diary,Focus On Your Goal👩‍🎓📚 #study #vlog #amiladasanayake #motivation #foryou #sinhala #exam,Motivation & Tips,2025-10-25,14,25,False,0,40065,1603,7,1170,305,4.02,131.36,34.24
bKsaVXppLkg,Ravindu Bandaranayake,O/L ICT Revision Seminar 1,O/L Content,2022-05-15,23,26695,False,0,204028,13505,525,198000,1564,6.88,130.45,1.03
oHTnMux_7JA,Jokantha,අද උදේ OL සෙට් එක 😂😅  #srilanka #sinhala #funny #olevel #exam #result #relatable,O/L Content,2025-07-11,14,22,False,0,53388,1727,35,43900,411,3.3,129.9,1.22
0voErs3B2o0,Hasith Gunawardana,බලන්නකො එයාගේ හැටි 😯|#Shorts,General Education,2021-11-30,6,24,False,0,223941,4922,34,29400,1730,2.21,129.45,7.62
ba4DS1eUoWk,RAMESH A PRIYANKARA,ගිණුම්කරණය  හැඳින්වීම සහ එහි  අවශ්‍යතාවය මුල සිට සරලව( 1  ඒකකය ),General Education,2021-07-11,4,8690,False,42,241319,7580,521,78500,1872,3.36,128.91,3.07
3Qoe5azdU7g,Scipio 🦊,මේ පොත නැතුව campus යන්න බෑ ⚠️2025 A/L University apply process ✅& results l Scipio Guides,A/L Content,2026-01-29,13,661,False,18,26827,1406,0,35000,209,5.24,128.36,0.77
1n8E56q9Xv8,MCP Prasanna Sir,Grade 10|11 Maths short video 05 (කෙටි ප්‍රශ්න ) #pastpapers #grade10mathematics #education #maths,Past Papers & Revision,2024-09-22,5,60,False,26,88281,3646,54,2870,703,4.19,125.58,30.76
6U-qrJhw05c,GAMIX,ajantha sirge athal,General Education,2021-12-14,16,35,False,0,214749,8699,115,582,1716,4.1,125.15,368.98
1r4HSuOc5BE,sl dinuj creation ,2026 A/l අය ඉවරයි | Madushan Neranjan Combined Maths | CM With MN,A/L Content,2025-01-01,16,76,False,0,75174,3353,92,1780,602,4.58,124.87,42.23
k6pixP8BRkw,Melody Of Science,MCQ Paper එකෙන් මෙච්චර ගේමක් දෙන්න පුලුවන්ද? #shorts #ol #grade11 #grade10,O/L Content,2024-01-22,12,60,False,38,117686,4541,29,11600,947,3.88,124.27,10.15
qS2dKjizzWs,Chanux Bro,"After O/L Courses, Degree Programs in Sri Lanka with UCL",O/L Content,2022-12-14,10,568,False,14,167425,7714,445,2190000,1351,4.87,123.93,0.08
C0ypaTw172w,Tharu vlog,Top 10 boys schools in Sri Lanka (2024)😱❤️‍🔥👌🏻🇱🇰 #srilanka #viralshort #school#top10,General Education,2024-11-01,6,36,False,0,82089,1730,87,3290,663,2.21,123.81,24.95
yBcyMt2W0B0,EDU Dreamers,O/L maths | Short 14 #shorts #education #maths,O/L Content,2022-11-13,6,52,False,35,169232,9921,81,3840,1382,5.91,122.45,44.07
b3WkSmjBHQk,Iman Bandara Productions,Commerce Section Dance - Dudley Senanayake Central College 2024 A/L Batch Party | RECORDATIO' 25,A/L Content,2025-06-05,14,714,False,0,54419,1102,37,13800,447,2.09,121.74,3.94
q0pjnAJkA5c,ඇතුගල මැරියන්,Who's your favourite teacher ❤️‍🩹 #phonk #trending #fyp #edit #chemistry #shorts,General Education,2025-05-27,17,25,False,13,54829,1394,358,1770,456,3.2,120.24,30.98
xqwzDPNxqMM,Aspirantstudychannel,Information Technology - Most Repeated MCQs #subscribe #shorts #grow,Past Papers & Revision,2023-09-13,12,7,False,9,128964,0,13,5800,1078,0.01,119.63,22.24
q_AOTWnQfbQ,THE BISON බයිසන්,උබලා chrom එකේ බලන ඒවා ගෙදර මිනිස්සුන්ට අහුවෙන හැටි? | Ravindu Bandaranayake | ICT from abc,General Education,2025-04-17,3,80,False,0,58752,2456,29,20500,496,4.23,118.45,2.87
S49vI-xxmR4,JMC Jayasekera Management Centre,Commerce කලොත් අනාගතේ Job නෑ? තවදුරටත් Commerce තෝරාගත යුතුද? #ytshorts #fyp #viralvideo #commerce,General Education,2025-05-22,10,173,False,24,54326,2691,22,38500,461,4.99,117.84,1.41
FyvQjO2c_cU,ePapere,ඉතිහාසය කුප්පිය දෙවනවාර විභාග ඉක්කගත 11 ශ්‍රේණිය ආවරණය-grade 11 history second term revision-epapere,Past Papers & Revision,2023-10-21,17,5860,False,29,122535,5804,866,259000,1040,5.44,117.82,0.47
dBl9SBb33uY,Anuradha Perera,2027 A/L වලට MATHS/BIO කරන්න කලින් බලන්න | 2027 පන්‍ති ආරම්භක විස්තර,A/L Content,2025-03-28,5,2217,False,21,60425,1768,128,327000,516,3.14,117.1,0.18
rCX2SvkmGPA,Maths Crew,How to select subjects for A/L - සාමාන්‍ය පෙළින් පසු උසස් පෙළ කරන්න නිවැරදිව  විෂයන් තෝරාගමු - Tips,A/L Content,2021-09-28,13,316,False,29,209117,6747,894,54100,1793,3.65,116.63,3.87
U7z_aCSkwYg,Irushi kaushani Gunthilake,ශ්‍රී ලංකාවේ වැඩිම සිසුන් සහිත පාසල් 10 || Largest schools in Sri Lanka,General Education,2023-05-23,9,37,False,0,135728,0,257,3410,1191,0.19,113.96,39.8
M-jld04NW2s,වැදගත් දේවල් - Wedagath Dewal,ලංකාවේ උසස් පෙළ විභාගයේ අමාරුම විෂයන් 📚💡 Hardest & Complex A/L Exam Subjects #exam #sinhalashorts,A/L Content,2025-10-27,15,34,False,27,34434,1192,30,8220,303,3.55,113.64,4.19
eCxAtmFyHSQ,KK Academy SL,Top 10 Best Courses After A/Ls in Sri Lanka 2025 | High Demand Non-Degree Courses,A/L Content,2025-04-28,13,546,False,21,54923,1253,43,123000,485,2.36,113.24,0.45
9r9rw5JlVEw,U CAN,Maths මෙච්චර ලේසියෙන් ගොඩදාගන්න පුලුවන් වෙලත්..ඇයි බොරුවට Fail වෙන්නේ ? | Studytips| Anuradha perera,Motivation & Tips,2023-07-03,12,714,False,20,129923,5345,296,19700,1150,4.34,112.98,6.6
8uorE5SKTww,ePapere,O/L ICT අවසන් සංග්‍රාමය 01 අදියර - 10/11 Syllabus එකම දවසින් With Guess Questions - O/L ICT Revision,O/L Content,2026-02-11,4,10519,False,24,21588,1191,75,259000,196,5.86,110.14,0.08
u3HOypBz-Og,SFT තිතටම With Dilshan,2024 A/L SFT Paper #sftdilshan #srilanka #tech #school #SFT #technology #results #exam #alevels,A/L Content,2024-12-04,7,17,False,0,69354,1078,0,1280,630,1.55,110.09,54.18
wHczGBR7XcU,Ravindu Bandaranayake,O/L ICT Revision Seminar 3,O/L Content,2024-04-28,22,29482,False,0,93393,6652,370,198000,850,7.52,109.87,0.47
rtdqMpFxnjM,Pathikada Productions,Best Universities Sri Lanka|ලංකාවේ හොදම විශ්වවිද්‍යාල|Universities of Srilanka#university#srilanka,General Education,2024-11-29,7,59,False,13,69695,3573,102,7650,635,5.27,109.76,9.11
naYUVhP4b4A,Agri Lovers,ලංකාවේ හොදම විශ්වවිද්‍යාල 10 🎓 | Universities in Sri Lanka #unilife #campus #srilankauniversity,General Education,2025-09-20,5,19,False,0,37239,1950,26,13500,340,5.31,109.53,2.76
2DIxjYDQwtI,Madushan Neranjan Combined Maths | CM With MN,උසස්පෙළ සංඛ්‍යානය සම්පූර්ණ සිද්ධාන්ත කෙටියෙන් | AL Statistics | 2022 AL |CM with MN |,A/L Content,2023-01-12,9,5789,False,5,143650,4952,241,76100,1322,3.62,108.66,1.89
0l384PKvAqU,Econ by Lucky Chathuranga,Econ Lesson 01 || ආර්ථික විද්‍යාව හැඳින්වීම | Econ Theory Discussion  - Economics 2024,General Education,2024-06-07,17,7498,False,39,87511,2888,166,69000,810,3.49,108.04,1.27
VN86a7Lv6ok,Kv Iroshan,2020 O/L Exam Paper Discussion in Sinhala |Bhaga Prashnaya |Part B of  O/l Maths paper by Kv Iroshan,O/L Content,2022-02-15,10,1095,False,23,178305,8056,411,256000,1653,4.75,107.87,0.7
aG7MAkNw67w,Ravindu Bandaranayake Speeches,Truth of ranks #ravindubandaranayake #ictfromabc #al,General Education,2024-06-21,3,59,False,0,85514,4824,49,18600,796,5.7,107.43,4.6
iA0eYN9Z4U4,Ruvi's Thoughts,මම A/L Chemistry 90+ ක් ගත්ත ක්‍රමය 💎 | GCE A/L Chemistry,A/L Content,2025-11-01,17,1165,False,4,31896,1725,236,22900,298,6.15,107.03,1.39
bxFgfY-67tw,DP Education - ගණිතය,Real Numbers | තාත්වික සංඛ්‍යා (01 කොටස) -  උසස් පෙළ 12 ශ්‍රේණිය සංයුක්ත ගණිතය,A/L Content,2020-04-24,5,7594,False,21,245619,4523,251,929000,2315,1.94,106.1,0.26
e6ltpJtyosM,SL TUTUWA,Top 10 best girls school in sri lanka|ලංකාවේ හොදම බාලිකා පාසල් 10😮😮#shorts #girlsschool #top10,O/L Content,2023-09-28,11,36,False,18,112488,2639,81,10600,1063,2.42,105.82,10.61
69IE4sQI0Ww,Brain wise,Amila dasanayake sir | Motivational speech #srilanka #motivation #trending #viralvideo,A/L Content,2024-08-04,9,32,False,0,78379,3534,9,971,752,4.52,104.23,80.72
rgCZ8rzgkm0,Ravindu Bandaranayake,O/L ICT Revision Seminar 2,O/L Content,2023-05-20,21,27138,False,0,124009,9702,455,198000,1194,8.19,103.86,0.63
f15AsMoMFIo,🎀Shani Herath🎀,උදේට පාඩම් කරමු😇📚💚 #motivation #motivational #studytips #sinhalastudytips #sinhalamotivation #shorts,A/L Content,2025-05-24,12,38,False,14,47641,2506,25,2910,459,5.31,103.79,16.37
0J_9nKd-3us,Smarty Study ,Study motivation Video - Sinhala #viral #study #motivation,A/L Content,2024-04-04,7,40,False,8,87546,6566,12,4210,874,7.51,100.17,20.79
HKUIPbMIWJw,KK Academy SL,A/L ඉවරවෙලා බැංකුවක රැකියාවක් හොයනවද? | How to Get a Bank Job in Sri Lanka After A/L,A/L Content,2025-12-03,13,915,False,17,26572,874,93,123000,266,3.64,99.89,0.22
KgX8lIyUIV4,Kv Iroshan,Kulaka - O/L Maths in Sinhala | 2021 GCE O/L Mathematics Past Paper ( SET Question ),O/L Content,2022-05-17,3,866,False,30,155730,7246,319,256000,1562,4.86,99.7,0.61
6ZVQpHlo7wE,The STudenT,Motivation Video 11 | Dinesh Muthugala | #motivation,Motivation & Tips,2023-05-10,19,28,False,0,118930,6430,21,956,1204,5.42,98.78,124.4
S3PqBaw-4Eg,Azon Science Academy,How to get a degree in Sri Lanka without A/L | a/l fail උනත් රජයේ degree එකක් කරන්නෙ මෙහෙමයි,A/L Content,2023-09-13,12,620,True,19,106376,3077,260,12100,1078,3.14,98.68,8.79
c1gjUhQ_Ucc,MEDIA WITH HANSI,Arts වලින් හරිම විදිහට  subjects තෝරමු 💁 . මොකක්ද මේ Z - Score එක 🤔❓ #education #viral,General Education,2025-07-19,12,23,False,0,39738,1063,9,323,403,2.7,98.61,123.03
t6szmgxzn-8,Maths Hub,අපිට තමයි ඉතින් අමාරැ 😅🤣   #shorts,General Education,2022-07-03,10,46,False,18,148546,4814,28,7340,1515,3.26,98.05,20.24
KanIGZPIXKs,Kv Iroshan,2021 O/L Maths Past Paper Discussion | GCE O/l Examination | Kv Iroshan Maths Paper Discussion,O/L Content,2023-01-06,12,8158,False,22,129349,4308,297,256000,1328,3.56,97.4,0.51
SYrI489ivtk,Markheroes,A/l private කරන්නෙ කොහොමද?#,A/L Content,2025-07-27,0,83,False,0,38234,3698,127,148,395,10.0,96.79,258.34
g1VlBxKS7AM,ඇතුගල මැරියන්,Best Physics Teachers In Sri Lanka 🇱🇰  #phonk #trending #fyp #physics #shorts,General Education,2025-05-22,16,25,False,14,44144,904,190,1770,461,2.48,95.76,24.94
-M1K9CJIr1A,KK Academy SL,Top 10 Highest Paying Jobs for Commerce field / Lucrative Career Paths & Salary Insights,General Education,2024-09-13,8,333,False,17,68117,2250,109,123000,712,3.46,95.67,0.55
AHoxM2Y53Cg,Bio Api,Z Score එක ගැන මේ දේවල් ඔයා දන්නවද ? - A/L Exam - Z score Sri Lanka | Sinhala | Z අගය ගැන හැමදේම 📝,A/L Content,2023-02-01,11,482,False,25,124163,5275,318,558000,1302,4.5,95.36,0.22
CuYSZ43MrL4,Manji Rasara Ekanayaka  | A/L Physics,Physics Past Paper MCQ  Submission | Manji Ekanayaka #2023al #manjiteacher #pastpapers #physics,A/L Content,2023-04-19,11,13,False,0,116346,1032,14,96500,1225,0.9,94.98,1.21
lq1GYkmfCpk,Janindu Leelananda - Physics,A/L classes should have 5 invervals?,A/L Content,2025-10-08,13,43,False,0,30460,1304,7,12400,322,4.3,94.6,2.46
SS6WrmgSAeM,Rashee Diary,Focus On Your Goal👩‍🎓📚 #study #vlog  #amiladasanayake #motivation #foryou #sinhala #exam #viralshort,Motivation & Tips,2025-10-24,15,35,False,0,28923,1285,5,1170,306,4.46,94.52,24.72
S5bybveCVe4,AL Kuppiya,Econ අවුල් ද?,General Education,2023-11-16,13,51,False,21,94473,5969,22,119000,1014,6.34,93.17,0.79
IkxX1vhtUsw,Vikram Classes,Maths ♥️ Vs Biology 🧫 || #maths #vs #biology #shorts #viral,General Education,2023-10-19,13,11,False,19,96809,0,38,3170,1042,0.04,92.91,30.54
f0gGi480L8k,Education A9,#ravindu #education #sinhala #ict #ol #Al,O/L Content,2024-11-14,2,48,False,10,60065,4220,32,4730,650,7.08,92.41,12.7
DpKMZLDXlMw,ඩොටී Knowledge ,2025 ලංකාවේ හොඳම විශ්වවිද්‍යාල 10 ❤️ | Best universities 10 in sri lanka 2025 ❤️ #2025 #university,General Education,2025-07-25,2,177,False,0,36325,2831,52,2000,397,7.94,91.5,18.16
JmLRa8SplCo,Rehansa Dewdini,A/L Commerce ඔයාලට❤️,A/L Content,2024-09-25,10,735,False,0,63943,3498,464,22300,700,6.2,91.35,2.87
OUV98oF4H_k,Samadhi's Diary ,A/L Business studies පාඩම් කරන්න ගොඩ ගැහිලද ?🙄 දවසට පාඩම් දෙකයි දින 20න් full syllabus එක දෙපාරක් 🎯📚,A/L Content,2025-10-12,12,668,False,12,29036,2030,318,19300,318,8.09,91.31,1.5
IGwmNePBkAw,AL Kuppiya,"""ICT තනියම coding කරන්නේ මෙහෙමයි - A /L Island ranker🚀""",General Education,2024-09-21,14,34,False,0,64006,3474,40,119000,704,5.49,90.92,0.54
nzVm0b_I3Yo,Ravindu Bandaranayake Speeches,Ravindu Bandaranayake speeches | Advantages and Disadvantages of Doing A/L Exam in Private,A/L Content,2023-08-11,13,318,False,27,100636,5505,760,18600,1111,6.23,90.58,5.41
QIi3bXFDwOM,Combined Maths | Janindu Rashmika,A/L MATHS කරන්න කලින් බලන්නම ඕන විඩියෝ එක | A/L Combined Maths | JANINDU RASHMIKA,A/L Content,2025-03-26,14,1162,False,24,46518,2267,237,35100,518,5.38,89.8,1.33
mNrge7BvJPA,Uma Fernando 🌸 🧚,Study Plan idea for You 🙆🏆️🌸⏰ #studytipsinsinhala #motivation #sinhala #unistudent #viralshorts,Motivation & Tips,2024-05-12,14,11,False,0,75001,1685,5,19500,836,2.25,89.71,3.85
uBRTKdQkd9M,She Reviews,A/L Study Motivation | University of Colombo | UOC #srilanka #collegelife #Alevels #Exammotivation,A/L Content,2025-09-17,8,27,False,0,30532,2069,25,1690,343,6.86,89.01,18.07
HyX4dJ6dXtI,Ravindu Bandaranayake,Grade 10 ICT - Lesson 1/2 - Day 01 | 10 ශ්‍රේණිය ICT - 1/2 පාඩම - 1 දිනය,General Education,2024-06-08,3,5047,False,0,70816,2265,75,198000,809,3.3,87.54,0.36
9g57ncz9wdg,AL Kuppiya,Island 1st 😍 #motivations #motivation #viralvideos #study,Motivation & Tips,2023-09-28,10,50,False,30,91304,4589,17,119000,1063,5.04,85.89,0.77
N2rKTSGrhcg,SIYOMATHS,O/L Easy Maths | Past Paper Discussion | Mathematics | Ganithaya | Grade 10-11 & O/L |Siyomaths 🇱🇰,O/L Content,2020-06-01,5,181,False,25,195226,9692,787,245000,2277,5.37,85.74,0.8
EOEzeSbeHLg,AL Kuppiya,වාණිජ අංශයෙන් ලංකාවේම පළවෙනියා වෙන්න ඉෂිනි පාඩම් කලේ මෙහෙමයි | Island 1st commerce A/L exam,A/L Content,2022-10-16,11,807,False,30,120155,4964,0,119000,1410,4.13,85.22,1.01
ye5TzswxSxY,Charm and Calm,A/L arts තමන්ට ගැළපෙනම විෂයන් 3 තෝරගන්න විදිහ | how to choose best three subjects for Arts students,A/L Content,2022-06-08,17,642,False,0,129618,3592,439,29500,1540,3.11,84.17,4.39
DOnHSyLnFYY,Combined Maths With Sola,#2023 #2024 #2025 #advancelevel #combinedmaths #onlineclasses #mathematics #sola #education,General Education,2023-10-24,1,43,False,0,87022,1987,62,17600,1037,2.35,83.92,4.94
QTCileYpwnY,AL Kuppiya,Short note මෙහෙම හදමු 🔖,General Education,2023-06-25,12,30,False,24,96636,5062,13,119000,1158,5.25,83.45,0.81
xum7h2TeM54,Ceylon10,ලංකාවේ  ජනප්‍රියම ටියුෂන් ගුරුවරු 10  | Top 10 Popular A/L Tuition Teachers in Sri Lanka #alevel,A/L Content,2025-10-27,11,37,False,0,25148,755,33,64700,303,3.13,83.0,0.39
lyEj62HNlv0,Kv Iroshan,2020 O/L Maths Part 2 Paper - Question No 2 | Prasthara |Graph,O/L Content,2022-03-11,2,1195,False,28,134530,5859,280,256000,1629,4.56,82.58,0.53
c5sR09hu5JM,Asiri Rodrigo - Accounting,Exam එක​ට Ready වෙන්නේ මෙහෙම​යි,General Education,2023-05-14,3,60,False,21,98444,9846,64,76200,1200,10.07,82.04,1.29
8bo-O0CpIhM,Gurulu History Academy,පැන්ඩෝරා #history #onlineclasses #ඉතිහාසය #worldhistory #pandora #greekmythology,General Education,2021-10-29,17,28,False,0,143071,3758,33,1560,1762,2.65,81.2,91.71
AGKFYcMWkSk,GANDABBA,How to do AL private | How to do AL a year early,A/L Content,2023-07-27,12,725,False,17,91152,6289,1632,33300,1126,8.69,80.95,2.74
zAqLUlC-DzA,DSP EduHub,A/L Art කරලා මොනවද කරන්න පුළුවන් ?🤔🤔🤔 | Jobs field #education #  #gk #jobs,A/L Content,2024-07-11,11,11,False,0,62486,872,24,19600,776,1.43,80.52,3.19
BfjOraPEC2s,Maths with Chathura Madushan ,O/L fail නම් A/L ලියන්න පුළුවන්ද? #trending #viralvideo #gk,A/L Content,2025-07-22,6,6,False,18,32196,0,111,38600,400,0.34,80.49,0.83
MYS_hw0Zmxk,Savindu Lankathilaka,top 10 best physics teachers in Sri lanka #topteacher #trending #viral #new #shorts #famous,A/L Content,2025-09-18,4,37,False,19,27500,0,135,5430,342,0.49,80.41,5.06
HaXMPDljW1Q,KK Academy SL,A/L වලට Commerce කරන එකේ වාසි සහ අවාසි,A/L Content,2024-05-18,1,410,False,18,66106,2273,246,123000,830,3.81,79.65,0.54
LWGn3dCsyoM,Online Accounting,A/L වලට Commerce කල යුත්තේ ඇයි | A/L Commerce ප්‍රතිලාභ | Commerce කිරීමේ වාසි | විකල්ප මාර්ග,A/L Content,2022-05-29,10,2280,False,24,122209,4308,656,101000,1550,4.06,78.84,1.21
b4sXu2atMTg,Buddhipriya Madhavie,How I worked to get 9 As for my OLs | School days | study tips| medical student,A/L Content,2022-11-05,12,634,False,23,109459,3775,641,45300,1390,4.03,78.75,2.42
PyqIqqNdjco,EDU LK,ලංකාවේ ජනප්‍රියම පාසල් 10 | Top 10 Most Popular Schools in Sri Lanka #shorts #top10,General Education,2024-08-08,8,38,False,0,58259,1595,68,1000,748,2.85,77.89,58.26
PQwS7l9kJio,nccworksheet colombo,Grade 6 history sinhala mcq | ඊජිප්තු ශිෂ්ටාචාරය | grade 6 history lesson 3 sinhala - new 2021,Past Papers & Revision,2021-07-04,19,491,False,21,145571,2567,0,13100,1879,1.76,77.47,11.11
Rhzsl83wWO0,Higher Education SriLanka,සතියෙන් A/L ගොඩදැම්මා | සතියටම නිදාගත්තේ පැය 28යි | How to do A/L's in 1 WEEK,A/L Content,2024-08-18,11,818,False,25,56848,2557,347,128000,738,5.11,77.03,0.44
lNq6ahKhruY,Ascend Daily ,කැපවීම තියා ගන්න 🎓💯✊🧠 #motivation #sinhala #sigmarule #sigma #study #positivity,Motivation & Tips,2025-09-24,11,80,False,7,25634,1631,15,186,336,6.42,76.29,137.82
3T2PGzHdc0A,Higher Education SriLanka,A/L Past Papers විතරක් කරලා 3A ගත්ත ක්‍රමය | How I Got 3A's with Past Papers for A/L Exam,A/L Content,2025-07-11,12,798,False,25,31339,1640,209,128000,411,5.9,76.25,0.24
qTTRQX-bz2A,Ravindu Bandaranayake,2024 AL Island 0th ?? (Maths+ICT+Physics Highest Z score) - Abdul Rasheed - ලංකාවෙ බින්දුව ??,A/L Content,2025-09-07,14,1410,False,29,26912,1958,213,198000,353,8.07,76.24,0.14
ABvN-rkQ2tk,සුධර්මාරාමේ රිලවා...,A/L 3A’s ගන්න Bright වෙන්නම ඕනෙද? | #sudharmaramerilawa #motivation #physics,A/L Content,2025-10-17,11,78,False,0,23720,1059,20,62400,313,4.55,75.78,0.38
PZaLOzJKNRo,commerce iskole,A Level Commerce කරලා වැඩක් තියෙනව ද | ඇයි කොමර්ස් කරන්න ඕන,General Education,2021-03-23,9,493,False,31,149391,5663,804,13000,1982,4.33,75.37,11.49
JB7y0n-QOk0,CHANNEL EVERYTHING,#Anurada perera# sinhala #sinhalamotivational #AL student motivation #Anurada perera motivation,A/L Content,2024-07-22,1,58,False,0,57510,3314,31,2890,765,5.82,75.18,19.9
nf_snJiw94s,Sarasawi sathkaraya MOTIVATION,A/L & O/L motivation[ Exam motivation sinhala]Sinhala exam motivation by Lanka prasad#shorts,A/L Content,2022-07-31,2,61,False,0,110263,7151,99,4450,1487,6.58,74.15,24.78
mz_Xhq4mR5g,COMMERCE CHAMPIONS TAMIL VERSION,B.A Economics vs B.Commerce vs B.Business Administration || what to select after 10+2 || Tamil,General Education,2022-06-25,18,60,False,9,112626,3035,18,3970,1523,2.71,73.95,28.37
1mGozsjkLYQ,Maths Crew,How to do AL private | Private AL Apply | උසස් පෙළ විභාගයට private apply කරන්නෙ කොහොමද ?,A/L Content,2025-01-19,13,308,False,23,42156,2087,735,54100,584,6.69,72.18,0.78
qSReFo7X2-4,SL GADGETS,Top Courses For Art Student | Art කරපු ලමයින්ට ලංකාවේ තියෙන හොදම පාඨමාලා | Art Degree Sri Lanka,General Education,2021-12-13,9,808,False,27,122876,3153,415,231000,1717,2.9,71.56,0.53
Ee_trfpy6vY,Uni Life,"A/l වලට මාස 3 යි.short notes නැද්ද? හදන්න කාලෙකුත් නෑ,ඊට වඩා වැදගත්  විවරණ  හරියටම ලියමුද? ✨️❤️",A/L Content,2021-11-05,11,31,False,0,125373,4852,13,37400,1755,3.88,71.44,3.35
d5827AjMFQk,Tharaka B Jayathilake - Combined Maths,කරන දේ හරියට කරන්න. #education #combinedmaths #tharakabandara #mathematics #exam #2025al #motivation,A/L Content,2025-06-07,11,87,False,0,31673,1529,23,22700,445,4.9,71.18,1.4
KWmxyYM9qLo,Prasanna Baddewithana,ICT ද? CHEMISTRY ද?  | Prasanna Baddewithana  #education  #fyp #chemistry #work #2027,General Education,2025-03-24,12,83,False,45,36497,2007,46,81900,520,5.63,70.19,0.45
8qaBd5ler4Q,Nimnavee,Best Boys Schools in Sri Lanka,General Education,2024-05-07,8,49,False,0,58199,2430,241,27000,841,4.59,69.2,2.16
QKfCAy_ljy0,Accounting with Lakshitha Rathnayake ,Island 4th | A/L Commerce Success Story,A/L Content,2025-04-24,13,34,False,0,33616,1093,11,3660,489,3.28,68.74,9.18
qO6YpSC1SDA,DP Education - A/L සිංහල මාධ්‍යය,Measurement | Practical No 01 - Usage of the vernier callipers | A/L Physics Practical,A/L Content,2022-08-22,6,8039,False,9,100483,974,74,258000,1465,1.04,68.59,0.39
0SsXgF9vgmA,ePapere,March OL-ICT අවසන්ම අනුමාන සම්මන්ත්‍රණය-10-11 සියල්ල ආවරණය සමග සුපිරිම A සාමාර්ථයකට-තොරතුරු තාක්ෂණය,General Education,2025-03-10,9,19345,False,24,36463,1819,146,259000,534,5.39,68.28,0.14
oCt0tY8vEtM,Tamil Motivation Faz,5 Months left- A/L Tamil Motivation|Fazrana Fahmy #mbbs #motivation,A/L Content,2024-06-09,6,430,False,6,54834,2811,234,20700,808,5.55,67.86,2.65
yz_5VxZ5I00,Sl cricket fan base,ලංකාවේ හොදම bio ගුරුවරුන්😘#short#sho#biology @dineshmuthugalaofficial@tissajananayake_withlife,General Education,2025-06-03,13,19,False,10,30239,594,87,129,449,2.25,67.35,234.41
yRY_uf-r1xY,Accounting with Ravindra Dissanayaka,2025 A/L Accounting | 170 hours Program | Theory + Revision,A/L Content,2024-12-13,5,38,False,22,41618,737,37,71900,621,1.86,67.02,0.58
ci5f5oDCvMY,Higher Education SriLanka,A/L Motivation in Sinhala | Exam Motivation | විභාගයට ගැම්මක් ගන්න | Higher Education Srilanka,A/L Content,2022-01-23,1,815,False,15,112209,5180,608,128000,1676,5.16,66.95,0.88
LFRlMXkVTD8,KUMARA WAGASINGHE,Economics Highest Rank 2024 A/L Sasip Nugegoda | Kumara Wagasinha #kumarawagasinghe  #economics,A/L Content,2024-10-24,12,26,False,0,44889,1117,10,7020,671,2.51,66.9,6.39
9oMZ6_dXI1w,Sciety,My GCE A/L success story (by 2016 batch ISLAND SECOND),A/L Content,2022-12-01,14,1328,False,3,91178,4909,750,28400,1364,6.21,66.85,3.21
3T3_g-nP9eE,campuszone lk,How to Get a Degree If You Fail A/L Exam | Sri Lanka 2026 Guide,A/L Content,2026-04-01,8,321,False,9,9824,379,36,21400,147,4.22,66.83,0.46
Rc2ZQmWvbfw,Ravindu Bandaranayake,OL ICT වලට අන්තිම මොහොතෙ A එකක් ගන්නෙ කොහොමද,O/L Content,2025-02-22,16,3144,False,29,36454,2117,122,198000,550,6.14,66.28,0.18
9BwFOSX7XjA,UniSelector: No.1 A/L App,Art ලමයෙක්ගේ Z Score එක හදමු🤩 #results #alevel #trending #uniselector,General Education,2025-01-17,0,51,False,0,38713,682,47,23900,586,1.88,66.06,1.62
kB650bGxbvs,Nimnavee,ඔයාගේ පාසල මොකක්ද ? Best Schools in Colombo Sri Lanka,General Education,2025-01-02,7,37,False,0,37782,1155,192,27000,601,3.57,62.87,1.4
mBk8IVKOq-A,Sandun Priyankara,ET Island 1st ට අපෙන් පුංචි තෑග්ගක්... ❤️🤗 #SFT #ET #BST #ICT #motivation #Tech #ටෙක් #Technology,Motivation & Tips,2024-08-27,12,59,False,0,45656,3688,148,71200,729,8.4,62.63,0.64
oe6syj7bTXM,Uni Life,ලේසියෙන්ම O/L ඉතිහාසයට A එකක් දාමු.|| #studytips #exam #examtips #history,O/L Content,2021-12-04,3,343,False,24,107736,4359,169,37400,1726,4.2,62.42,2.88
2aUlDcHSCVM,KK Academy SL,"Comprehensive Guide to Management Degrees in Sri Lanka: Universities, Courses, and Career Paths",General Education,2025-01-31,10,968,False,16,35591,1232,171,123000,572,3.94,62.22,0.29
JbFmrLxaztY,Geekpranee ,Advantages and Disadvantages of Apply Private A/L Exams in Sri Lanka,A/L Content,2024-07-05,3,713,False,16,48329,1703,340,122000,782,4.23,61.8,0.4
g5TF_R-WFyo,PassMe,O/L Maths - Bhaga | 2023 O/L Mathematics | 2022 O/L Maths Past Paper Disucsssion by Kv Iroshan,O/L Content,2024-05-12,10,937,False,23,50902,2225,148,84900,836,4.66,60.89,0.6
RlxTj6gBw4Q,KK Academy SL,A/L ඉවර අයට බැන්කු රැකියා නිකුත් වුණා : Latest Banking Jobs in Sri Lanka for A/L Students,A/L Content,2025-05-06,8,334,False,24,28467,515,37,123000,477,1.94,59.68,0.23
0TWFQrQKbmY,ePapere,HTML for  OL-ICT seminar grade 10/11-තොරතුරු හා සන්නිවේදන තාක්ෂණය-exam target-epapere-target seminar,Past Papers & Revision,2023-04-12,17,6516,False,24,73426,3245,304,259000,1232,4.83,59.6,0.28
gtF6syFe898,Ravindu Bandaranayake,2022 O/L ICT Past Paper – FULL DISCUSSION | Complete Explanation,O/L Content,2026-01-26,17,28622,False,6,12587,576,91,198000,212,5.3,59.37,0.06
fsPV8hiDPWY,TeamOne Learning LK,A/L Maths කරන්නද හිතන්නේ? (Study Advice in Sinhala) | TeamOne Learning,A/L Content,2020-01-29,17,1025,False,31,142175,6026,465,191000,2401,4.57,59.21,0.74
TWog-O176cg,Ten Thinker ,Top 10 Best Universities in Sri Lanka.🇱🇰🇱🇰🇱🇰#top #top10 #universities  #education #srilanka,General Education,2025-07-03,12,37,False,0,24690,747,13,421,419,3.08,58.93,58.65
k3Uacmll6Bw,AL Kuppiya,සම්පුර්ණ වැඩසටහන අපේ Youtube එකෙන් බලන්න ❤ #alkuppiya #islandrank #biology,General Education,2025-05-16,12,47,False,32,27359,1268,10,119000,467,4.67,58.58,0.23
xMnOXg6biWU,Pink Study Diaries,2026 A/L අවුරුද්දෙන් island rank එකක් දාන්න මේ study plan එකට වැඩ කරන්න ... #2026al ,A/L Content,2025-08-18,12,390,False,13,21836,1119,72,4690,373,5.45,58.54,4.66
FQI9vDXprdw,Combined Maths Ruwan Darshana,#2025AL Applied maths බලය ආරම්භය.. #combinedmaths  #ruwandarshana #education,A/L Content,2024-05-12,14,23,False,13,48900,1703,14,86900,836,3.51,58.49,0.56
SjNwkCPGg_4,Sarasavi Saviya සරසවි සවිය,AL සඳහා ලඝු ගණක සුලුකිරීම්. Logarithm for Advanced level calculations,A/L Content,2021-06-24,2,1259,False,17,109488,5264,565,15200,1889,5.32,57.96,7.2
G-58dAZ6b9A,SCIENCE ACADEMY TAMIL,அணுத்திணிவலகு | Quantification of elements - Grade 10 Science | GCE O/L Tamil medium,O/L Content,2020-05-07,5,682,False,28,131034,4190,557,51000,2302,3.62,56.92,2.57
JSYA7v54B5I,2025 O/L Maths ,The most popular & best  schools in Sri Lanka😱😱😱What is the best school in Sri Lanka? 🤔🤔🤔,O/L Content,2023-01-29,7,18,False,0,73565,1524,67,222,1305,2.16,56.37,331.37
mVo-CyvVjWM,Wiedza,තේරෙන සිංහලෙන් අවකලනය(Differentiation) |For University & A/L students,A/L Content,2023-03-28,15,1937,False,0,69889,3801,303,3190,1247,5.87,56.05,21.91
KFI0qNceP9c,Kv Iroshan,වර්ගඡ සමීකරණ - Quadratic Equations | 2020 OL Maths paper Discussion in Sinhala | Wargaja samikarana,O/L Content,2022-04-06,10,878,False,20,89816,3268,113,256000,1603,3.76,56.03,0.35
q0oz4cOJg4Y,Imandi Herath - ඉමන්දි හේරත්,Mini vlog diary as a A/L student 💕🎀🍓🩰💗 #students #study #srilanka #minivlog #srilanka,A/L Content,2025-06-14,16,56,False,0,24369,0,15,2590,438,0.06,55.64,9.41
iwHXVBLn1AA,Junior mind,Tuition Classes 😂👋🏻 #youtubeshorts #reach #memes #foryou #srilanka #foryou #funny #sinhala ￼,General Education,2023-10-09,2,16,False,0,58157,1136,14,2130,1052,1.98,55.28,27.3
V6VCJw_ujAg,Top 10 SL,ලංකාවේ විශිෂ්ටතම ටියුෂන් ගුරුවරු 10 | Tution Legends Sri Lanka #shorts #viral,General Education,2023-09-21,11,39,False,22,58724,1432,70,6080,1070,2.56,54.88,9.66
uW09NlUJRCE,VK Karikalan,SL 🇱🇰 Highest Salary Job 8.2MRs for Engineers #shorts | VK Karikalan |,General Education,2022-02-21,12,38,False,3,89220,2688,32,301000,1647,3.05,54.17,0.3
iZDAKYfhmaI,Chamuditha News Brief,ඉස්කෝලයකට අඩියක් වත් නොතියපු ඕනම වයසක කෙනෙක් මාස 6න් උසස් පෙළ කරල කැම්පස් යවන්න අපිට පුළුවන්. -C N B,General Education,2022-12-21,14,1616,False,0,72796,1386,374,233000,1344,2.42,54.16,0.31
EOPfrppI4U0,Elegant lankans,Physics සිංහල මාධ්‍ය හොඳම ගුරුවරුන් 5ක් #alevel #physics #tuition #srilanka #anuradhaperera #class,General Education,2023-07-05,18,33,False,0,62116,1621,203,364,1148,2.94,54.11,170.65
p761jCpa9rE,KK Academy SL,Top 10 best degrees and universities for A/L commerce student in srilanka,A/L Content,2026-05-06,8,768,False,0,6048,214,63,123000,112,4.58,54.0,0.05
T6X1lz6GQB8,Learn with MI,how to study history? | Tamil | study tricks | GCE O/L 2023,O/L Content,2021-10-31,15,409,False,0,94414,4316,293,5380,1760,4.88,53.64,17.55
EXD4rt-r564,Simplebooks,Things School Didn’t Teach You About Life After A/L | @prameshwickramasinghe | Simplebooks,A/L Content,2024-02-20,11,1870,False,24,49077,3312,139,791000,918,7.03,53.46,0.06
DB8-YClzwLU,AL Kuppiya,2022 (23) A/L commerce Island 1st interview | Island rankers A/L kuppiya,A/L Content,2023-10-14,12,1785,False,31,55835,2489,158,119000,1047,4.74,53.33,0.47
WMqnwpye_f8,EDU with DULANKA,Productive Night Study Routine 🌙📚 | Late Night Motivation | Sri Lankan Uni Life 🇱🇰,Motivation & Tips,2025-10-20,12,583,False,8,16418,1110,469,49900,310,9.62,52.96,0.33
LLXt4H9bY7Y,DReam A Level,"OL තුන්වෙනි කාණ්ඩයට දවසින් A එකක්|දැන් පටන් ගත්තත් ගොඩ|The Ultimate 1 Day Study Plan O/L ICT, HEALTH",O/L Content,2026-02-23,17,817,False,0,9640,1229,239,91200,184,15.23,52.39,0.11
TcETGjm7-JQ,Nethmini Sirimanna,Commerce කරලා කැම්පස් යන්න මාස 3න් මම පාඩම් කරපු විදිහ🤫 | A/L exam motivation | how to study for A/L,A/L Content,2024-05-16,16,834,False,0,43360,2451,314,5600,832,6.38,52.12,7.74
G7Mm2VVff54,VidyaAi lk Tamil Medium,Stop Failing A/L Arts & Commerce! Secret Study Hacks & Z-Score Masterclass | Rifath (Tamil),A/L Content,2026-05-11,10,331,False,14,5551,343,20,6900,107,6.54,51.88,0.8
DA_36blmRZE,Science and Technology ,O/L  ළමයින්ගේ ප්‍රශ්ණ වලට පිළිතුරු II Subscribe,O/L Content,2022-12-03,13,391,False,48,70662,2879,849,5230,1362,5.28,51.88,13.51
sCHvapWIarU,Sciety,My productive six months before A/L Final Exam #by-Roshen Akthar,A/L Content,2021-06-16,2,1129,False,12,98232,4689,374,28400,1897,5.15,51.78,3.46
jkb-CIwgeeY,MAHEE,ලංකාවේ ජනප්‍රිය පිරිමි පාසල් 10 | Top 10 Boys' Schools in Sri Lanka 😱 #shortvideo #viral #top10,A/L Content,2024-08-15,7,36,False,0,38275,969,60,81800,741,2.69,51.65,0.47
YmOBgHJQi5c,Cards Club,ලස්සනම මොකද්ද?😱Most beautiful government campuses in Sri Lanka#top #university #srilanka #trending,General Education,2025-06-13,14,37,False,26,22572,322,3,35000,439,1.44,51.42,0.64
EXyG5RlUX60,commerce academy LK,A/L commerce කරනවානම් අනිවාර්යයෙන්ම බලන්න🤫,A/L Content,2026-01-14,6,9,False,0,11291,315,3,77,224,2.82,50.41,146.64
KoyzsNJR7A4,KK Academy SL,"Why Choose Chartered Accountancy After A/Ls? | Benefits, Career Paths, and Salary Insights",A/L Content,2024-12-28,3,344,False,23,30315,1165,136,123000,606,4.29,50.02,0.25
BrMfHhq43Qs,KK Academy SL,Landing Your First Banking Job in Sri Lanka After A/Ls: Step-by-Step Guide,A/L Content,2025-03-02,11,1126,False,20,26655,996,59,123000,542,3.96,49.18,0.22
swrhoMQql40,Tution hub,Best combined maths teachers in srilanka ❤️| #combinedmaths | #advancelevel,General Education,2023-12-31,8,30,False,29,47301,1037,108,1830,969,2.42,48.81,25.85
eIkK3Yum8LM,Hasry sir,HASRY SIR MATHS CLASS #GRADE 11#education #motivation #exam #maths #success #tamil medium,Motivation & Tips,2025-01-01,10,53,False,7,29251,1748,47,11600,602,6.14,48.59,2.52
6ZeFZ9_kX6Q,Sciety,A complete guidance for A/L Bio stream #2023 #studytips,A/L Content,2023-07-07,13,930,False,0,55487,3144,519,28400,1146,6.6,48.42,1.95
gBT12kKoORQ,RAMESH A PRIYANKARA,Commerce කරපු කෙනෙක් Bio කරන්න ගියේ ඇයි?,General Education,2024-08-24,7,113,False,25,33844,1357,147,78500,732,4.44,46.23,0.43
egBtc5ZxDqo,Motivation Hub,Best motivation sinhala ❘ work hard ❘ motivational speech,A/L Content,2022-12-14,8,16,False,0,62463,2416,16,234,1351,3.89,46.23,266.94
fLo91hL4q70,Com Maths,2025 THEORY | දර්ශක හා ලඝු ගණක | ONLINE EXTRA CLASS #combinedmaths #ruwandarshana,General Education,2024-06-19,14,7482,False,4,36859,1644,0,24300,798,4.46,46.19,1.52
R1NgQF094iw,Digital Accounting in Tamil,A/L Economics in Tamil |Unit 1 - Introduction to Economics | பொருளியல் அறிமுகம்,A/L Content,2021-03-08,22,3531,False,28,91546,3035,336,36400,1997,3.68,45.84,2.52
geYlG5TjbIk,පට්ට ටෝක්ස් - PATTA TALKS,1st shy A/L private කරන්න පුලුවන්ද ? | first shy privet කරනවනම් බලන්නම වෙනවා | Amila Dasanayake,A/L Content,2024-06-11,1,235,False,28,36587,1724,209,22100,806,5.28,45.39,1.66
T3-1ntPb7WQ,Kv Iroshan,GCE O/L Exam 2020 - Mathematics Part 2 Paper Discussion | Gana wasthu | | Past Papers | Kv Iroshan,O/L Content,2022-03-30,10,1371,False,0,71656,2933,131,256000,1610,4.28,44.51,0.28
F1zf4TUjgJE,Bio Api,මෙන්න ඔයාට Short Notes සෙට් එකක්. - A/L Biology - Maths - Commerce - Art - Tech හැමෝටම- Bio Api Tips,A/L Content,2022-12-11,11,187,False,22,60205,2108,126,558000,1354,3.71,44.46,0.11
8LlFQ1swmK0,Kasun Liyanage Official ,What is success? #EnglishMedium #ALBusinessStudies  #kasunliyanage #BestALEconomicsClass,General Education,2025-04-22,11,48,False,7,21399,863,4,7500,491,4.05,43.58,2.85
qe3xCPGwiE0,O/L මැත with RV,O/L maths | Past paper Question 🤔✍️ | 2019 Past Paper |  #Maths #o/l #shorts #🇱🇰 #O/L මැත,O/L Content,2024-02-14,12,49,False,12,40237,1838,15,1100,924,4.61,43.55,36.58
jDDEDpK08DA,4 වටේ - 4 wate,ලංකාවේ හොඳම පාසල්. Best Schools in Sri Lanka.,General Education,2025-02-28,7,36,False,25,23552,690,42,2140,544,3.11,43.29,11.01
PY79A4dIzY0,KK Academy SL,AL වලට COMMERCE කලොත් කවුද වෙන්න පුලුවන්? : 2024,A/L Content,2023-12-02,2,530,False,18,42715,1349,175,123000,998,3.57,42.8,0.35
i0LhBYQ5TtY,AISSA,All Island Schools Science Association - 1st  Installation Ceremony,General Education,2023-07-18,3,60,False,23,48400,2391,20,610,1135,4.98,42.64,79.34
-miDs0TVLiA,Geethma Theekshani,ICT වලට A ගන්න මෙච්චර ලේසිද? 🏆 A/L ICT Study Tips📚 #al #ict #advancedlevel #studytips,A/L Content,2025-09-28,9,1571,False,12,14047,665,107,2970,332,5.5,42.31,4.73
m3zLxamfUrw,BeMove,SUPPER EXAM TIPS IN TAMIL | GCE A/L & GCE O/L | BEMOVE,A/L Content,2021-07-23,23,321,False,23,78035,3486,107,4080,1860,4.6,41.95,19.13
hzFvVU5ah7M,Janaka Bandara,Business introduction ( ව්‍යාපර හැදින්වීම - 01 පාඩම )A/L Business Studies |Sinhala | Janaka Bandara,A/L Content,2023-04-04,10,5277,False,27,50992,1539,174,7690,1240,3.36,41.12,6.63
bdu9BkC80Tc,Higher Education SriLanka,How to Study Maths | Study Tips in Sinhala | Higher Education Srilanka,Motivation & Tips,2022-12-22,13,774,False,11,54478,2800,200,128000,1343,5.51,40.56,0.43
JmwZnPcXNCU,Naduni Nethsara♡,මම A/L ICTවලට වැඩ කරපු විදිය💗🌸 #ict#a/l #exam #shorts,A/L Content,2024-10-20,5,5,False,0,27268,303,8,1980,675,1.14,40.4,13.77
ODiqkTB20u4,KK Academy SL,University නොගියත් කරන්න පුළුවන් හොඳම Courses 10 After A/L | Sri Lanka,A/L Content,2026-04-02,13,870,False,15,5831,163,18,123000,146,3.1,39.94,0.05
Tz4DZ2nqPTU,DP Education - Maths,2022(2023) GCE Ordinary Level Mathematics Past Papers | Paper 01,O/L Content,2023-10-11,7,4620,False,0,41909,615,55,293000,1050,1.6,39.91,0.14
PcYoUEppWgw,Mr SaNdUn,මම A/L වලට  A3ක් දාපු හැටි 😂❤️ University Of Colombo Student Story,A/L Content,2023-02-16,17,1357,False,35,51204,2875,385,11800,1287,6.37,39.79,4.34
Sjjkj304u5c,Namal Dilanka,2028 A/L Accounting,A/L Content,2026-05-20,8,118,False,25,3882,218,2,55100,98,5.67,39.61,0.07
XeqRSYY660Q,Study diary,3rd shy කරනවද?🙁|After A/L Results | Preparing for 3rd Attempt Journey #sinhala,A/L Content,2025-04-28,8,229,False,18,19060,652,322,10900,485,5.11,39.3,1.75
nYLfYOe0Zu8,Combined Maths With Sola,#Manojsolangaarachchi #combinedmaths #2025AL #advancelevel #onlineclasses,A/L Content,2023-06-12,5,15,False,0,45917,883,15,17600,1171,1.96,39.21,2.61
dUkuG3TxZP8,🎀Shani Herath🎀,පාඩම් කරන ගමන් pass papers කරමූ 😎🤩#studytips #studymotivation #sinhalatips #alevel2026 #aleveltips,Motivation & Tips,2026-06-19,12,25,False,11,2653,133,4,2910,68,5.16,39.01,0.91
zw5KxUni9F4,IQ Labs,2018 OL ගණිතය I - Part B | 2018 O/L Mathematics I,O/L Content,2019-11-08,6,1931,False,9,95710,1819,98,116000,2483,2.0,38.55,0.83
Uf1cLZVRTkU,ICTBLACKBELT,Maths එක්ක ICT,General Education,2023-05-27,3,41,False,55,45466,1646,53,4760,1187,3.74,38.3,9.55
_ZBaoSXlQjg,hnts♾️,A/L MATHS කරනවානම් අහන්න manoj solangaarachchi combined maths a/l motivation,A/L Content,2022-11-03,18,38,False,6,53183,1086,18,458,1392,2.08,38.21,116.12
jzPJq86fti0,MR SHAN PAGE,අහන්නම ඕන කතාවක්.... 💪❤️ | Namal Dilanka Sir. #motivation #fyp #viralvideo #srilanka #foryou #shorts,A/L Content,2024-11-13,13,51,False,0,24779,1882,22,2240,651,7.68,38.06,11.06
LvKmz4TmZME,KD Jayakody,ICT ගොඩ දාගන්න 100%ක් නොමිලේ සුපිරි Online Class එකක්.,General Education,2025-01-06,8,26,False,14,22363,583,14,108000,597,2.67,37.46,0.21
v3O7U8ipGoE,Nadeesha Koralage,2027 A/L Business Studies | ව්‍යාපාර විකාශනය  | Nadeesha Koralage,A/L Content,2025-06-05,14,5827,False,15,16717,507,0,26000,447,3.03,37.4,0.64
u3Pa-bO_uE0,campuszone lk,Art Stream 2025A/L | Which University Courses Can You Get? (Find Your Course),A/L Content,2026-04-01,13,286,False,16,5471,178,26,21400,147,3.73,37.22,0.26
IB1qpl0zEWs,TeamOne Learning LK,A/L Chemistry - Inorganic & Organic ගොඩදාගන්න (Study tips in Sinhala) | TeamOne Learning,A/L Content,2019-11-29,15,1449,False,29,91526,3073,137,191000,2462,3.51,37.18,0.48
Exm1cMLUB7g,Maths Hub,13 ගුණාකාරය  තප්පර  දෙකෙන්  මනෝමයෙන්  ලියමු . #SHORTS#,General Education,2022-02-06,15,51,False,26,60861,3038,25,7340,1662,5.03,36.62,8.29
O_TYg_UhJlo,Charitha Dissanayake,Medicine යන්න Chemistry Physics මොකටද? | Charitha Dissanayake,General Education,2024-12-05,14,72,False,25,22894,1100,37,119000,629,4.97,36.4,0.19
I5bB61ewht0,Maths Hub,7 ගුණාකාරය  ලේසියෙන්ම.      math tricks and tips - Easy math tricks #SHORTS#MathsTricks#mathshub,Motivation & Tips,2022-05-08,13,58,False,26,56777,1228,12,7340,1571,2.18,36.14,7.74
DDXFYemc0bI,Sanduni  Manathunga,Sri Lankan Nurse 👩‍⚕️💉♥️,General Education,2023-08-16,7,8,False,0,39801,965,46,1890,1106,2.54,35.99,21.06
FtftcZaVT2E,RAMESH A PRIYANKARA,2028 A/L COMMERCE නව පන්ති ආරම්භය,A/L Content,2026-02-28,5,84,False,25,6360,190,7,78500,179,3.1,35.53,0.08
sok9lr1Lu6o,Higher Education SriLanka,A/L Island 1st වෙන්න හරිම ක්‍රමය - How to become A/L Island 1st ,A/L Content,2026-02-08,12,664,False,0,7005,490,60,128000,199,7.85,35.2,0.05
6Y7hLLzEeKU,Student Lanka,Career Paths for Science Graduates: Exploring Job Prospects in Sri Lanka,General Education,2024-05-03,3,348,False,32,29650,746,235,100000,845,3.31,35.09,0.3
Uqqvjnr9lLk,GuideLightSL,"How To Make a Time Table | Study Schedule |  Time table for A/L , O/L  and Grade 6-9 | Sinhala",A/L Content,2025-01-24,12,205,False,22,20185,527,17,16200,579,2.7,34.86,1.25
4gA_BR4Ia-o,Combined Maths | Janindu Rashmika,Trigonometry Part 01 - Combined Maths A/L in Sinhala -Janidu Rashmika,A/L Content,2019-09-01,19,2209,False,16,88359,1930,376,35100,2551,2.61,34.64,2.52
z1eu-lyOLSA,Student Lanka,How to select Biological Science University degree Programs-2020 UGC Book? ජීව විද්‍යා උපාධි පාඨමාලා,A/L Content,2020-03-19,2,843,False,28,81425,1806,233,100000,2351,2.5,34.63,0.81
irIKQ1Xw_YY,Madushan Neranjan Combined Maths | CM With MN,2027 Special Group Class ආරම්භය | Combined Maths | Madushan Neranjan,A/L Content,2025-05-13,9,33,False,0,15879,629,17,76100,470,4.07,33.79,0.21
AvhYJS3iBiI,DP Education - கணிதம்,A/L Maths | Science அடிப்படை பாடநெறி - பகுதி 01,A/L Content,2020-08-12,5,9295,False,12,74041,1488,110,193000,2205,2.16,33.58,0.38
d1fgQjE20Qg,JD mind,O/L Exam guidance in Tamil | full O/L journey Tamil| study tips | 9A |@jdmind5,O/L Content,2024-08-07,13,830,False,6,25115,0,140,3140,749,0.56,33.53,8.0
8vncEbQOt4s,By chamozz !🎀,Study vlog 02🤍📚 by chamozz !💗 #motivation #biology #srilanka #fyp #onemillion,Motivation & Tips,2025-09-24,7,59,False,0,11219,577,9,260,336,5.22,33.39,43.15
WBKjB2DsUS8,TeamOne Learning LK,Sri Lankan YouTube Channels for A/L Commerce Students | Online Education | TeamOne Learning,A/L Content,2020-04-19,12,235,False,25,76662,2712,301,191000,2320,3.93,33.04,0.4
QcYm2EKhrC4,Ruvini Nanayakkara,London Syllabus vs National Syllabus in Sri Lanka | Cambridge | Edexcel Syllabus | Local Syllabus 🇱🇰,A/L Content,2024-12-07,18,555,False,18,20669,469,34,11200,627,2.43,32.96,1.85
M_sE6LG-YFM,Nadeesha Koralage,Business Studies | Nadeesha Koralage | 2025 AL,General Education,2023-06-10,16,10,False,0,38482,312,12,26000,1173,0.84,32.81,1.48
L685ocHAzno,LAKEE'S DAYBOOK... 💐,“A/L student life in Sri Lanka”🥺♥️ #motivation#education #study #foryou #exam #fypシ,A/L Content,2026-05-14,7,17,False,0,3358,154,14,439,104,5.0,32.29,7.65
bkJjRA4izus,Nawaa diaries,Study Law at Open University Sri Lanka | #shorts,Motivation & Tips,2024-09-15,17,17,False,8,22914,661,15,1630,710,2.95,32.27,14.06
uvKDfSUL0XI,Ceylon Navigator,"A/L Arts , Commerce හරි O/L වලින් විතරක් නැවක කරන්න් පුළුවන්  Job  මොනවද | Ceylon Navigator",A/L Content,2023-09-20,11,432,False,19,34546,1886,240,16200,1071,6.15,32.26,2.13
HheA_dhzvpI,Combined Maths | Janindu Rashmika,ශ්‍රේණි Summaryය | Series | A/L Combined Maths | Janindu Rashmika,A/L Content,2025-11-09,0,1508,False,29,9290,460,19,35100,290,5.16,32.03,0.26
DchWVyyl2BU,Epic Hiker,Sabaragamuwa University | Most beautiful university in Sri Lanka 🥰#travel#sabaragamuwa#nature,General Education,2025-03-28,7,19,False,0,16419,633,24,941,516,4.0,31.82,17.45
nUWf_WnX_Es,Student Lanka,"A/L 2024 Z-Score අඩුද? Aptitude Test pass වෙලා Moratuwa University Architecture, Design උපාධි කරන්න",A/L Content,2025-05-01,14,209,False,20,15251,247,114,100000,482,2.37,31.64,0.15
Y0dhbOZrCk0,KK Academy SL,A/L Commerce Sinhala 2025 – A/L Commerce කරලා වැඩක් තියෙනවද? | Commerce Stream Future Job Guide,A/L Content,2023-08-23,12,2432,False,20,34627,1143,306,123000,1099,4.18,31.51,0.28
50ynoIex-UA,Vehicle lanka,A/l Private කරන විදිය ❤️🫶#study #status #motivation #tech #maths #bio#hardwork,A/L Content,2025-07-25,7,76,False,0,12177,1004,9,57,397,8.32,30.67,213.63
3dYx-eFH1t0,DP Education - Maths,2021 GCE Ordinary Level Mathematics Past Papers | Paper 01,O/L Content,2022-10-27,4,4671,False,10,42055,528,28,293000,1399,1.32,30.06,0.14
Nb963EIoR0Q,Edu Tips,How to select A/L Subjects - What are the A/L Streams,A/L Content,2021-09-27,2,1944,False,23,53930,1342,429,27300,1794,3.28,30.06,1.98
iT446LWh560,Nenasala Gampaha,How to get A pass in a Week for O/L ICT 2021/22 - Sri Lanka - Sinhala - KD Jayakody,O/L Content,2022-04-17,14,1095,False,0,47352,2141,210,1990,1592,4.96,29.74,23.79
WKYd89zkEZk,Hiruni Chandrasekara,As a apprentice in Sri Lanka Law College ⚖️✨🎓 #motivation #lawyer #utubeshorts #minivlog,Motivation & Tips,2024-08-23,9,19,False,0,21678,843,26,8180,733,4.01,29.57,2.65
LrvLx5jrAa0,Damii,මාස 6න් 3As | Tricks and tips | A/L in 6 months |9As in 2021(2020)| 3As in 2022(2021),A/L Content,2022-12-08,10,1212,False,0,39583,1712,144,1800,1357,4.69,29.17,21.99
6gPJ0JCviTw,Higher Education SriLanka,A/L මාස 6න් 3A ගන්න හොදම Study Plan එක | How to Get 3A's in 6 Months for A/L Exam,A/L Content,2026-02-02,12,781,False,0,5949,380,49,128000,205,7.21,29.02,0.05
Z9YqbGDYmX8,Ravindu Bandaranayake,HISTORY OF THE COMPUTER - Advanced Level ICT,A/L Content,2022-07-06,17,10991,False,0,43481,2011,79,198000,1512,4.81,28.76,0.22
vt1AJXT3DS0,Happy with sapu,Mini study vlog 📝👌#studytips #studyvlog#srilanka,Motivation & Tips,2022-12-12,15,31,False,0,38710,1633,8,188,1353,4.24,28.61,205.9
ihUroFFyuRc,KK Academy SL,A/L වලට commerce කරන්න ඔනේ qualifications,A/L Content,2024-05-30,2,520,False,19,23285,834,76,123000,818,3.91,28.47,0.19
C4dLF_LLyIs,20 minutesLk,A/L පසු ගුරුවරයෙකු වෙන කෙටිම මග (Bachelor Education  in Natural Science Degree in Open University),A/L Content,2021-12-02,15,1148,True,22,49133,757,379,80100,1728,2.31,28.43,0.61
FUwy0QMRhnw,KaviDX,2025 A/L ICT Short Notes PDF Download 📚 | Theory Notes | උසස් පෙළ කෙටි සටහන් නෝට්ස් #2025al #ict2025,A/L Content,2025-11-23,9,80,False,12,7840,211,48,17000,276,3.3,28.41,0.46
reizkvYdu8I,Com Maths,2025 AL | සීමාව | PART 02 | Combined Maths | Ruwan Darshana,A/L Content,2025-10-11,14,9726,False,4,9057,296,8,24300,319,3.36,28.39,0.37
egAs-vLPtoQ,KK Academy SL,Why External Degrees Are a Game Changer for A/L  Students,A/L Content,2024-06-19,12,623,False,17,22420,511,135,123000,798,2.88,28.1,0.18
_rNkuOBhMX8,TeamOne Learning LK,A/L Combined Maths Paper - Time Management (Exam tips in Sinhala) | TeamOne Learning,A/L Content,2020-01-28,20,292,False,29,67365,2587,69,191000,2402,3.94,28.05,0.35
DcsCPQAJrm8,ICT with Shashika Madhushan,ICT Speed Revision l Grade 11 l Lesson 3,General Education,2023-09-28,11,2091,False,0,29232,1112,76,11900,1063,4.06,27.5,2.46
0RO7NNZTI5s,IQ Labs,2018 OL ගණිතය II - Part A | 2018 O/L Mathematics II,O/L Content,2019-11-12,5,2245,False,9,67904,1130,64,116000,2479,1.76,27.39,0.59
lamg5QlK-iE,KK Academy SL,Degrees offered for Advanced Level Commerce Students : 2024,A/L Content,2024-05-31,16,283,False,17,22285,646,66,123000,817,3.19,27.28,0.18
iDhoIzzP1sk,KK Academy SL,Entry-Level Job Opportunities After A/L Exams in Sri Lanka | Best Jobs for School Leavers 2024,A/L Content,2024-12-26,9,357,False,20,16502,430,45,123000,608,2.88,27.14,0.13
lhyO1daJER0,Combined Maths Ruwan Darshana,2025 THEORY | ශ්‍රිත ආරම්භ වේ.. | COMBINED MATHS | RUWAN DARSHANA,General Education,2024-03-28,4,6318,False,15,23719,1076,25,86900,881,4.64,26.92,0.27
UNPKmejw9Nc,4 වටේ - 4 wate,ලංකාවේ පාස් වෙන්න අමාරුම විභාග. Most difficult exams in Sri Lanka.,General Education,2025-03-08,7,29,False,30,14394,351,6,2140,536,2.48,26.85,6.73
fwRFEDxCwIM,SL GADGETS,A/L අසමත් වුනත් උපාධියක් ගන්න හැටි | Open University Foundation Course (OUSL පදනම් පාඨමාලා),A/L Content,2023-03-17,14,603,False,32,33696,1215,104,231000,1258,3.91,26.79,0.15
GS1jEhkYXBE,IIC Lakshya [Tamil],"Best Job Opportunities for Commerce Students | Top Companies, Salary | IIC Lakshya [Tamil]",General Education,2024-07-15,15,212,False,17,20617,563,17,5950,772,2.81,26.71,3.47
l3oHZJMICh0,Scipio 🦊,A/L කරන්න කලින් මේ දේවල් දැනගන්න‼️ | A/L subjects selection | by Scipio Guides🦊✅️,A/L Content,2025-07-23,11,807,False,43,10620,624,27,35000,399,6.13,26.62,0.3
vAK0AbiKU-k,Digital Accounting in Tamil,A/L Business Studies in Tamil |Unit 1 - Introduction to Business | வணிகக்கல்வி அறிமுகம் - Class 21,A/L Content,2021-10-09,11,5662,False,28,46663,1588,154,36400,1782,3.73,26.19,1.28
5We7iihWg9I,KK Academy SL,Best A-Level Subjects to Become a CEO | Career Guide for Future Leaders,General Education,2024-07-11,14,242,False,21,20176,775,37,123000,776,4.02,26.0,0.16
k4NddRWtC98,Hasith Gunawardana,Baby Rats |වවුල් පැටව් #Shorts,General Education,2021-10-26,7,18,False,8,45641,1352,18,29400,1765,3.0,25.86,1.55
W1LpCSbrjH4,Digital Accounting in Tamil,A/L Accounting (Tamil) – Chapter 1: Introduction to Accounting | By Faizal Meeramohaideen,A/L Content,2025-08-13,8,5981,False,19,9517,327,32,36400,378,3.77,25.18,0.26
oMF9AqnzBxw,Sciety,How to study physics for GCE A/L? Study tips,A/L Content,2020-05-12,4,517,False,6,57443,2563,186,28400,2297,4.79,25.01,2.02
f5Z2Z0WSAgk,IMA,මාස 06න් A/L කරන්න පුළුවන්ද ?,A/L Content,2025-03-17,6,1442,False,0,12978,426,69,13500,527,3.81,24.63,0.96
_RCDTeJgn_k,IQ Labs,2018 OL ගණිතය I - Part A – Q-01 to 10 | 2018 O/L Mathematics I,O/L Content,2019-11-07,5,860,False,11,60762,1303,86,116000,2484,2.29,24.46,0.52
_Z5-DFyGVro,Days Of Taruuu,මම AL BS ➡ A ගන්න වැඩ කරපු විදිහ📚❤️| How I worked to get A/L Buisness Study A💖,A/L Content,2024-09-20,4,258,False,23,17223,716,151,874,705,5.03,24.43,19.71
3B8AgoqtJ3o,Dileepa Dilshan,2020 A/L Engeneering Technology Drawing (time_lapse),A/L Content,2021-11-03,5,30,False,0,42734,1667,12,1430,1757,3.93,24.32,29.88
JrmxMs1MJmE,SL ACCOUNTING -Kalum Waduge,උසස් පෙළ Z score හැදෙන විදිය 100% ක් දැනගන්න|how to calculate z score in a/l|sl accounting,A/L Content,2022-06-07,9,646,False,20,37280,1447,107,33600,1541,4.17,24.19,1.11
6_Ttx7xaxAo,AL Kuppiya,A/L commerce ඔයාලට ඕනිම පොත් 10ක් මෙන්න | A/L commerce stream books | A/L kuppiya,A/L Content,2024-04-07,12,488,False,23,20813,853,82,119000,871,4.49,23.9,0.17
9BgLMG8Cf3E,IMA,මාස 6න් උසස්පෙළ කඩිනම් පාඨමාලාව | Masa 6n AL | IMA,A/L Content,2023-01-13,2,96,False,0,31569,599,61,13500,1321,2.09,23.9,2.34
5mstUmqD5zU,Hence Proved Academy,After O/L: How to Choose A/L Subjects | ⚠️கட்டாயமாக பார்க்க வேண்டிய பதிவு | Hence Proved Academy 🎓🎲,A/L Content,2026-03-18,14,2360,False,8,3836,297,71,4410,161,9.59,23.83,0.87
-OT_qlZk9jU,JANITH N ABERATHNA,RAVIDU SIR 😂,General Education,2023-09-23,19,31,False,0,25409,1210,12,35,1068,4.81,23.79,725.97
tRGNCSuuhYI,Janindu Leelananda - Physics,2027 A/L Class Plan | Janindu Leelananda Physics,A/L Content,2025-04-11,9,133,False,0,11944,412,5,12400,502,3.49,23.79,0.96
xYg093O8ZTo,MIHIN LIYANARACHCHI,Success Story | Galle District First ~ KAVINDU THEMIYA | 2020 AL,General Education,2021-05-08,1,395,False,4,45470,2266,106,96400,1936,5.22,23.49,0.47
PH2p9i7iuKE,DO the Duo,Uni Exam එකට ලෑස්ති වෙමු! (Sri Lanka Study Vlog) 📝📖#studyvlog #srilanka #sinhala #uni #exam #vlog,Motivation & Tips,2026-03-15,11,23,False,20,3844,128,9,120,164,3.56,23.44,32.03
IbrOJ2nzuS8,Chishi and Anu Diaries 💌,How to get 3A’s in A/L Maths stream🏆⭐️| මාස කිහිපයකින් A/L Maths ගොඩදාගන්නේ කොහොමද? #viralvideo,A/L Content,2025-10-24,7,61,False,21,7071,301,4,321,306,4.31,23.11,22.03
3Z0zJtx345Y,Maths with Chathura Madushan ,O/L 2025 ඉවරයි 😳 | A/L Subject තෝරන්නේ කොහොමද? Sri Lanka Guide 2026,A/L Content,2026-02-26,13,736,False,14,4150,0,84,38600,181,2.02,22.93,0.11
_j_vH-3fuos,Malith U.Wijewardhana,A/L subject thoranne kohomada,A/L Content,2023-06-15,11,60,False,6,26600,718,9,819,1168,2.73,22.77,32.48
dgn1yeW751U,Madushan Neranjan Combined Maths | CM With MN,අන්තිම දවස් 12 ට Maths ගොඩදාගන්න Plan එකක් | 2022 AL | ඕනම Subject එකකට 12 Days Plan එකක් |CMwithMN|,A/L Content,2023-01-10,13,1254,False,5,29592,1818,191,76100,1324,6.79,22.35,0.39
blk-fSzKJuk,KK Academy SL,A/L Commerce Z Score Guide,A/L Content,2024-06-01,8,536,False,26,18216,362,74,123000,816,2.39,22.32,0.15
vs-K-eBqRYM,Real Adventures ,ලංකාවේ අමාරුම විභාග|Difficult exams in Sri Lanka...😱 #shorts #top10 #viral,General Education,2025-03-30,1,38,False,0,10992,343,0,12700,514,3.12,21.39,0.87
qJeZRSMUXgw,Rifan's Guide,After O/L Courses  in srilanka || தமிழில் || Rifan Sahabdeen,O/L Content,2020-05-11,1,621,False,11,49010,2540,304,3420,2298,5.8,21.33,14.33
8e3Ecm_-Q3o,DP Education - Maths,2017 GCE Ordinary Level Mathematics - Paper 02,O/L Content,2020-11-23,13,7198,False,19,44584,588,32,293000,2102,1.39,21.21,0.15
B00T6sWrsJQ,AL Kuppiya,12 වසරට ඕනිම පොත් 10ක්  | A/L science stream books for grade 12 | A/L kuppiya,A/L Content,2024-03-18,12,395,False,19,18641,625,49,119000,891,3.62,20.92,0.16
wyrdNbOuMFI,AL Kuppiya,"""ආර්ථික විද්‍යාවට ලංකාවෙන් පළවෙනියගෙන් උපදෙසක්""",General Education,2024-09-04,14,57,False,28,15036,699,6,119000,721,4.69,20.85,0.13
-o--e1jnkyM,UniSelector: No.1 A/L App,කොමස් කරන ලමයෙක්ගේ Z Score එක හදමු🤩 #results  #alevel #trending #uniselector,General Education,2025-01-16,1,51,False,0,12157,140,14,23900,587,1.27,20.71,0.51
WsImPiYzvT4,Digital Accounting in Tamil,A/L Commerce Subjects in Tamil medium  | A/L Commerce Lessons Tamil,A/L Content,2020-08-05,12,93,False,30,45601,1367,75,36400,2212,3.16,20.62,1.25
lrqv5EfFUDs,LAKEE'S DAYBOOK... 💐,Al students life in sri lanka 🇱🇰 #motivation #study,A/L Content,2026-05-29,8,23,False,0,1828,60,6,439,89,3.61,20.54,4.16
S4-y1fOCQN8,Buddhipriya Madhavie,Most successful way to do past papers and score high marks,Past Papers & Revision,2022-12-07,8,298,False,17,27674,1154,0,45300,1358,4.17,20.38,0.61
CyI7uhI6RkE,Wishmitha Lowa Wata - විශ්මිත ලොව වටා,ලංකාවේ හොඳම විශ්ව විද්‍යාල 10 | Sri Lanka Top Universities 🇱🇰 #shorts,General Education,2025-11-20,11,37,False,1,5582,150,1,8500,279,2.71,20.01,0.66
cWWSEHvlKg4,Leeen Artist,A/L 2022 exam art...,A/L Content,2022-07-22,17,55,False,0,29555,0,0,863,1496,0.0,19.76,34.25
KBDZ_bR0YPw,Maths with Chathura Madushan ,O/L ෆේල් උනාට A/L ප්‍රයිවට් ලියන්න පුලුවන්ද? සත්‍යය මෙන්න,A/L Content,2025-07-21,10,552,False,14,7863,0,361,38600,401,4.59,19.61,0.2
2TyLDN61n9c,ePapere,ICT මතකාවර්ජනා-11 ශ්‍රේණිය දෙවෙන වාර විභාග ඉලක්කගත ICT සම්පූර්ණ ආවරණය-2nd term seminar exam revision,General Education,2023-10-26,2,7850,False,24,19958,882,44,259000,1035,4.64,19.28,0.08
mH3k1g4oQC0,DP Education - Maths,2021 GCE Ordinary Level Mathematics Past Papers | Paper 02 - part 02,O/L Content,2022-10-27,4,4810,False,10,26593,334,14,293000,1399,1.31,19.01,0.09
UcBMY6S91jk,C ONLINE EDUCATION,O/L History Map Marking | ලේසියෙන් ලංකාවේ ගංඟා ලකුණු කරමු | Grade 10/11 ඉතිහාසය සිතියම් |2| #shorts,O/L Content,2022-09-25,7,16,False,22,27144,1298,7,1210000,1431,4.81,18.97,0.02
TOFXKRWCeLw,SL GADGETS,"O/L , A/L Fail වුන අයට ලංකාවේ කරන්න පුළුවන් පාඨමාලාවන් සියල්ලම | Best courses for After A/L and O/L",A/L Content,2022-12-29,9,730,False,33,25165,866,80,231000,1336,3.76,18.84,0.11
V_wRdq245-g,SL Maths Tamil,GCE OL Maths past paper 2025 (2026) 1st part A (13-25) discussion in Tamil medium / simple method,O/L Content,2026-05-17,3,3426,False,0,1897,47,4,60400,101,2.69,18.78,0.03
DsOrwMApdXU,Prabath Chathuranga,A/L වලට පාඩම් කරන්න කම්මැලි ද?| Study Tips in Sinhala | #shorts,A/L Content,2022-01-21,11,39,False,28,31410,1610,33,19000,1678,5.23,18.72,1.65
aPw92fZ1EfU,Pink Study Diaries,2025 A/L 3 months study plan | #sinhala #al2025 #studyplan,A/L Content,2025-07-30,12,403,False,16,7267,412,55,4690,392,6.43,18.54,1.55
tLA_P5LPcZQ,EIA - Science Park,2024 Pure Maths Explanation | GCE A/L Pure | Structure | Tamil Medium | EIA Science Park,A/L Content,2025-08-17,15,1155,False,0,6923,258,14,10900,374,3.93,18.51,0.64
0NMXs1wVfxk,ICT with Shashika Madhushan,OL ICT - Programming Revision🔴 Lesson 01,O/L Content,2025-07-19,19,20875,False,0,7375,323,20,11900,403,4.65,18.3,0.62
FfwZHLqCDB8,Profession. lk,බැංකු රස්සාවකට එන්නේ කොහොමද? | Trainee Banking Assistant Sri Lanka (After A/L Guide 2026),A/L Content,2026-02-24,13,186,False,16,3344,77,5,896,183,2.45,18.27,3.73
WS_3nzl_8iE,DrD Vlog,Online jobs at home Sri Lanka 2023 Small business ideas Sinhala #DailyTips #srilankajobs #drdvlog,Motivation & Tips,2023-02-09,5,13,False,8,22779,342,2,7180,1294,1.51,17.6,3.17
3txjiBGbjTg,SL GADGETS,A/L අසමත් වුන අයටත් Open University එකෙන් උපාධියක් | Open University Foundation Courses | #ousl,A/L Content,2023-10-22,13,720,False,32,18254,787,122,231000,1039,4.98,17.57,0.08
jdehPx2lGgw,4 වටේ - 4 wate,ලංකාවේ ජනප්‍රියම කාන්තා පාසල්. Best Girl's schools in Sri Lanka.,General Education,2025-03-03,9,36,False,25,9479,328,14,2140,541,3.61,17.52,4.43
I37llfqmEUI,Combined  maths | Maduwantha Hettiarachchi ,උසස්පෙළ සංඛ්‍යානය සම්පූර්ණ සිද්ධාන්ත  | AL Statistics | Mathematics Statistics | sinhala  AL,A/L Content,2025-09-01,12,8271,False,30,6273,241,15,6380,359,4.08,17.47,0.98
TeIgwUQIqE0,Top Ten Shorts,Top 10 Easiest Subjects in AL exam 🤓📚 #advancedlevel #easy #shorts,A/L Content,2023-02-20,12,40,False,7,22405,632,8,1800,1283,2.86,17.46,12.45
Ozc2narijnU,Physics Kuppi,A/L Physics Mechanics - ප්‍රක්ෂිප්ත (PROJECTILES) in Sinhala with example questions,A/L Content,2020-11-02,6,2315,False,27,37072,1030,52,32900,2123,2.92,17.46,1.13
R2sff3ELZRk,Combined Maths | Janindu Rashmika,Matrix (න්‍යාස) - Part 1 - Combined Maths A/L in Sinhala - Janidu Rashmika,A/L Content,2020-03-23,6,1706,False,11,40951,1125,139,35100,2347,3.09,17.45,1.17
oXn7qrVxgp8,WINNING PATH,"Open University Of Sri Lanka Degree programs , OUSL Courses for A/L completed Students",A/L Content,2022-02-08,14,363,False,0,28622,842,134,25900,1660,3.41,17.24,1.11
BC-WvIYFpns,DP Education - Maths,Watch 1000 Maths Questions Targeting O/L Exam,O/L Content,2023-03-15,5,45,False,0,21548,612,7,293000,1260,2.87,17.1,0.07
AEo1NtD4ePs,Sarasavi Saviya සරසවි සවිය,A/L වලට ICT කරනවද? Chemistry කරනවද? |  ICT or Chemistry ? | විශ්ව විද්‍යාල අත්පොත ඇසුරින්,A/L Content,2021-06-12,8,1796,False,22,32044,1065,339,15200,1901,4.38,16.86,2.11
3uuQVAybric,Maths Hub,112  ගුණාකාරය  තප්පර දෙකෙන්  මනෝමයෙන්  ලියමු   Maths Tricks Sinhala   #SHORTS#,General Education,2023-08-18,16,37,False,26,18587,264,1,7340,1104,1.43,16.84,2.53
acQ2OxypBo0,KK Academy SL,Advance Level commerce : Full syllabus,General Education,2023-12-02,5,753,False,19,16799,465,37,123000,998,2.99,16.83,0.14
_ebvdKOvXlY,EDUS Online Institute,G.C.E A/L Combined Maths Syllabus Discussion - Tamil & English Medium - EDUS Online Institute,A/L Content,2022-10-17,6,1048,False,15,23659,719,49,4830,1409,3.25,16.79,4.9
vYVVq-Rv-wk,Edu Tips,"Bachelor of Software Engineering (Honours) Degree, The Open University of Sri Lanka (OUSL)",General Education,2025-10-18,14,10,False,10,5199,72,7,27300,312,1.52,16.66,0.19
8H6_wyYrQEs,Dinushka Sadakelum,A/L Mathematics 07,A/L Content,2022-10-17,11,10,False,0,23418,403,20,637,1409,1.81,16.62,36.76
SNMjZZRuz3c,Rifan's Guide,AL Technology Stream in tamil | Job Vacancies For Technology| Tamil,A/L Content,2021-08-25,1,407,False,17,30251,1188,239,3420,1827,4.72,16.56,8.85
N2q8qhBo3wg,Malsha Tharusha | Maths,2022(2023) O/L Maths past paper 2nd question🤔 Answer 😍,O/L Content,2023-08-16,17,53,False,0,18267,739,6,9600,1106,4.08,16.52,1.9
J3plSMeT5iw,Study TiPs With C.M.R.,how to select A/L Art subjects | 2023/2024 After O/L | Z score වැඩි කලා විෂයන් | Study tips with cmr,A/L Content,2024-09-29,4,413,False,5,11408,304,21,38400,696,2.85,16.39,0.3
ytiK_bApUKc,EV Maths,2022(2023) O/L maths past papers ANSWERS,O/L Content,2023-06-07,8,16,False,0,19039,468,0,164,1176,2.46,16.19,116.09
SfSaXXIkOjM,Bandara Palipana,"2027 A/L Commerce Fast Track | Accounting, Economics & BS Revision (LK) #al2027 #alcommerce #alexam",A/L Content,2025-10-27,2,7,False,15,4851,42,1,328,303,0.89,16.01,14.79
HBAU9T7tFS4,RiseForge,සාමාන්‍ය පෙලට මූණ දෙන අන්තිම දවස් ටික ol exam 2025 2026 sinhala maths english dp ict past papers,O/L Content,2026-02-06,17,1145,False,10,3208,114,5,17400,201,3.71,15.96,0.18
-txz5kDeJp8,Student Lanka,University Colleges - A/L S3 ට නොමිලේ NVQ ජාතික ඩිප්ලෝමා සහ උපාධි,A/L Content,2024-10-09,2,398,False,7,10908,349,44,100000,686,3.6,15.9,0.11
6STMqtxNBlk,WiDi Exam Hub,A/L වල අමාරුම Subject 10 😱🥹 #examstudy #study #studytipsandtricks,A/L Content,2025-03-09,13,37,False,51,8483,356,5,25800,535,4.26,15.86,0.33
LK1OiCAPrfo,Kasun Godawatta,OL ICT MCQ පේපරේ 40 න් 40 ගොඩදාමු  Perfect Score in OL ICT: 40/40 Tips & Tricks!,O/L Content,2024-01-05,15,15,False,0,15267,408,17,192,964,2.78,15.84,79.52
MnAh0u4oemk,Isiwara Wedaduru,Best Boys Schools in Sri Lanka 2024,General Education,2024-05-11,5,47,False,2,13205,610,62,43,837,5.09,15.78,307.09
RwCvm-vpdCg,Econ by Lucky Chathuranga,2027 A/L OPENING SEMINAR  || Economics ආර්ථික විද්‍යාව | අ.පො.ස උසස් පෙළ | Econ by Lucky Chathuranga,A/L Content,2025-04-22,4,4047,False,39,7661,300,10,69000,491,4.05,15.6,0.11
VPnqrqrTsOg,Kalika Tech Guide,A 🔥famous  place🔥 in 🇱🇰Sri Lanka🇱🇰 essay #essay #srilanka,General Education,2025-01-24,9,14,False,0,8867,138,10,691,579,1.67,15.31,12.83
HlIxIA_rbDk,ICT with Shashika Madhushan,ICT Speed Revision l Grade 11 l Lesson 2,General Education,2023-09-27,22,2430,False,0,16167,524,26,11900,1064,3.4,15.19,1.36
CCY-QBQ81xU,AMS Motivation ,Charaka Dhananjaya Sir Motivation 🖤🖤🖤 #popular #viral #2025 #srilanka,A/L Content,2025-07-15,6,56,False,0,6147,404,4,419,407,6.64,15.1,14.67
580z3jTlyQ4,Maths With Teena,2021{2022} O/L MATHS PAPER SCHEME TAMIL MEDIUM2 #grade11maths #MATHS WITH TEENA  #MARKING SCHEME,O/L Content,2025-03-14,12,20,False,0,7914,0,0,100,530,0.0,14.93,79.14
_RBHlf-azmU,ManasirNexGen,Arts Stream Course Order for advanced level Students  | உயர்தர கலை துறைக்கான கற்கைநெறிகள் 🔕,A/L Content,2025-05-05,2,2625,True,26,7133,0,156,3890,478,2.19,14.92,1.83
wMdX8pzzJQE,Kv Iroshan,Kv Maths - O/L Paper Discussing | Ganithaya padam |Kv Anumana prashna | keti prashna 25,O/L Content,2019-07-23,10,2199,False,39,38543,867,168,256000,2591,2.69,14.88,0.15
24vP2JvijSQ,LAKEE'S DAYBOOK... 💐,“A/L student life in Sri Lanka”🥺♥️ #motivation#education #study #foryou #exam #fypシ,A/L Content,2026-05-13,8,23,False,0,1554,56,8,439,105,4.12,14.8,3.54
18IYfmrjH50,Jamzith Hasan,பல்கலைக்கழகத்திற்கு எவ்வாறு தெரிவு செய்யப்படுகிறீர்!| A/Lயின் பின் அடுத்த கட்டம் என்ன!|Jamzith Hasan,A/L Content,2022-09-02,3,701,False,14,21449,840,189,24900,1454,4.8,14.75,0.86
KIt7U_z34tY,SL YT SHORTS BOY,Kingswood  #shorts #Kingswood #srilanka,General Education,2022-07-02,6,15,False,0,22350,877,20,477,1516,4.01,14.74,46.86
kC5tYnDMBko,Expert Tutor,How to choose AL subject stream after your OLs? | Bio / Maths / Commerce / Arts | Tamil,A/L Content,2021-10-05,1,625,False,0,25901,882,138,40900,1786,3.94,14.5,0.63
s3oSkHDN2LM,Pluton Academy,How to Score Good Marks in History,General Education,2021-11-04,14,572,False,5,25182,1742,124,78500,1756,7.41,14.34,0.32
69DtaneVgAg,Sudheera Peiris ,A/L maths stream වලට 3As දාන secret stratergy එක,A/L Content,2025-08-07,3,54,False,0,5459,250,2,8070,384,4.62,14.22,0.68
0UEPvkpz96w,TeamOne Learning LK,Sri Lankan YouTube Channels for A/L Arts Students | Online Education | TeamOne Learning,A/L Content,2020-04-19,12,219,False,26,32951,1144,216,191000,2320,4.13,14.2,0.17
DUcpKct5muQ,DP Education - ගණිතය,පාඩම 05 - A/L Maths | Science පදනම් පාඨමාලාව,A/L Content,2020-05-23,5,9624,False,22,32430,362,23,929000,2286,1.19,14.19,0.03
nyUZN2MPHN8,Math Vibes,ලංකාවේ  අමාරුම විභාග| most difficult exams in sri lanka 🇱🇰 #shortvideo #srilanka #education,General Education,2025-03-16,13,28,False,0,7478,196,2,14500,528,2.65,14.16,0.52
MLpKsfS_kVU,Daily Mirror Online,Top A/L achievers to get foreign university scholarships,A/L Content,2025-07-02,7,117,False,32,5941,148,16,144000,420,2.76,14.15,0.04
07uBDgecx5g,Techsic World,How to apply A/L exam private 2023 | 2023 al online application | A/L 2023 Private application,A/L Content,2023-07-19,9,60,False,13,16003,0,24,1430,1134,0.15,14.11,11.19
y2noT292c5A,Mr Dar,grade 10 & 11 i.c.t tamil medium data base | G.C.E O/L ICT | தரவுத்தளம் | Unit 09 | alighar n.s,O/L Content,2020-12-12,6,1720,False,8,29295,994,103,9710,2083,3.74,14.06,3.02
JTSHsF5OWCU,DReam A Level,මොකටද A/L 😎☝☝🏃#medicine#universityofperadeniya#physics#trending#perera#sandaruwan#education,A/L Content,2025-09-09,15,75,False,0,4903,371,16,91200,351,7.89,13.97,0.05
J1p5bd4UlgQ,National Career Guidance Podcast,A/L වලට Arts කරපු ඔබට රාජ්‍ය විශ්වවිද්‍යාල මගින් පිරිනමන උපාධි පාඨමාලා - State University Guide,A/L Content,2024-02-20,4,988,False,0,12368,365,9,1710,918,3.02,13.47,7.23
FJ8cpx6jNf8,SL Maths Tamil,GCE OL Maths past paper 2024(2025) 2nd part  Q12 / தொடை /discussion in Tamil medium / zoom class ,O/L Content,2025-12-30,7,997,False,0,3200,85,12,60400,239,3.03,13.39,0.05
WOe853wvj_c,Accounting with PW,How to Select Subjects in A/L Commerce ,A/L Content,2025-08-22,15,182,False,0,4909,153,0,1660,369,3.12,13.3,2.96
DdsFmOMKo0U,O/L මැත with RV,O/L maths | Past paper Question 🤔✍️ | 2020 Past paper |  #Maths #o/l #shorts #🇱🇰 #O/L මැත,O/L Content,2024-02-14,17,51,False,11,12198,527,6,1100,924,4.37,13.2,11.09
aFP713fal_4,Nadeesha Koralage,Nadeesha Koralage | Advanced Level Business Studies #shorts #nadeeshakoralage #bs #advancedlevel,A/L Content,2022-10-20,11,34,False,0,18317,636,5,26000,1406,3.5,13.03,0.7
b4EDgu3PR1Q,Mathematics World Tamil,Maths 🅰️➰🅱️ | Sets |Mathematics World Tamil | Maths Tamil,General Education,2022-07-03,12,52,False,21,19730,741,7,522,1515,3.79,13.02,37.8
yG5Vb4TBdOs,KK Academy SL,🎓 University Admission 2024/25 | Courses & Universities for A/L Commerce Students in Sri Lanka,A/L Content,2025-05-06,6,467,False,20,6153,176,61,123000,477,3.85,12.9,0.05
l_cGW4pBHfc,Motivations for A/Ls,"Arts , Commerce අමාරුයි | A/L Combined Maths | Ajantha Dissanayake",A/L Content,2024-07-05,12,83,False,44,9639,375,48,47600,782,4.39,12.33,0.2
PY7UCpB0D54,ICT with Shashika Madhushan,2024 OL Full Revision l 3rd Term Exam 🔴 Part 01,O/L Content,2025-01-13,8,15923,False,0,7224,351,21,11900,590,5.15,12.24,0.61
d7APpEzTSLs,Murshid Master Academy - MMA,"A/L Technology  Official Intro | Tamil | SFT , ICT & E-Tech | Niyas M. Murshid",A/L Content,2020-06-13,23,440,False,5,27351,1532,182,4280,2265,6.27,12.08,6.39
u-iLqQ1QK8o,mentor of motivation ,sri lanka school of Agriculture - Kundasale❤️🇱🇰 #dream #school #agricultura #future #proud #student,O/L Content,2025-07-20,7,42,False,0,4809,154,0,1560,402,3.2,11.96,3.08
5IDSf2Mokmk,Cards Club,ශ්‍රී ලංකාවේ ප්‍රසිද්ධම පාසල්😱 most famous schools in Sri Lanka#srilanka #school#schoollife#shorts,General Education,2025-07-16,15,37,False,26,4840,88,1,35000,406,1.84,11.92,0.14
wFY1EA86m40,Guru Niwasa Institute - Sri Lanka,🧑‍🏫👩‍🏫 2027 A/L කලා අංශය සියලු ම නව පන්ති ආරම්භය මාර්තු 29 සිට - Art Stream 🎨🖌️,A/L Content,2025-03-26,11,117,False,17,6094,257,8,7450,518,4.35,11.76,0.82
xq5ZB0tj6v8,Bandara Palipana,O/L Commerce Online Classes | Grade 10 & 11 | Sinhala & English #OL2025 #OL2026 #olcommerce #grade10,O/L Content,2025-09-01,2,8,False,20,4205,40,1,328,359,0.98,11.71,12.82
QgRw8Ww-RWM,Sanjaya Elvitigala,A/L Commerce කරපු අයට IT පැත්තෙන් යන්බ පුලුවන් fields මොනවද? #shorts,A/L Content,2021-11-14,5,60,False,0,20375,967,8,102000,1746,4.79,11.67,0.2
CEOxbFLu7mM,Rifan's Guide,A/L Bio System Technology Jobs in Sri lanka Tamil | உயிர் முறைமைகள் தொழினுட்பம் |,A/L Content,2023-06-13,14,672,False,23,13601,491,107,3420,1170,4.4,11.62,3.98
6Ytna3X6H6Q,Maths with venu,G.C.E (O/L)  2023(2024)  Maths Paper Class For Tamil Medium Students💯🔥💥#gceol #mathematics #maths,O/L Content,2024-04-01,8,61,False,0,10049,285,2,3020,877,2.86,11.46,3.33
GUq_A0h3Nlg,O/L මැත with RV,O/L maths | Past paper Question 🤔✍️ | 2022 Past paper |   #Maths #o/l #shorts #🇱🇰 #O/L මැත,O/L Content,2024-02-15,5,59,False,13,10392,438,5,1100,923,4.26,11.26,9.45
nQQm6pyD5d0,Maths With Teena,2022(2023)  GCE OL MATHS PAPER MARKING SCHEME TAMIL MEDIUM #grade11maths #education,O/L Content,2025-03-10,5,21,False,0,5877,0,1,100,534,0.02,11.01,58.77
1IoUwzyR1II,Maths Guru,A/L Combined maths | වර්ගජ සමීකරණ (Quadratic equations) - Maths Guru,A/L Content,2020-04-03,0,1610,False,23,25168,725,52,6510,2336,3.09,10.77,3.87
3eHXRgvhKns,MathHub,2024 (2025) Ordinary level Mathematics I - Part A discussion-English medium,O/L Content,2025-09-24,2,6016,False,20,3602,94,12,120,336,2.94,10.72,30.02
LsU10u2OORg,Praveen Randeniya,A Level වලට subjects තෝරගන්න ක්‍රමය | How to select a stream for your A Levels,General Education,2022-10-03,7,143,False,21,15098,339,58,51600,1423,2.63,10.61,0.29
gRyAspWTSIk,Sudheera Peiris ,ඔයාටත් A/L Second Shy මේ විදියට අතාරින්නේ නැතුව ඉගෙන ගන්න පුළුවන්,A/L Content,2025-08-02,13,493,False,31,4103,121,2,8070,389,3.0,10.55,0.51
0rCfphvca88,Ashen Viduranga,Medicine මිස් නම් මේවා කරන්න | After A/L Biology in Sri Lanka | Best Career Paths Biology Students,A/L Content,2025-11-27,12,753,False,16,2866,104,7,4170,272,3.87,10.54,0.69
QUUpV9f7UoI,Exams Efficient,After G.C.E A/L? || For get a Government Job|| For get a Degree|| Exams Efficient,A/L Content,2019-12-28,12,354,False,7,25353,663,87,65200,2433,2.96,10.42,0.39
F_13cijtf0Q,EDUS Online Institute,"G.C.E A/L Combined Maths - Tamil Medium - S.Mayooran B.Sc Eng, CMA, CIMA  - EDUS Online Institute",A/L Content,2022-06-11,13,1034,False,15,15731,427,28,4830,1537,2.89,10.23,3.26
4az7ZsmSRJk,JR Maths,A/L Maths Syllabus in tamil | Applied Mathematics | Pure Mathematics | Tamil,A/L Content,2021-11-02,13,553,False,6,17813,591,50,3760,1758,3.6,10.13,4.74
S88_Q9uXzDw,Gayan Iddamalgoda,මාස 6 න් A/L කරන්න මොකක්ද කරන්න ඕනේ ???,A/L Content,2025-09-15,12,28,False,0,3473,121,3,1500,345,3.57,10.07,2.32
P8QsINA5ELQ,Sri Lanka Education Network,Maths Stream Education Path - After A/L,A/L Content,2019-09-09,20,832,False,5,25521,646,28,1210,2543,2.64,10.04,21.09
Bq5m2It9pM8,Combined Maths | Janindu Rashmika,අවකලනය භාවිතය (Differentiation) - 2019 Past Paper Discussion - Combined Maths A/L in Sinhala,A/L Content,2020-10-28,9,2296,False,32,21181,748,109,35100,2128,4.05,9.95,0.6
0Wa4quOrRVg,PTE Mastery Lab,PTE exam center in Sri Lanka| PTE exam center noice #pte #ptestudent #exam,General Education,2024-07-01,5,55,False,12,7640,190,4,3450,786,2.54,9.72,2.21
F6P1gb9yfb4,AL Kuppiya,😍 ජාතික අධ්‍යාපන ආයතනයේ පොත් ගෙදරටම | NIE A/L books,A/L Content,2022-05-24,11,23,False,41,15058,180,66,119000,1555,1.63,9.68,0.13
8rPZz1xLxOA,IIC Lakshya [Tamil],Commerce After 10th | Why You Should Choose Commerce | IIC Lakhsya Tamil,General Education,2024-08-30,13,186,False,21,7013,208,8,5950,726,3.08,9.66,1.18
JV4I4QZcZ7g,Yapa Bandara (six months A/L course),මාස 06න් උසස්පෙළ ARTS - යාපාබණ්ඩාර - නම නගරය 071 32 90000  WhatsApp කරන්න,General Education,2024-05-26,9,151,False,0,7928,192,50,2720,822,3.05,9.64,2.91
5eJCqyM8Aiw,O/L History English,2022 O/L History English Medium | Map Marking/Figures /Studying Special Tricks  | FREE MODEL PAPER,A/L Content,2021-02-19,20,906,False,0,19368,656,104,4040,2014,3.92,9.62,4.79
KcSNBpt1U3I,MyPath,ACCA or CIMA After A/L,A/L Content,2023-02-12,6,60,False,0,12357,414,0,7930,1291,3.35,9.57,1.56
1cYGesZ1l4Y,IQ Labs,2018 OL ගණිතය II - Part B - Q 07 & 08 | 2018 O/L Mathematics II,O/L Content,2019-11-16,15,943,False,11,23659,339,9,116000,2475,1.47,9.56,0.2
SJawrRdNbRI,Science and Technology ,z score එක වැඩි A/L subject තෝරන්නෙ කොහොමද?,A/L Content,2022-12-10,7,1751,False,48,12854,234,48,5230,1355,2.19,9.49,2.46
W6KelgQO19o,Study with CKN,GCE O/L MATHS || 2019/I/A || TAMIL MEDIUM,O/L Content,2021-01-20,14,2162,False,0,19376,795,136,13200,2044,4.8,9.48,1.47
15eV2BVR18E,Prasanna Ekanayaka,AL in 7 months - Commerce/Arts 2025 - 2026,A/L Content,2025-04-06,10,28,True,4,4777,49,1,2500,507,1.05,9.42,1.91
p8CSnMxIJC4,Damith Rathnayaka,2022(2023) O/L Maths Paper Answers,O/L Content,2023-06-13,19,45,False,4,10799,0,3,89,1170,0.03,9.23,121.34
1G_NjKcv7KA,Neba's journal 🔥,study with me#motivation #daily study#sinhala #sri lanka#education#2028 A/L,A/L Content,2026-03-16,14,17,False,0,1456,28,5,36,163,2.27,8.93,40.44
_TFHqtPt0RE,World infor,Top 10 schools in Sri Lanka🏫#top10 #school,General Education,2025-09-13,19,41,False,20,3077,63,2,695,347,2.11,8.87,4.43
k2a9THmnSz4,Pluton Academy,O/L ICT-Data & Information(english/sinhala medium),O/L Content,2020-04-07,13,210,False,8,20652,568,32,78500,2332,2.91,8.86,0.26
jVMiwqH7yXA,KK Academy SL,Best A/L Stream in Sri Lanka for 2025 | Science vs Commerce vs Arts vs Technology | What to Choose,A/L Content,2025-03-28,11,582,False,23,4515,127,20,123000,516,3.26,8.75,0.04
9TU4apqt8yA,KuppiyaLK,Sri Lankan A/L vs. London A-Level: Which is Tougher? නොදන්න කමට ඔයත්  රැවටුනාද ? .#AL #sinhalanews,A/L Content,2024-12-18,11,298,False,22,5252,0,42,385,616,0.8,8.53,13.64
1htOGl4bfKU,Rehansa Dewdini,Best YouTube Channels for A/L commerce students #shorts #al #study #studymotivation,A/L Content,2024-01-29,4,17,False,0,7685,334,17,22300,940,4.57,8.18,0.34
i1xSsopvk4s,Madhuranga D. Vidanapathirana ,🔴  LIVE | 2024 / 2025 O/L ICT සත්කාරය | කෙටි ක්‍රම එක්ක exam එකට යමු,O/L Content,2025-03-21,14,3798,False,16,4219,146,50,2640,523,4.65,8.07,1.6
qKgndJsnqjg,O/L මැත with RV,Fractions | වීජීය භාග | 2019 | Past paper question | baga | vijiya baga | O/L #ol #maths #shorts,O/L Content,2024-03-01,16,52,False,12,7316,316,6,1100,908,4.4,8.06,6.65
R6YlZ6cATk8,Bee Hive,O/L-PAST PAPER-(S) -ගණිතය-Mathematics -2024-@BeeHive696   #sinhalamedium,O/L Content,2025-07-15,19,89,False,25,3243,144,1,1140,407,4.47,7.97,2.84
e7g9z4g1hwg,KK Academy SL,Career Paths for Advanced Level Commerce Students in Sri Lanka | Ultimate Guide 2024,A/L Content,2024-06-03,3,841,False,17,6464,276,57,123000,814,5.15,7.94,0.05
MY--tRfWXgA,Just_Nawangi,Realistic study vlog 📚|Sri Lankan A/L student 🇱🇰 |මතක හිටින්න පාඩම් කරමු ✅🧠|#studyvlog #trending ,A/L Content,2026-01-20,19,288,False,1,1720,94,46,1420,218,8.14,7.89,1.21
OYirWeyXgl8,mentor of motivation ,Sri lanka law college  🇱🇰❤️#dream #college #law #proud #fypp  #motivation,Motivation & Tips,2025-08-29,9,33,False,0,2805,128,4,1560,362,4.71,7.75,1.8
rFBB_zD-mgk,Free ICT Tutorials Tamil,🇱🇰G.C.E (O/L) 2023(2024)🇱🇰 Final Exam Timetable 🇱🇰  #shorts #short #trending #viral #tamil,A/L Content,2024-03-19,8,10,False,0,6861,285,0,11400,890,4.15,7.71,0.6
lF98FrrKG1Y,lyricsලිරික්ස්,sri lanka AL results science stream,A/L Content,2024-07-02,13,23,False,0,6018,84,0,926,785,1.4,7.67,6.5
bR5FxgcbqI0,ICT learning point ,උසස්පෙළ තොරතුරු තාක්ෂණවේදය පිළිබඳව හදුනාගනිමු.Introduction of A/L ICT Subject,A/L Content,2023-01-02,23,27,False,1,10205,325,4,24,1332,3.22,7.66,425.21
kXW7hqln8D4,Study Abroad With Raeez,Which School Produced the Most Test Cricketers for Sri Lanka? 🏏,O/L Content,2025-08-06,11,130,False,0,2942,23,2,17200,385,0.85,7.64,0.17
HZdLo-YtvG8,Vishwaroo,O/L Chitha Kalawa Revision | art paper discussion​​ | O/L ප්‍රශ්න පත්‍ර | nie sha art | grade 11,O/L Content,2021-10-15,17,1291,False,29,13445,354,0,10600,1776,2.63,7.57,1.27
BitNunel814,Mr Rulz Streaming,Introduction of GCE A/L Combined Mathematics for beginners - Edutalkhub.lk,A/L Content,2018-11-14,19,361,False,12,21402,674,38,3210,2842,3.33,7.53,6.67
GiBOxpuiqVE,IMA,මාස 06 න් O/L සහ A/L - කලා /වාණිජ,A/L Content,2021-09-10,15,26,False,8,13446,162,11,13500,1811,1.29,7.42,1.0
IG5ttPSLOuE,O/L Short  Notes. lk,Grade 10 o/l information and cominication technology lesson 1 short note(ict short note sinhala),O/L Content,2023-09-02,8,79,False,8,8051,154,10,178,1089,2.04,7.39,45.23
M23sVrkt3J0,MathHub,2024 (2025) Ordinary level Mathematics I - Part B discussion-English medium,O/L Content,2025-12-05,14,3357,False,19,1944,36,11,120,264,2.42,7.36,16.2
-OUAsjpUCMg,lifetruths,A/L ICT -What happens if you learn  ICT on G.C.E. A/L ?,A/L Content,2020-03-10,3,378,False,11,17243,457,40,228,2360,2.88,7.31,75.63
LK638j2da_0,SL GADGETS,After A/L Commerce Degrees in Sri Lanka | A/L Commerce කරපු අයට ලංකාවේ හොදම උපාධි,A/L Content,2024-06-02,12,753,False,19,5863,256,26,231000,815,4.81,7.19,0.03
K6382fVvlXs,LMDM Unit,Science for Technology | மீட்டல் - புள்ளிவிபரவியல் | A/L | Tamil Medium | LMDM Unit,A/L Content,2020-06-17,2,3308,False,7,16073,393,13,82900,2261,2.53,7.11,0.19
_X-BpvV5upA,Digital Accounting in Tamil,A/L Tamil Medium Commerce Students  | Success Mindset for commerce Students | Live Webinar,A/L Content,2021-08-21,8,4416,False,22,12849,731,71,36400,1831,6.24,7.02,0.35
zbH9JeW5kIA,School Paper Bank,A/L Books | Biology | Physics | Chemistry | Maths,A/L Content,2025-03-26,15,52,False,0,3606,159,0,62,518,4.41,6.96,58.16
LpM-yk39BaI,Anu Maths,G.C.E. A/L Sri Lanka Combined Maths 2020 II (B) - Part 06 Past Paper Discussion Sinhala Medium,A/L Content,2024-06-13,16,1288,False,0,5421,28,1,1900,804,0.53,6.74,2.85
rCojGy2dhXs,Mr Rulz Streaming,Introduction of GCE A/L Chemistry for beginners -  Edutalkhub.lk,A/L Content,2019-01-11,10,226,False,8,18644,545,27,3210,2784,3.07,6.7,5.81
2JBQ3ki5s_o,Uni Life,Q/A For A/L Subject matters || Uni Life| #sinhala #study #al #ol,A/L Content,2022-06-11,7,467,False,25,10193,305,44,37400,1537,3.42,6.63,0.27
gx6YVR1A67A,O/LMaths DalaAththu,OL 2023/2024 Maths Paper Discussion |O/l Maths|Nirmana|2023Maths PeparAnswer|MathsDalaAththu|Sinhala,O/L Content,2025-09-10,23,1049,False,14,2214,93,10,440,350,4.65,6.33,5.03
YlyLP4Yn7A4,Bee Hive,O/L-PAST PAPER- கணிதம்  Mathematics-2024(2025)-@BeeHive696,O/L Content,2025-06-28,4,78,False,23,2523,92,1,1140,424,3.69,5.95,2.21
caNKeJP7G4o,Mr Rulz Streaming,Introduction of GCE A/L Physics for beginners -  Edutalkhub.lk,A/L Content,2018-11-14,19,195,False,9,16846,516,17,3210,2842,3.16,5.93,5.25
5NAI5KogHkc,Jamzith Hasan,How To Choice A/L Stream | க.பொ.உயர்தர பிரிவினை இலகுவாக தெரிவு செய்வது எவ்வாறு! | Jamzith Hasan,A/L Content,2021-09-24,14,1028,False,14,10568,424,27,24900,1797,4.27,5.88,0.42
9s86ZoDO4Ro,TK VLOG,What course should be do after A/l??? SLIATE  HND TAMIL Short introduction in தமிழ்TAMIL 2019,A/L Content,2019-08-18,3,654,False,14,14725,604,107,2270,2565,4.83,5.74,6.49
v12oozfoDv8,Pradeep Wijesiriwardana,EPS-TOPIK EXAM TIPS SRI LANKA | EPS-TOPIK පේපරයේ එන ප්‍රශ්ණ කරන ලේසි ක්‍රම  | KOREAN EXAM SHORT CUTS,Motivation & Tips,2023-02-23,18,59,False,22,7346,490,21,107000,1280,6.96,5.74,0.07
Kgs4mEkozlE,Knowledge Box SL,GRADE 10 ICT - UNIT-01 |Grade 10 ICT in Tamil| Data | Information |OL ICT| Introduction to Computers,O/L Content,2023-09-18,11,5080,False,28,6069,170,15,7700,1073,3.05,5.66,0.79
IKFrFp4JoVk,Praveen Mathugamage,2023 A/L | Physics | MCQ - 42,A/L Content,2024-10-28,9,157,False,30,3724,143,10,989,667,4.11,5.58,3.77
lCQ1-02xwy8,Anu Maths,G.C.E. A/L Sri Lanka Combined Maths 2018 II (A) - Part 01 Past Paper Discussion Sinhala Medium,A/L Content,2020-12-10,1,1225,False,0,11511,109,9,1900,2085,1.03,5.52,6.06
ESkxV2qgvgA,O/LMaths DalaAththu,OL 2021/2022 Maths Paper Discussion |O/l Maths|Nirmana|2021Maths PeparAnswer|MathsDalaAththu|Sinhala,O/L Content,2025-09-14,2,1212,False,22,1908,73,7,440,346,4.19,5.51,4.34
D8qPZ3PxLpY,Kasun Gunasekara ( Clear Biology),📚🔥 Best Biology Class in Sri Lanka | Student Motivation & Teamwork #srilanka #biologyclass #study,Motivation & Tips,2025-09-29,1,9,False,0,1789,46,2,2640,331,2.68,5.4,0.68
6u-PpbCcWCY,O/LMaths DalaAththu,2021 ol Maths Paper Answers | O/L Maths | Sinhala | 2021 Maths | Samanthara Shreni |Maths DalaAththu,O/L Content,2025-07-29,2,1150,False,18,1991,0,7,440,393,0.35,5.07,4.53
HMEOCiAIy7w,Expert Tutor,Physics | How to Choose Essay Questions in A/L ? | Advise with personal experiences | Srilanka,A/L Content,2020-08-20,13,2178,False,14,11019,426,50,40900,2197,4.32,5.02,0.27
2bqZeTKRVxg,Diary of Brain,ශ්‍රී ලංකාවේ හොදම පෞද්ගලික විශ්වවිද්‍යාල|Top10 private universities in Sri Lanka|@DiaryofBrain,General Education,2024-06-09,3,36,False,7,3972,51,1,7400,808,1.31,4.92,0.54
kPQoEL4bhoQ,National Savings Bank,National Savings Bank Sri Lanka,A/L Content,2025-09-10,4,12,False,0,1704,3,0,5730,350,0.18,4.87,0.3
XMAny61OdnQ,Cards Club,ශ්‍රී ලංකාවේ ප්‍රසිද්ධම පාසල්😱 most famous schools in Sri Lanka#srilanka #school#schoollife#shorts,General Education,2025-08-17,7,37,False,26,1821,46,0,35000,374,2.53,4.87,0.05
BXCRvSXFFiY,University of Sri Jayewardenepura,GCE A/L Combined Mathematics Major changes of the new syllabus By Mr. Kapila Silva,A/L Content,2017-03-08,7,1697,False,12,16812,134,6,104000,3458,0.83,4.86,0.16
zftlWD39xME,WINNING PATH,Free education opportunities after GCE A/L and learn the University admission systems in Sri Lanka,A/L Content,2025-04-16,14,250,False,0,2412,87,31,25900,497,4.89,4.85,0.09
OP1wyZx9b9Q,Kalvi kan,Math Olympiad Questions in Tamil / A nice algebraic problems / Kalvikan,General Education,2023-07-14,12,129,False,12,5397,83,6,165000,1139,1.65,4.74,0.03
T67gDvnTCjw,KaviDX,GCE A/L Physical Science Stream with ICT in Sri Lanka | Maths එක්ක ICT හදාරන ඔබ දැන්ම බලන්න,A/L Content,2025-07-25,5,223,False,16,1866,50,8,17000,397,3.11,4.7,0.11
Tz2HY0Hgago,LMDM Unit,Science for Technology | பரப்பளவும் கனவளவும் மீட்டல்   | A/L | Tamil Medium | LMDM Unit,A/L Content,2020-05-28,4,3207,False,7,10675,329,17,82900,2281,3.24,4.68,0.13
4iseXyuokS8,Learn ICT - Dasun Nilanjana Sirimevan,Grade 6 ICT   Introduction to Computer and History   Part 1 English,General Education,2020-11-02,13,398,False,15,9933,90,11,11400,2123,1.02,4.68,0.87
R-d4WdlnjuI,Science Topper,"2024(2025) O/L SCIENCE PAST PAPER EXPLANATION (PART 1) | TAMIL MEDIUM | OLEVEL SCIENCE| GRADE 10,11 ",O/L Content,2025-10-07,20,1947,False,10,1501,35,2,6330,323,2.47,4.65,0.24
2r0aLpQrCNM,Maths Crew,A/L  කරන ගමන් O/L කරන්නේ  කොහොමද ? ‍|| How do O/L while doing A/L ?  || O/L results for A/L,A/L Content,2025-09-28,13,291,False,25,1536,92,64,54100,332,10.16,4.63,0.03
lQ1ZArS_Lh0,O/LMaths DalaAththu,OL 2022 Maths Paper Discussion |OL Maths|Samagami Samikarana| O/LMaths DalaAththu|Sinhala|Sri Lanka,O/L Content,2025-12-26,2,1822,False,19,1112,35,4,440,243,3.51,4.58,2.53
anRNb3lNLkE,O/L History English,O/L History English Medium | Sri Lanka Map marking important ports and cities part 1,O/L Content,2022-04-22,18,2481,False,0,7204,136,6,4040,1587,1.97,4.54,1.78
YMUSq3dU08Q,Creative Thinker SL,grade 11 history lesson 2 | 11 ඉතිහාසය ප්‍රශ්නෝත්තර 2 | grade 11 history 3rd term | o/l history,O/L Content,2025-11-13,7,2264,False,24,1294,53,1,190000,286,4.17,4.52,0.01
T0rcJQtPvO8,Educate Lk by Yuveen ,top 10 sri lankan best boys schools in sri lanka  #fact,General Education,2023-10-05,13,61,False,0,4758,181,12,90,1056,4.06,4.51,52.87
LPlYTJHMaJw,WIBHAHAGA,GCE 2019 OL ගණිතය I - Part A | 2019 O/L Mathematics | Ganithaya | sinhala | paper sinhala medium,O/L Content,2020-12-20,5,3750,False,26,9278,214,26,932,2075,2.59,4.47,9.95
7twAfVPys88,O/LMaths DalaAththu,OL 2021 Maths Paper Discussion |OL Maths|Samagami Samikarana| O/LMaths DalaAththu|Sinhala|Sri Lanka,O/L Content,2026-01-01,2,1504,False,19,1038,39,6,440,237,4.34,4.38,2.36
5_xBYF0nAp8,Kv Iroshan,O/L Mathematics Past Papers Discussion | KULAKA |  G.E.E. O/L 2016 Examination Kv Maths sets,O/L Content,2019-10-26,13,779,False,46,10502,291,60,256000,2496,3.34,4.21,0.04
4ryP_tu_ZOk,Maths with venu,G.C.E(O/L)2022(2023) Maths Final Exam Part -01 Answers #gceol #maths #jaffna #srilanka #tamil #gceol,A/L Content,2023-06-08,18,25,False,0,4929,214,0,3020,1175,4.34,4.19,1.63
5Zv7__x33Mo,PHYSICS 4U ONLINE ACADEMY,Guide for a/l science stream beginner,A/L Content,2020-06-30,7,934,False,0,9408,398,49,33800,2248,4.75,4.19,0.28
hsYtWhtAbxE,Anu Maths,G.C.E. A/L Sri Lanka Combined Maths 2019 II (A) - Part 01 Past Paper Discussion Sinhala Medium,A/L Content,2020-09-27,1,1393,False,0,9043,90,6,1900,2159,1.06,4.19,4.76
xe2I2KEnNFY,Namal k.aranayake,"O/L Commerce ,A/L Accounting #accounting #ol #al #commerce",A/L Content,2023-04-26,8,9,False,0,4958,78,1,49,1218,1.59,4.07,101.18
Ua2hiludf-k,Uni Life,Don't giveup on your dreams💯⚠️#sinhala 📚📍#motivation #srilanka #doctor,Motivation & Tips,2023-11-23,13,22,False,0,4023,289,4,37400,1007,7.28,4.0,0.11
ridtHiJ2_GY,korean with shani,“How to Pass the Korean EPS Exam – Sri Lanka 2025” “Korean EPS Test Tips & Tricks for Sri Lankan Job,Motivation & Tips,2025-07-27,12,20,False,40,1540,84,0,1200,395,5.45,3.9,1.28
XKSsuzNERXI,Top 10 SL,ශ්‍රී ලංකාවේ හොදම විශ්වවිද්‍යාල 10 | Top 10 Universities in Sri Lanka #shorts #viral,General Education,2023-09-23,15,38,False,27,4161,107,2,6080,1068,2.62,3.9,0.68
G8gnixykUmw,Mahesh Gayantha  ,A/L Combined  Maths -: ( වර්ගජ ශ්‍රිත )pure mathematics,A/L Content,2019-05-24,10,1252,False,9,10061,201,49,14500,2651,2.48,3.8,0.69
XiVKWMCjPZ8,Accounting For You,A/L Commerce - උසස් පෙළ කොමර්ස් තෝරගන්න කලින් බලන්න,A/L Content,2025-03-11,3,741,False,0,2015,87,30,184,533,5.81,3.78,10.95
TZ8cTzk7yRs,ICT GURUWARAYA,OL ict revision 2022 pass paper  Discuss | ICT grade 11 2022 revision | grade 11 ict sinhala,O/L Content,2022-02-28,12,1767,False,25,6122,189,11,17400,1640,3.27,3.73,0.35
TXI-m5KjbaI,Excellent Teaching,"2016 O/L Maths/Mathematics Paper 1 - Part B, Qusetion 4 - Answer Discussion",O/L Content,2020-12-05,4,712,False,14,7694,202,13,1140,2090,2.79,3.68,6.75
AwbMx9h0XBs,We 4,"After A/L/Undergraduate studies/Bio, Maths,Commerce,Arts/ apply කරන්න පුලුවන් Japanese  universities",A/L Content,2023-01-23,2,877,False,0,4799,125,85,2600,1311,4.38,3.66,1.85
uGWJO4LaEss,Anu Maths,G.C.E. A/L Sri Lanka Combined Maths 2020 II (B) - Part 07 Past Paper Discussion Sinhala Medium,A/L Content,2024-06-13,16,1171,False,0,2940,26,2,1900,804,0.95,3.66,1.55
NHpd2PBV3LM,combined maths TV,Combined mathematics English medium for 2027 | First day introduction,General Education,2025-04-04,13,7751,False,0,1861,50,16,172,509,3.55,3.66,10.82
d_CELedhG98,Samartha Edu center ,2018 OL  pass paper part  A #maths #olmaths #paper,O/L Content,2025-10-17,12,48,False,0,1142,36,0,122,313,3.15,3.65,9.36
JafUPQZhRmQ,CSEL College,A/L Economics | பொருளியலுக்கான அறிமுகம்.,A/L Content,2020-04-29,5,2161,False,9,8378,283,33,4940,2310,3.77,3.63,1.7
BB6PaRzndbU,Northern Uni,Future-Ready IT Degree at Northern UNI | Study in Sri Lanka | 100% Placement Assured!,Motivation & Tips,2025-04-29,7,15,False,0,1686,9,0,770,484,0.53,3.48,2.19
bmRLcZgmsaQ,ICT Revision,AL ICT Lesson 2 - History of computer,A/L Content,2020-06-06,14,347,False,4,7531,159,4,802,2272,2.16,3.31,9.39
aIINYPVG3ss,So Sri Lankan,නව රජයේ මංගල අයවැය Government Budget for 2025 in Sri Lanka News Today #newslk #srilanka #newsl #akd,General Education,2025-02-17,8,7,False,11,1821,38,0,12800,555,2.09,3.28,0.14
Ab8iN8nfPx0,AutoGen Studios,Top 10 Universities in Sri Lanka 📚🖋️📍 #uoj #uop #university #srilanka,General Education,2025-07-31,13,34,False,20,1278,11,2,37,391,1.02,3.27,34.54
fIjJ5AjdEXU,Prabuddha Sampath,2018 O/L MATHS PAST PAPER DISCUSSION FREE WEBINAR,O/L Content,2021-05-31,18,7543,False,0,6210,340,31,58400,1913,5.97,3.25,0.11
C4SMVN4QRL4,ICT with Pamal,AL ICT Unit 02 - පරිගණක යුගයන් - History of Computer,A/L Content,2021-02-21,17,702,False,21,6294,164,6,996,2012,2.7,3.13,6.32
8CkGVPUwWpw,Cambridge Commerce - Sri Lanka 0712218587,A/L Commerce In 6 months,A/L Content,2021-06-07,15,11,False,0,5951,62,1,103,1906,1.06,3.12,57.78
010Sm9fNrgE,mentor of motivation ,vavuniya National College of Education sri lanka 🇱🇰❤️ (වව්නියා විද්‍යාපීඨය) #dream #teacher #proud,A/L Content,2025-06-22,6,49,False,0,1318,38,0,1560,430,2.88,3.07,0.84
U6-NLwN6lh8,mr_vidu_official,India vs Sri Lanka,General Education,2025-07-14,1,13,False,0,1208,30,2,28,408,2.65,2.96,43.14
vLvXvwT_H8A,Tutr V,OL ICT Tamil Medium Past paper | G.C.E. O/L,O/L Content,2020-11-11,4,225,False,27,6163,114,11,1900,2114,2.03,2.92,3.24
GpGuMryBCy0,varuni wijesundara,O/L ICT Revision 1,O/L Content,2017-10-18,12,1205,False,0,9310,89,8,212,3234,1.04,2.88,43.92
YdmPEmk1tuw,Vishwaroo,O/L Chitha Kalawa Revision | Chithra kalawa grade 11 | art short note grade 11 | nie sha art,O/L Content,2021-10-10,17,702,False,31,5069,144,0,10600,1781,2.84,2.85,0.48
f_ElyqS95OQ,Padiyathalawa National School,1st Place in all Sri Lanka | Padiyathalawa National School | Sinhala language Competition | Amasha,A/L Content,2024-10-24,10,51,False,3,1914,113,6,395,671,6.22,2.85,4.85
eQi0r79MfuY,University of Sri Jayewardenepura,A model paper for combined mathematics - G.C.E  A/L  2016,A/L Content,2016-07-11,8,2547,False,10,10310,46,4,104000,3698,0.48,2.79,0.1
aXFbFycdCNw,Diary of Brain,ශ්‍රී ලංකාවේ හොදම රාජ්‍ය විශ්වවිද්‍යාල 10 | top 10 universities in Sri Lanka | @DiaryofBrain,General Education,2024-06-07,10,36,False,8,2261,31,0,7400,810,1.37,2.79,0.31
lTSVTAe4gYM,Maths lock,2022(2023) O/L Maths- part A discussion #ol #maths #discussion #2022,O/L Content,2023-07-05,18,34,False,0,3175,143,2,3070,1148,4.57,2.77,1.03
kuzV6S7f0tY,Colombo Academy of Hospitality Management,Become a Pastry Chef | Study Australian Patisserie Courses in Sri Lanka 🇱🇰,Motivation & Tips,2025-05-27,9,28,False,11,1221,23,0,2490,456,1.88,2.68,0.49
0HdtOEyFAyU,Channel NIE,NIE Guru Gedara | A/L Combined Maths - Lesson 01 - Tamil Medium - 2020.04.28 - 04.00PM,A/L Content,2020-04-28,10,3136,False,7,6058,85,2,617000,2311,1.44,2.62,0.01
LMPanYF_5Q8,Bee Hive,O/L-PAST PAPER- (S)කෘෂි හා ආහාර තාක්ෂණය-Agriculture and Food Techno-2024-@BeeHive696 #sinhalamedium,O/L Content,2025-07-17,16,77,False,25,1040,48,0,1140,405,4.62,2.57,0.91
rpM8qjQX6sM,Samitha Dilshan,ICT Revision 6 අන්තර්ජාලයේ ඉතිහාසය   | AL ICT | OL ICT |,A/L Content,2020-05-17,2,198,False,12,5800,179,10,71500,2292,3.26,2.53,0.08
tdLOQSMZ0Ck,Uplift Education - Sri Lanka,Circle - Part 1 | A/L Maths | Pure Maths | வட்டம் பகுதி  1| உயர்தர தூய கணிதம்,A/L Content,2020-05-19,14,985,False,0,5566,168,25,12800,2290,3.47,2.43,0.43
TJceyjaN3Ks,Learn ICT - Dasun Nilanjana Sirimevan,Term Test Paper Discussion and Revision Grade 10 ICT   Sinhala Medium Part 1,Past Papers & Revision,2021-04-23,17,2152,False,15,4731,89,6,11400,1951,2.01,2.42,0.42
ylb93CHIol4,Srilanka Stickman,10 most difficult exam in Sri lanka | ලංකාවෙ සමත් විමට අමාරැම විභාග👀👀,General Education,2024-05-23,8,18,False,1,2000,91,5,5030,825,4.8,2.42,0.4
BO6Ch6to4LA,Anu Maths,G.C.E. A/L Sri Lanka Combined Maths 2020 II (B) - Part 01 Past Paper Discussion Sinhala Medium,A/L Content,2024-06-09,16,1482,False,0,1930,23,1,1900,808,1.24,2.39,1.02
DqgC7yAFnwQ,Edu Pedia ,ශ්‍රී ලංකාවෙ හොදම පාසල් 05 | Top 05 Best schools in sri lanka #shorts,General Education,2024-06-30,5,20,False,0,1863,51,2,12100,787,2.84,2.37,0.15
DCjhVT_m21g,Online Accounting,Why Commerce for A/Ls | A/L Commerce Benefits | Advantages of Commerce | Alternatives,A/L Content,2022-05-30,11,1986,False,22,3488,91,13,101000,1549,2.98,2.25,0.03
O13VoSBuoWg,Nisha creations💛,Dream university #university #Sri Lanka #logo #shorts #photos #mortivation #matara #colombo #kandy,General Education,2024-09-30,9,20,False,0,1550,0,4,744,695,0.26,2.23,2.08
oeFJ8Nx09ds,Anu Maths,G.C.E. A/L Sri Lanka Combined Maths 2020 II (B) - Part 05 Past Paper Discussion Sinhala Medium,A/L Content,2024-06-13,16,1850,False,0,1770,24,1,1900,804,1.41,2.2,0.93
Vv62R3FQwIo,Anu Maths,G.C.E. A/L Sri Lanka Combined Maths 2019 I (A) - Part 02 Past Paper Discussion Sinhala Medium,A/L Content,2020-09-15,5,1480,False,0,4663,72,6,1900,2171,1.67,2.15,2.45
PAkmVwIxNmE,Science with Anpu,"Trigonometry | திரிகோண கணிதம் | Sin, Cos, Tan | Basic | Mathematics | Physics | Tamil | Sri Lanka |",General Education,2023-07-16,14,809,False,18,2448,78,3,768,1137,3.31,2.15,3.19
SdWJ4QRnF_Y,SPS Aura,#Believer #Ringtone l #Sri #Lankan #Version l #Sandaru #Sathsara l #Sp #Screaming #Globally,General Education,2021-07-25,16,57,False,0,3997,73,0,443,1858,1.83,2.15,9.02
UgCSxvc8NZc,Sameera Widanagedara Education,O/L History Seminar @ Kegalle | සා. පෙළ එක් දින ඉතිහාසය වැඩ මුලුව. - කෑගල්ල.,O/L Content,2022-03-28,13,235,False,15,3406,164,34,110000,1612,5.81,2.11,0.03
vbn3iuyP8_I,Anu Maths,G.C.E. A/L Sri Lanka Combined Maths 2019 II (B) -Part 02 Past Paper Discussion Sinhala Medium,A/L Content,2020-10-06,1,1318,False,0,4434,60,7,1900,2150,1.51,2.06,2.33
X2F3U7G2F64,Nahaar’s dream diary 📔💖 2M views • 1 day,Mini study vlog ☕️📚 ||A/L 2023📖 |productivity vlog #shorts #shortfeed #study,A/L Content,2023-09-10,11,16,False,11,2199,84,2,61,1081,3.91,2.03,36.05
yMd9zfG8nG0,Dr Shakir,A/L in Sri Lanka Bio/Math Class Introduction at City College Mawanella for 2026 Batch Dr. Shakir,A/L Content,2024-05-21,16,2117,False,0,1670,76,8,4930,827,5.03,2.02,0.34
8fjRScs-hdc,day2day,ශ්‍රී ලංකා පදනම  Sri Lanka Foundation #srilanka #slf #colombo,General Education,2024-08-03,14,6,False,0,1510,19,0,1810,753,1.26,2.01,0.83
tSKMl8r1jto,EDU TECH,🔥EDU TECH🔥COMMERCE சில்லறை காசேடு O/L 2016-23 past paper #shorts  #pastpaper #tamilmedium #gceol,O/L Content,2024-02-04,4,6,False,31,1853,33,0,2570,934,1.78,1.98,0.72
z2QRvw9kFK4,Expert Tutor,Sri Lanka GCE A/L Physics Practicals 4 | How to Calculate Percentage Error? | in Tamil,A/L Content,2020-05-21,2,737,False,0,4459,98,11,40900,2288,2.44,1.95,0.11
dil1j3ofYn0,Anu Maths,G.C.E. A/L Sri Lanka Combined Maths 2019 II (B) - Part 07 Past Paper Discussion Sinhala Medium,A/L Content,2020-10-06,5,1093,False,0,4192,85,14,1900,2150,2.36,1.95,2.21
i_mKOgw2Vuo,Anu Maths,G. C .E . A/L Sri Lanka Combined Maths 2017 II (A) Past Paper Discussion Sinhala Medium-Part 02,A/L Content,2020-08-24,1,1144,False,0,4240,58,5,1900,2193,1.49,1.93,2.23
I9pH9cJGvvo,Expert Tutor,Sri Lanka GCE A/L Physics Practicals 3 | Question regarding Percentage Error in Tamil,A/L Content,2020-05-21,2,423,False,0,4293,89,5,40900,2288,2.19,1.88,0.1
0vULKOBBxSo,Anu Maths,G.C.E. A/L Sri Lanka Combined Maths 2017 I (B)-Part 02 Past Paper Discussion Sinhala Medium,A/L Content,2020-08-14,1,1058,False,0,4125,82,7,1900,2203,2.16,1.87,2.17
iN8W9qNEqCk,Anu Maths,G.C.E. A/L Sri Lanka Combined Maths 2017 II (B) - Part 02 Past Paper Discussion Sinhala Medium,A/L Content,2020-09-09,1,1148,False,0,3927,50,8,1900,2177,1.48,1.8,2.07
ncmdpOmpYiI,Iklid Learning - English Medium Academy,OL ICT 2019 PASTPAPER - English medium (Part 1),O/L Content,2023-05-12,10,2313,False,0,2165,42,8,10600,1202,2.31,1.8,0.2
rZp9_SQu8OM,Muslim Majlis USJ,A_L Guidance Program - Commerce Stream (Tamil Medium) 2022,General Education,2022-06-17,13,1479,False,0,2678,91,7,4540,1531,3.66,1.75,0.59
M-ol6g46iUE,Anu Maths,G.C.E. A/L Sri Lanka Combined Maths 2018 II (B) - Part 02 Past Paper Discussion Sinhala Medium,A/L Content,2020-12-14,0,1222,False,0,3591,75,3,1900,2081,2.17,1.73,1.89
xhKF3pR3fHc,Al Esa News Channel,GCE O/L ICT Grade 10 Lesson 01,O/L Content,2015-05-05,20,1222,False,0,6849,25,1,46,4131,0.38,1.66,148.89
x-DedUd_3Kk,Anu Maths,G.C.E. A/L Sri Lanka Combined Maths 2020 I (B) - Part 01 Past Paper Discussion Sinhala Medium,A/L Content,2024-05-28,13,1695,False,0,1349,27,3,1900,820,2.22,1.65,0.71
HkBsjwNXV1Y,Expert Tutor,Sri Lanka GCE A/L Physics Experiment 28 | Determine the Focal Length of the Lens in Tamil | part 2,A/L Content,2020-06-23,2,1313,False,0,3670,106,8,40900,2255,3.11,1.63,0.09
MCqIitWlicw,Mrs tech motivational tamil,Competitive examination in Sri Lanka.  SLEAS exam . highest study.  #shorts #study #motivation,Motivation & Tips,2023-07-06,4,15,False,0,1871,0,0,141,1147,0.0,1.63,13.27
YXywwGhvfj4,SL SCIENCE,ශ්‍රීලංකාවේ හොඳම විශ්ව විද්‍යාල 7 | top 7 best universities in Sri Lanka😍,General Education,2024-06-16,9,15,False,17,1270,33,0,8350,801,2.6,1.59,0.15
dlCb2_E4xLk,Anu Maths,G.C.E. A/L Sri Lanka Combined Maths 2019 II (A) - Part 02 Past Paper Discussion Sinhala Medium,A/L Content,2020-09-27,2,1471,False,0,3432,56,8,1900,2159,1.86,1.59,1.81
R0wrrJv9EFU,commerce iskole,O/L වලින් පසුව A/L වලට Commerce කරන එකේ වැදගත්කම / Seminar 01 / Commerce iskole,A/L Content,2021-10-14,8,3194,False,29,2764,107,29,13000,1777,4.92,1.56,0.21
2iOG5W5_16I,Anu Maths,G.C.E. A/L Sri Lanka Combined Maths 2018 I (B) - Part 04 Past Paper Discussion Sinhala Medium,A/L Content,2020-12-01,1,1273,False,0,3240,53,3,1900,2094,1.73,1.55,1.71
EbsDFw2wtUg,Anu Maths,G.C.E. A/L Sri Lanka Combined Maths 2018 II (B) - Part 03 Past Paper Discussion Sinhala Medium,A/L Content,2020-12-14,0,1129,False,0,3203,54,5,1900,2081,1.84,1.54,1.69
kXs-qarm5Qk,Anu Maths,G.C.E. A/L Sri Lanka Combined Maths 2020 II (A) - Part 02 Past Paper Discussion Sinhala Medium,A/L Content,2024-06-07,14,1432,False,0,1232,8,1,1900,810,0.73,1.52,0.65
i9K0n43p-fs,Legal Eye - නීතිමය ඇස,Traffic Rules Sri Lanka | law for all,General Education,2024-03-09,14,32,False,29,1372,29,12,17,900,2.99,1.52,80.71
258RubJNrvE,Jeewantha Herath,නව දැක්මක පෙරගමන්කරු....   Jeewantha Herath | 2024 | Sri Lanka,General Education,2024-11-06,10,31,False,29,1003,36,3,3450,658,3.89,1.52,0.29
4463uE2xf4Y,LMDM Unit,Agricultural Science -  மீட்டல் 5 - கூட்டெரு தயாரிப்பு   | A/L | Tamil Medium | LMDM Unit,A/L Content,2020-06-05,1,3171,False,9,3461,99,2,82900,2273,2.92,1.52,0.04
P56t6F7OCLQ,Anu Maths,G.C.E. A/L Sri Lanka Combined Maths 2020 II (B) - Part 03 Past Paper Discussion Sinhala Medium,A/L Content,2024-06-09,17,1101,False,0,1227,16,1,1900,808,1.39,1.52,0.65
W7ZQ8vMIBCY,Kasun Godawatta,"O/L  ICT ‌ගොඩදාන හැටි  ""Mastering OL ICT in 4 Months: Your Ultimate Exam Success Blueprint! 🚀",O/L Content,2024-01-09,16,53,False,0,1437,64,2,192,960,4.59,1.5,7.48
F1IrGrR2aT4,Anu Maths,G.C.E. A/L Sri Lanka Combined Maths 2017 II (B) - Part 05 Past Paper Discusiion Sinhala Medium,A/L Content,2020-09-09,2,1124,False,0,3196,51,7,1900,2177,1.81,1.47,1.68
BRm1l3apmSw,Learning Lanka,Jathika Pasala OL History 2014 Revision 1,O/L Content,2014-11-25,11,2422,False,0,6258,25,2,20300,4292,0.43,1.46,0.31
_lFQUfNvNWc,ICT GURUWARAYA,OL ICT Revision 2022 /2023 pass paper discussing |ICT O/L 2022 revision |grade11 ICT sinhala medium,O/L Content,2022-12-23,0,2742,False,17,1948,50,9,17400,1342,3.03,1.45,0.11
83OZ0YNybhA,Jude Kathurusingha,O/L ICT HTML Seminar | HTML සම්මන්ත්‍රණය,O/L Content,2022-04-24,17,2147,False,28,2207,114,8,73600,1585,5.53,1.39,0.03
iAOMzJ-3_sQ,Anu Maths,G.C.E. A/L Sri Lanka Combined Maths 2017 II (B) - Part 03 Past Paper Discussion Sinhala Medium,A/L Content,2020-09-09,1,935,False,0,2950,42,2,1900,2177,1.49,1.36,1.55
RZrzFBghDno,TOP 10 SRI LANKA,Top 10 campuses in Sri Lanka🥰😊|ලංකාවෙව් හොදම කැම්පස් 10😊🥰,General Education,2023-08-02,9,37,False,5,1508,47,0,14,1120,3.12,1.35,107.71
tK-2xi1e1Xw,Anu Maths,G.C.E. A/L Sri Lanka Combined Maths 2018 II (B) - Part 05 Past Paper Discussion Sinhala Medium,A/L Content,2020-12-14,1,1039,False,0,2774,38,4,1900,2081,1.51,1.33,1.46
395DmhyRmRw,Anu Maths,G.C.E. A/L Sri Lanka Combined Maths 2020 I (B) - Part 02 Past Paper Discussion Sinhala Medium,A/L Content,2024-05-28,14,1205,False,0,1082,21,6,1900,820,2.5,1.32,0.57
8Aktv612_9Y,meucherrii 므체리,"The 90th TOPIK Exam 2023 Colombo, Sri Lanka - Registration PART 01 #topik #90thTOPIK #topikexam",General Education,2023-07-21,21,58,False,0,1466,28,10,774,1132,2.59,1.3,1.89
zoo-mwoUpNI,EDUCATION WAMH,o/l 2022 | o/l maths paper | revision | 11 wasara ganithaya | education wamh,O/L Content,2023-05-23,14,53,False,28,1531,76,0,15100,1191,4.96,1.29,0.1
NgO6CItsseA,Mr Dhammika,වසර 170 ක්‌ පැරණි ඈපා ලිත: Oldest Publisher in Ceylon | Sri Lanka,General Education,2023-07-16,3,20,False,0,1422,14,0,85400,1137,0.98,1.25,0.02
J-jR8MPMbf4,Anu Maths,G.C.E. A/L Sri Lanka Combinned Maths 2017 II (B) - Part 06 Past Paper Discussion Sinhala Medium,A/L Content,2020-09-09,3,1241,False,0,2704,44,8,1900,2177,1.92,1.24,1.42
eswHQty9p4s,Tutor Sureshkumar,#Science for Technology || A/L || Chapter 1 .1 || தள உருவங்களின் பரப்பளவு,A/L Content,2021-06-02,17,1645,False,6,2372,123,18,1800,1911,5.94,1.24,1.32
YTgD7OJGXdE,Anu Maths,G.C.E. A/L Sri Lanka Combined Maths 2019 I (B) - Part 02 Past Paper Discussion Sinhala Medium,A/L Content,2020-09-18,4,1288,False,0,2683,34,5,1900,2168,1.45,1.24,1.41
0_FbisWr8Nc,Channel NIE,NIE Guru Gedara | A/L Combined Maths - Lesson 02 - Tamil Medium - 2020.04.28 - 05.00PM,A/L Content,2020-04-28,11,3304,False,7,2859,34,7,617000,2311,1.43,1.24,0.0
GMgCXcd_Cvw,Anura Sampath,ශ්‍රී ලංකාවේ විශ්ව විදයාල 10ක්.10 Universities in Sri Lanka 🏘️👩‍🎓 #srilanka #university #viral,General Education,2023-09-08,6,56,False,10,1315,34,0,980,1083,2.59,1.21,1.34
l9q2RH-sEdE,Online Panthiya,O/L 2016 Mathematics Past Paper Discussion Part 1-B (English Medium) | (o/l) | Ordinary  Level,O/L Content,2020-04-02,23,2202,False,0,2807,49,10,1850,2337,2.1,1.2,1.52
Eec7mLSqwtk,Anu Maths,G.C.E. A/L Sri Lanka Combined Maths 2019 II (B) - Part 03 Past Paper Discussion Sinhala Medium,A/L Content,2020-10-06,2,1204,False,0,2555,38,3,1900,2150,1.6,1.19,1.34
FOMiwEVnKfk,Muslim Majlis USJ,A/L Combined Maths | Session 1 | Past Paper Explanation - 2016 | English Medium,A/L Content,2021-07-20,0,8306,False,0,2210,51,8,4540,1863,2.67,1.19,0.49
pJvG0NyZBvw,Blooming Minds,අනුමාන ප්‍රශ්න | ලෝක මහා සංග්‍රාම | O/L History lessons -Part 3,O/L Content,2020-05-22,5,680,False,20,2678,97,16,1910,2287,4.22,1.17,1.4
z2yLHo_KiVM,Digital Accounting in Tamil,Free Webinar - Tamil Medium G.C.E A/L Commerce Students,A/L Content,2020-11-07,16,50,False,30,2382,80,6,36400,2118,3.61,1.12,0.07
oig5_-N6MsA,Anu Maths,G.C.E. A/L Sri Lanka Combined Maths 2017 I (B)-Part 04 Past Paper Discussion Sinhala Medium,A/L Content,2020-08-18,1,771,False,0,2460,31,5,1900,2199,1.46,1.12,1.29
9HhHkLSIUbk,SHARK ENTERTAINMENT,2015 O/L Maths Exam past paper|Tamil medium|#maths #mathshorts #grade11 #tamil #trending #education,O/L Content,2023-04-20,11,28,False,0,1367,0,1,917,1224,0.07,1.12,1.49
87_agVyPpDw,Channel NIE,NIE Guru Gedara | A/L Combined Maths - Lesson 12 - Tamil Medium - 2020.05.19 - 18.00 p.m,A/L Content,2020-05-19,14,3506,False,8,2547,44,3,617000,2290,1.85,1.11,0.0
FBdHlnX8Rmw,Anu Maths,G.C.E. A/L Sri Lanka Combined Maths 2019 II (B) -Part 05 Past Paper Discussion Sinhala Medium,A/L Content,2020-10-06,3,1366,False,0,2295,31,3,1900,2150,1.48,1.07,1.21
FRwjoe7qZIQ,Maths Easy,G.C.E O/L Maths Past Paper 2011- Paper 1- Sinhala Lessons,O/L Content,2021-04-08,12,777,False,13,2112,29,3,503,1966,1.52,1.07,4.2
6cTqZA3ATSA,Anu Maths,G.C.E. A/L Sri Lanka Combined Maths 2019 I (B) - Part 03 Past Paper Discussion Sinhala Medium,A/L Content,2020-09-18,4,2160,False,0,2296,26,5,1900,2168,1.35,1.06,1.21
N5cpOdCOl3Q,Jude Kathurusingha,ICT O/L  අන්තිම මොහොතේ සැලැස්ම  | Last moment Plan,O/L Content,2021-01-25,15,431,False,26,2142,103,15,73600,2039,5.51,1.05,0.03
0uKAohW8a-w,Anu Maths,G.C.E A/L Sri Lanka Combined Maths 2019 II (B) - Part 06 Past Paper Discussion Sinhala Medium,A/L Content,2020-10-06,4,1186,False,0,2227,22,1,1900,2150,1.03,1.04,1.17
KhpfhTUOHlo,Anu Maths,G.C.E. A/L Sri Lanka Combined Maths 2018 I (B) - Part 05 Past Paper Discussion Sinhala Medium,A/L Content,2020-12-01,1,1053,False,0,2097,30,1,1900,2094,1.48,1.0,1.1
vPmdMwZISiM,Anu Maths,G.C.E. A/L Sri Lanka Combined Maths 2019 I (B) - Part 04 Past Paper Discussion Sinhala Medium,A/L Content,2020-09-18,4,1528,False,0,1915,25,5,1900,2168,1.57,0.88,1.01
GR4jNLHYeSA,Anu Maths,G.C.E. A/L Sri Lanka Combined Maths 2019 I (B) - Part 06 Past Paper Discussion Sinhala Medium,A/L Content,2020-09-18,4,1250,False,0,1905,42,6,1900,2168,2.52,0.88,1.0
xL5TSqSGIYI,Anu Maths,G.C.E. A/L Sri Lanka Combined Maths 2017 I (B)-Part 07 Past Paper Discussion Sinhala Medium,A/L Content,2020-08-18,1,657,False,0,1946,28,7,1900,2199,1.8,0.88,1.02
hjnAM55NKpw,ICT With Harsha Madusanka,O/L ICT Paper Structure(සා/පෙළ ICT ප්‍රශ්න පත්‍රයේ ව්‍යුහය),O/L Content,2021-09-03,15,952,False,5,1517,63,7,43,1818,4.61,0.83,35.28
EJPJJU7pZuQ,Expert Tutor,Sri Lanka GCE A/L Physics | Mechanics MCQs Revision | Tutorial 3 | Part 3 | Tamil | Expert Tutor,A/L Content,2022-03-22,18,884,False,0,1295,11,0,40900,1618,0.85,0.8,0.03
KW5OiH-4-l8,Sameera Widanagedara Education,Grad 10 History Sinhala medium - Sri Lanka - O/L 2021 Complete,O/L Content,2021-02-25,8,61,False,16,1580,47,11,110000,2008,3.67,0.79,0.01
DlYN4QGckys,Anu Maths,G.C.E. A/L Sri Lanka Combined Maths 2019 I (B) - Part 05 Past Paper Discussion Sinhala Medium,A/L Content,2020-09-18,4,1211,False,0,1696,23,6,1900,2168,1.71,0.78,0.89
PmOxgCGskvo,Kasun Ranasinghe ,2017 O/L Trigonometry  Past paper discussion,O/L Content,2021-12-12,1,479,False,0,1299,54,5,387,1718,4.54,0.76,3.36
SD9H7BHSavA,Mathematics Online Help,Sri Lankan GCE Ordinary Level 2015 Mathematics Trigonometry Exam Past Paper Explanation,O/L Content,2016-12-30,12,1714,False,46,2541,56,12,785,3526,2.68,0.72,3.24
CYjYZGzeUgg,T.M. Shimark (ARC Ship Management - Srilanka),Graph | Part II | GCE O/L Mathematics | Theory | Past Papers 2015 to 2020 | Prasthara,O/L Content,2021-09-05,4,3509,False,0,1113,24,3,157,1816,2.43,0.61,7.09
MYnVQDUCEcM,SERENDiB COLLEGE,GCE OL Past Paper Discussions 2019 SCIENCE 4,O/L Content,2021-06-23,19,1042,False,11,1068,25,3,2380,1890,2.62,0.57,0.45
c_HvKXnF1R8,Learn Maths & Science,2016 O/L Maths Past Paper || 2nd Part 7 Questions.....,O/L Content,2020-12-12,9,545,False,25,1157,36,7,3550,2083,3.72,0.56,0.33
SLduczdnrB0,Sanjaya,History - G. C. S. E. (O/L),O/L Content,2012-04-06,8,60,False,2,1801,1,0,475,5255,0.06,0.34,3.79
mmM5R4iDa58,RICHMONDRALA2008,Career Guidance Seminar 2012 for A/L Commerce Students,A/L Content,2012-10-05,17,3173,False,21,1688,1,0,3,5073,0.06,0.33,562.67
